latitude,longitude,brightness,scan,track,acq_date,acq_time,satellite,instrument,confidence,version,bright_t31,frp,daynight
29.19939,76.82061,338.35,0.6,0.53,2026-06-01,0835,N20,VIIRS,n,2.0NRT,295.84,6.04,D
29.91864,75.18349,348.42,0.49,0.49,2026-06-01,0835,N20,VIIRS,n,2.0NRT,304.05,5.21,D
29.81462,76.87286,335.94,0.62,0.54,2026-06-01,0835,N20,VIIRS,n,2.0NRT,296.15,3.3,D
29.6271,75.20136,337.29,0.49,0.48,2026-06-01,0835,N20,VIIRS,n,2.0NRT,302.23,4.15,D
29.19724,76.82328,331.21,0.6,0.53,2026-06-01,0835,N20,VIIRS,n,2.0NRT,295.8,2.55,D
32.37313,74.60892,344.08,0.48,0.48,2026-06-01,0837,N20,VIIRS,n,2.0NRT,301.8,4.46,D
32.09583,74.72647,344.62,0.49,0.48,2026-06-01,0837,N20,VIIRS,n,2.0NRT,304.44,7.38,D
32.09155,74.54517,342.54,0.48,0.48,2026-06-01,0837,N20,VIIRS,n,2.0NRT,299.26,2.65,D
32.09418,74.72916,348.22,0.49,0.49,2026-06-01,0837,N20,VIIRS,n,2.0NRT,304.87,11.3,D
32.09062,74.54237,343.13,0.48,0.48,2026-06-01,0837,N20,VIIRS,n,2.0NRT,299.22,3.62,D
30.00096,73.55498,345.74,0.4,0.44,2026-06-01,0837,N20,VIIRS,n,2.0NRT,308.08,7.77,D
30.31368,74.4059,340.78,0.45,0.47,2026-06-01,0837,N20,VIIRS,n,2.0NRT,305.89,8.58,D
30.55485,73.96239,331.73,0.42,0.46,2026-06-01,0837,N20,VIIRS,l,2.0NRT,301.89,2.86,D
30.59999,73.98781,331.82,0.43,0.46,2026-06-01,0837,N20,VIIRS,l,2.0NRT,302.21,2.29,D
30.61184,73.82091,351.19,0.42,0.45,2026-06-01,0837,N20,VIIRS,n,2.0NRT,299.45,9.24,D
30.76715,75.24268,342.26,0.51,0.49,2026-06-01,0837,N20,VIIRS,n,2.0NRT,301.73,5.39,D
30.76823,75.24063,343.07,0.51,0.49,2026-06-01,0837,N20,VIIRS,n,2.0NRT,301.07,4.57,D
30.6229,73.54694,336.52,0.4,0.44,2026-06-01,0837,N20,VIIRS,n,2.0NRT,300.34,1.5,D
30.64859,73.75123,332.76,0.41,0.45,2026-06-01,0837,N20,VIIRS,n,2.0NRT,300.4,2.16,D
30.63565,73.51102,330.56,0.4,0.44,2026-06-01,0837,N20,VIIRS,l,2.0NRT,302.93,1.59,D
30.65149,73.62025,339.79,0.41,0.45,2026-06-01,0837,N20,VIIRS,n,2.0NRT,300.63,2.44,D
30.6984,74.02609,346.76,0.43,0.46,2026-06-01,0837,N20,VIIRS,n,2.0NRT,301,7.23,D
30.71806,74.0508,341.13,0.43,0.46,2026-06-01,0837,N20,VIIRS,n,2.0NRT,301.78,3.86,D
30.71759,74.0463,335.06,0.43,0.46,2026-06-01,0837,N20,VIIRS,n,2.0NRT,299.47,3.86,D
30.71546,73.82592,339.43,0.42,0.45,2026-06-01,0837,N20,VIIRS,n,2.0NRT,300.5,3.09,D
30.76849,73.71355,331.98,0.41,0.45,2026-06-01,0837,N20,VIIRS,n,2.0NRT,298.55,2.02,D
30.78181,73.7601,334.08,0.42,0.45,2026-06-01,0837,N20,VIIRS,n,2.0NRT,300.16,2.55,D
30.78596,73.75954,331.45,0.42,0.45,2026-06-01,0837,N20,VIIRS,n,2.0NRT,300.2,2.29,D
30.82179,73.97863,333.98,0.43,0.46,2026-06-01,0837,N20,VIIRS,n,2.0NRT,298.95,1.21,D
30.87916,74.11979,341.06,0.44,0.46,2026-06-01,0837,N20,VIIRS,n,2.0NRT,302.99,13.53,D
30.98919,74.19523,332.49,0.44,0.46,2026-06-01,0837,N20,VIIRS,n,2.0NRT,301.33,1.75,D
30.96099,73.91251,352.32,0.43,0.46,2026-06-01,0837,N20,VIIRS,n,2.0NRT,301.8,12.69,D
31.02422,74.24253,335.44,0.45,0.47,2026-06-01,0837,N20,VIIRS,n,2.0NRT,300.71,4.2,D
31.01552,73.51138,340.94,0.41,0.45,2026-06-01,0837,N20,VIIRS,n,2.0NRT,300.45,1.34,D
31.01466,73.5117,341.42,0.41,0.45,2026-06-01,0837,N20,VIIRS,n,2.0NRT,301.09,1.85,D
31.03995,73.59504,334.15,0.41,0.45,2026-06-01,0837,N20,VIIRS,n,2.0NRT,303.39,1.98,D
31.31013,75.74374,341.95,0.55,0.51,2026-06-01,0837,N20,VIIRS,n,2.0NRT,302.87,20.2,D
31.23959,74.52759,336.26,0.47,0.47,2026-06-01,0837,N20,VIIRS,n,2.0NRT,304.96,4.36,D
31.24379,73.63776,345.45,0.41,0.45,2026-06-01,0837,N20,VIIRS,n,2.0NRT,305.79,5.09,D
31.24564,73.63454,341.12,0.41,0.45,2026-06-01,0837,N20,VIIRS,n,2.0NRT,303.75,4.18,D
31.85105,76.80291,367,0.32,0.55,2026-06-01,0837,N20,VIIRS,h,2.0NRT,296.76,5.25,D
31.85079,76.79979,331.74,0.32,0.55,2026-06-01,0837,N20,VIIRS,n,2.0NRT,298.63,5.25,D
31.85015,76.80345,340.89,0.32,0.55,2026-06-01,0837,N20,VIIRS,n,2.0NRT,295.35,6.26,D
31.84991,76.80033,355.77,0.32,0.55,2026-06-01,0837,N20,VIIRS,n,2.0NRT,299.38,8.63,D
31.88128,74.53847,343.07,0.47,0.48,2026-06-01,0837,N20,VIIRS,n,2.0NRT,300.85,4.62,D
31.8663,74.37917,348.31,0.46,0.47,2026-06-01,0837,N20,VIIRS,n,2.0NRT,303.06,8.3,D
31.88239,74.50276,333.55,0.47,0.48,2026-06-01,0837,N20,VIIRS,n,2.0NRT,299.85,3.17,D
31.87972,74.42744,339.14,0.47,0.48,2026-06-01,0837,N20,VIIRS,n,2.0NRT,302.05,3.67,D
31.85032,74.12151,332.92,0.45,0.47,2026-06-01,0837,N20,VIIRS,n,2.0NRT,298.62,3.75,D
31.90008,74.45499,342.37,0.47,0.48,2026-06-01,0837,N20,VIIRS,n,2.0NRT,299.41,4.77,D
31.89818,74.4351,336.27,0.47,0.48,2026-06-01,0837,N20,VIIRS,n,2.0NRT,302.14,3.04,D
31.92183,74.58951,334.16,0.48,0.48,2026-06-01,0837,N20,VIIRS,n,2.0NRT,301.92,2.15,D
31.9094,74.41357,338.82,0.47,0.47,2026-06-01,0837,N20,VIIRS,n,2.0NRT,301.89,5.32,D
31.93858,74.4854,338.16,0.47,0.48,2026-06-01,0837,N20,VIIRS,n,2.0NRT,302.27,3.4,D
31.92496,74.34666,333.95,0.46,0.47,2026-06-01,0837,N20,VIIRS,n,2.0NRT,297.73,3.63,D
31.92448,74.34174,346.5,0.46,0.47,2026-06-01,0837,N20,VIIRS,n,2.0NRT,295.94,3.63,D
31.92884,74.34118,330.53,0.46,0.47,2026-06-01,0837,N20,VIIRS,n,2.0NRT,297.29,3.63,D
31.95566,74.47815,343.89,0.47,0.48,2026-06-01,0837,N20,VIIRS,n,2.0NRT,302.26,9.2,D
31.97083,74.44863,332.74,0.47,0.48,2026-06-01,0837,N20,VIIRS,n,2.0NRT,300.87,2.83,D
31.98712,74.5278,335.52,0.47,0.48,2026-06-01,0837,N20,VIIRS,n,2.0NRT,303.61,3,D
32.00985,74.62773,346.15,0.48,0.48,2026-06-01,0837,N20,VIIRS,n,2.0NRT,302.98,6.4,D
32.00999,74.58126,336.45,0.48,0.48,2026-06-01,0837,N20,VIIRS,n,2.0NRT,303.28,4.48,D
32.09785,75.18703,333.27,0.52,0.5,2026-06-01,0837,N20,VIIRS,n,2.0NRT,298.87,4.26,D
32.0473,74.64373,335.08,0.48,0.48,2026-06-01,0837,N20,VIIRS,n,2.0NRT,300.52,3.35,D
32.06014,74.59035,338.3,0.48,0.48,2026-06-01,0837,N20,VIIRS,n,2.0NRT,301.78,2.16,D
32.06902,74.6358,339.72,0.48,0.48,2026-06-01,0837,N20,VIIRS,n,2.0NRT,300.74,2.94,D
32.1091,75.00881,334.87,0.51,0.49,2026-06-01,0837,N20,VIIRS,n,2.0NRT,302.65,1.43,D
32.07094,74.56321,333.66,0.48,0.48,2026-06-01,0837,N20,VIIRS,n,2.0NRT,299.71,2.7,D
32.09633,74.73167,337.15,0.49,0.48,2026-06-01,0837,N20,VIIRS,n,2.0NRT,304.24,6.31,D
29.12475,75.77798,306.44,0.49,0.4,2026-06-01,2101,N20,VIIRS,n,2.0NRT,293.92,2.21,N
27.6698,76.12854,304.84,0.54,0.42,2026-06-01,2101,N20,VIIRS,n,2.0NRT,292.05,1.65,N
27.66709,76.13285,305.97,0.54,0.42,2026-06-01,2101,N20,VIIRS,n,2.0NRT,292.17,1.73,N
30.51853,77.19846,301.78,0.55,0.42,2026-06-01,2101,N20,VIIRS,n,2.0NRT,287.62,1.09,N
31.89869,75.15063,338.21,0.44,0.39,2026-06-02,0818,N20,VIIRS,l,2.0NRT,308.35,5.97,D
31.81255,74.4549,337.4,0.42,0.38,2026-06-02,0818,N20,VIIRS,n,2.0NRT,303.62,1.31,D
31.87374,74.41211,338.62,0.42,0.38,2026-06-02,0818,N20,VIIRS,n,2.0NRT,306.87,4.57,D
31.90018,74.42538,338.42,0.42,0.38,2026-06-02,0818,N20,VIIRS,n,2.0NRT,305.8,3.63,D
31.90277,74.42607,353.91,0.42,0.38,2026-06-02,0818,N20,VIIRS,n,2.0NRT,304.7,8.72,D
31.89056,74.33351,337.32,0.42,0.37,2026-06-02,0818,N20,VIIRS,n,2.0NRT,305.42,3.72,D
31.9353,74.62086,339.72,0.43,0.38,2026-06-02,0818,N20,VIIRS,n,2.0NRT,308.35,6.96,D
31.90718,74.35297,339.19,0.42,0.38,2026-06-02,0818,N20,VIIRS,n,2.0NRT,303.82,2.2,D
31.88952,74.16811,338.63,0.41,0.37,2026-06-02,0818,N20,VIIRS,n,2.0NRT,306.24,3.42,D
31.91104,74.30277,340.55,0.42,0.37,2026-06-02,0818,N20,VIIRS,n,2.0NRT,306.38,4.68,D
31.91046,74.29839,336.79,0.42,0.37,2026-06-02,0818,N20,VIIRS,n,2.0NRT,303.97,2.72,D
31.92091,74.35046,336.75,0.42,0.38,2026-06-02,0818,N20,VIIRS,n,2.0NRT,306.29,4.43,D
31.91789,74.30151,335.18,0.42,0.37,2026-06-02,0818,N20,VIIRS,l,2.0NRT,305.28,3.34,D
32.10052,75.61236,340.38,0.46,0.39,2026-06-02,0818,N20,VIIRS,n,2.0NRT,307.22,13,D
32.01403,74.84334,340.2,0.43,0.38,2026-06-02,0818,N20,VIIRS,n,2.0NRT,309.8,4.75,D
32.09583,75.31149,339.45,0.45,0.39,2026-06-02,0818,N20,VIIRS,n,2.0NRT,307.28,5.31,D
32.01279,74.64375,339.84,0.43,0.38,2026-06-02,0818,N20,VIIRS,n,2.0NRT,307.2,5.43,D
32.01256,74.58857,338.67,0.43,0.38,2026-06-02,0818,N20,VIIRS,n,2.0NRT,307.81,5.53,D
32.0054,74.53486,339.91,0.42,0.38,2026-06-02,0818,N20,VIIRS,n,2.0NRT,307.2,5.37,D
32.09608,75.19977,338.21,0.45,0.39,2026-06-02,0818,N20,VIIRS,n,2.0NRT,306.68,4.04,D
32.00826,74.52977,341.86,0.42,0.38,2026-06-02,0818,N20,VIIRS,n,2.0NRT,308.12,5.37,D
32.01908,74.50496,340.27,0.42,0.38,2026-06-02,0818,N20,VIIRS,n,2.0NRT,306.82,7.4,D
32.02153,74.50623,338.69,0.42,0.38,2026-06-02,0818,N20,VIIRS,n,2.0NRT,305.92,6.6,D
32.06118,74.78541,342.11,0.43,0.38,2026-06-02,0818,N20,VIIRS,n,2.0NRT,306.78,8.08,D
32.03606,74.59068,351.17,0.43,0.38,2026-06-02,0818,N20,VIIRS,n,2.0NRT,307.09,20.53,D
32.01507,74.42993,349.87,0.42,0.38,2026-06-02,0818,N20,VIIRS,n,2.0NRT,308.59,6.78,D
32.09814,75.04793,340.46,0.44,0.39,2026-06-02,0818,N20,VIIRS,n,2.0NRT,309.04,6.09,D
32.05004,74.6712,345.52,0.43,0.38,2026-06-02,0818,N20,VIIRS,n,2.0NRT,310.15,9.17,D
32.05059,74.64797,337.14,0.43,0.38,2026-06-02,0818,N20,VIIRS,n,2.0NRT,306.37,3.66,D
32.04123,74.57595,339.38,0.43,0.38,2026-06-02,0818,N20,VIIRS,n,2.0NRT,307.16,4.51,D
32.04469,74.57533,345.99,0.43,0.38,2026-06-02,0818,N20,VIIRS,n,2.0NRT,306.07,4.51,D
32.04868,74.55165,341.38,0.42,0.38,2026-06-02,0818,N20,VIIRS,n,2.0NRT,309.59,9.37,D
32.0481,74.54718,340.38,0.42,0.38,2026-06-02,0818,N20,VIIRS,n,2.0NRT,308.71,7.44,D
32.05801,74.59592,337.95,0.43,0.38,2026-06-02,0818,N20,VIIRS,n,2.0NRT,306.49,4.41,D
32.1006,74.73174,341.2,0.43,0.38,2026-06-02,0818,N20,VIIRS,n,2.0NRT,305.72,8.18,D
32.07043,74.50191,337.21,0.42,0.38,2026-06-02,0818,N20,VIIRS,l,2.0NRT,307.41,3.77,D
32.10408,74.73112,340.7,0.43,0.38,2026-06-02,0818,N20,VIIRS,n,2.0NRT,307.9,7.22,D
32.10349,74.72657,341.81,0.43,0.38,2026-06-02,0818,N20,VIIRS,n,2.0NRT,310.8,7.22,D
32.08689,74.59991,336.26,0.43,0.38,2026-06-02,0818,N20,VIIRS,n,2.0NRT,305.39,3,D
32.06975,74.47006,338.16,0.42,0.38,2026-06-02,0818,N20,VIIRS,n,2.0NRT,306.45,4.75,D
32.0673,74.42496,335.88,0.42,0.38,2026-06-02,0818,N20,VIIRS,l,2.0NRT,306.27,4.44,D
32.07881,74.43196,335.08,0.42,0.38,2026-06-02,0818,N20,VIIRS,l,2.0NRT,305.28,2.55,D
32.11413,74.61806,340.12,0.43,0.38,2026-06-02,0818,N20,VIIRS,n,2.0NRT,307.33,3.55,D
32.11843,74.54362,340.61,0.42,0.38,2026-06-02,0818,N20,VIIRS,n,2.0NRT,307.12,9.06,D
32.20928,74.54685,339.82,0.43,0.38,2026-06-02,0818,N20,VIIRS,n,2.0NRT,306.29,4.62,D
32.25874,74.73283,348.66,0.43,0.38,2026-06-02,0818,N20,VIIRS,n,2.0NRT,310.83,11.16,D
32.26223,74.73221,341.72,0.43,0.38,2026-06-02,0818,N20,VIIRS,n,2.0NRT,308.5,6.04,D
32.33565,74.73895,338.62,0.43,0.38,2026-06-02,0818,N20,VIIRS,n,2.0NRT,306.97,4.92,D
32.27268,74.05556,337.99,0.41,0.37,2026-06-02,0818,N20,VIIRS,n,2.0NRT,306.17,1.81,D
32.33072,74.40638,334.72,0.42,0.38,2026-06-02,0818,N20,VIIRS,l,2.0NRT,304.93,2.59,D
32.34631,74.45525,341.96,0.42,0.38,2026-06-02,0818,N20,VIIRS,n,2.0NRT,309.94,21.46,D
32.34977,74.45461,350.64,0.42,0.38,2026-06-02,0818,N20,VIIRS,n,2.0NRT,308.91,11.13,D
32.35323,74.45399,344.03,0.42,0.38,2026-06-02,0818,N20,VIIRS,n,2.0NRT,307.14,11.13,D
28.49007,77.48608,338.5,0.52,0.41,2026-06-02,0818,N20,VIIRS,n,2.0NRT,300.7,5.75,D
29.34592,76.92525,340.67,0.5,0.41,2026-06-02,0818,N20,VIIRS,n,2.0NRT,308.14,13.43,D
29.34531,76.92015,337.95,0.5,0.41,2026-06-02,0818,N20,VIIRS,n,2.0NRT,307.01,12.12,D
32.04932,74.58369,336.43,0.43,0.38,2026-06-02,0818,N20,VIIRS,n,2.0NRT,305.6,2.86,D
29.42109,76.2994,342.09,0.47,0.39,2026-06-02,0818,N20,VIIRS,n,2.0NRT,310.13,16.32,D
29.46403,75.54375,340.39,0.44,0.38,2026-06-02,0818,N20,VIIRS,n,2.0NRT,305.43,5.33,D
29.85823,75.80785,339.28,0.45,0.39,2026-06-02,0818,N20,VIIRS,n,2.0NRT,308.48,4.87,D
30.1337,76.10413,340.9,0.47,0.39,2026-06-02,0818,N20,VIIRS,l,2.0NRT,311.16,5.87,D
30.25116,76.21069,341.25,0.47,0.4,2026-06-02,0818,N20,VIIRS,n,2.0NRT,309.39,2.51,D
30.29159,76.4465,337.67,0.48,0.4,2026-06-02,0818,N20,VIIRS,l,2.0NRT,307.86,2.51,D
30.3089,76.01494,344.63,0.46,0.39,2026-06-02,0818,N20,VIIRS,n,2.0NRT,309.92,8.81,D
30.18207,74.50868,338.96,0.41,0.37,2026-06-02,0818,N20,VIIRS,l,2.0NRT,308.98,6.72,D
30.50306,76.56689,334.98,0.49,0.4,2026-06-02,0818,N20,VIIRS,l,2.0NRT,305.48,2.54,D
30.3316,75.18076,348.5,0.43,0.38,2026-06-02,0818,N20,VIIRS,n,2.0NRT,310.1,11.87,D
30.24817,74.12361,340.39,0.4,0.37,2026-06-02,0818,N20,VIIRS,l,2.0NRT,310.81,4.95,D
30.30733,74.50468,342.98,0.41,0.37,2026-06-02,0818,N20,VIIRS,l,2.0NRT,313.02,7.65,D
30.30675,74.50043,341.88,0.41,0.37,2026-06-02,0818,N20,VIIRS,l,2.0NRT,312.31,7.65,D
30.56017,76.21194,336.96,0.48,0.4,2026-06-02,0818,N20,VIIRS,l,2.0NRT,308.86,2.68,D
30.39994,74.11327,340.3,0.4,0.37,2026-06-02,0818,N20,VIIRS,n,2.0NRT,310.13,4.65,D
30.39203,73.71699,339.46,0.39,0.37,2026-06-02,0818,N20,VIIRS,n,2.0NRT,307.14,4.52,D
30.39448,73.71744,343.63,0.4,0.37,2026-06-02,0818,N20,VIIRS,n,2.0NRT,308.6,5.93,D
30.40275,73.70329,342.21,0.39,0.37,2026-06-02,0818,N20,VIIRS,n,2.0NRT,308.89,3.7,D
30.40218,73.6992,337.55,0.39,0.37,2026-06-02,0818,N20,VIIRS,l,2.0NRT,310.27,3.7,D
30.38539,73.58106,336.83,0.39,0.36,2026-06-02,0818,N20,VIIRS,n,2.0NRT,306.48,4.83,D
30.40609,73.70265,342.74,0.39,0.37,2026-06-02,0818,N20,VIIRS,n,2.0NRT,307.77,5.34,D
30.41929,73.675,345.91,0.39,0.37,2026-06-02,0818,N20,VIIRS,n,2.0NRT,309.88,18.01,D
30.42263,73.67437,343.25,0.39,0.37,2026-06-02,0818,N20,VIIRS,n,2.0NRT,309.18,5.86,D
30.46075,73.55834,339.28,0.39,0.36,2026-06-02,0818,N20,VIIRS,l,2.0NRT,310.14,17.58,D
30.57073,74.00574,340.56,0.4,0.37,2026-06-02,0818,N20,VIIRS,n,2.0NRT,310.3,11.53,D
30.57117,73.76382,331.77,0.4,0.37,2026-06-02,0818,N20,VIIRS,l,2.0NRT,306.25,1.84,D
30.58294,73.77425,341.12,0.4,0.37,2026-06-02,0818,N20,VIIRS,n,2.0NRT,306.83,5.36,D
30.57753,73.71204,338.33,0.4,0.37,2026-06-02,0818,N20,VIIRS,l,2.0NRT,308.59,2.85,D
30.57694,73.70793,332.36,0.4,0.37,2026-06-02,0818,N20,VIIRS,l,2.0NRT,307,2.85,D
30.64277,74.15099,344.13,0.4,0.37,2026-06-02,0818,N20,VIIRS,n,2.0NRT,313.03,6.74,D
30.57608,73.51099,338.43,0.39,0.36,2026-06-02,0818,N20,VIIRS,n,2.0NRT,308.79,3.95,D
30.66352,73.94254,335.45,0.4,0.37,2026-06-02,0818,N20,VIIRS,l,2.0NRT,309.18,3.45,D
30.62705,73.6825,333.58,0.4,0.37,2026-06-02,0818,N20,VIIRS,l,2.0NRT,308.09,3.97,D
30.66688,73.94191,344.46,0.4,0.37,2026-06-02,0818,N20,VIIRS,n,2.0NRT,309.82,3.45,D
30.67835,73.99956,335.56,0.4,0.37,2026-06-02,0818,N20,VIIRS,n,2.0NRT,304.25,1.92,D
30.64185,73.73874,340.38,0.4,0.37,2026-06-02,0818,N20,VIIRS,l,2.0NRT,311.57,10.29,D
30.71338,74.17787,343.54,0.41,0.37,2026-06-02,0818,N20,VIIRS,l,2.0NRT,314.39,9.67,D
30.65928,73.76501,347.46,0.4,0.37,2026-06-02,0818,N20,VIIRS,n,2.0NRT,307.13,6.77,D
30.69451,73.86861,340.45,0.4,0.37,2026-06-02,0818,N20,VIIRS,l,2.0NRT,310.47,8.98,D
30.69494,73.84728,337.33,0.4,0.37,2026-06-02,0818,N20,VIIRS,l,2.0NRT,307.93,2.65,D
30.66723,73.53205,338.59,0.39,0.36,2026-06-02,0818,N20,VIIRS,l,2.0NRT,311.39,3.49,D
30.69716,73.6692,345.1,0.4,0.37,2026-06-02,0818,N20,VIIRS,n,2.0NRT,307.99,8.18,D
30.68446,73.53294,348.7,0.39,0.36,2026-06-02,0818,N20,VIIRS,n,2.0NRT,310.93,5.5,D
30.74238,73.91499,334.16,0.4,0.37,2026-06-02,0818,N20,VIIRS,l,2.0NRT,305.78,2.41,D
30.74632,73.91852,336,0.4,0.37,2026-06-02,0818,N20,VIIRS,l,2.0NRT,306.68,2.41,D
31.00738,75.8246,339.95,0.46,0.39,2026-06-02,0818,N20,VIIRS,n,2.0NRT,307.03,6.03,D
30.75495,73.87067,332.5,0.4,0.37,2026-06-02,0818,N20,VIIRS,l,2.0NRT,305.79,1.36,D
30.78191,74.01521,335.25,0.4,0.37,2026-06-02,0818,N20,VIIRS,l,2.0NRT,307.28,5.33,D
30.83036,74.16566,340.85,0.41,0.37,2026-06-02,0818,N20,VIIRS,n,2.0NRT,309.86,2.62,D
31.06728,75.71633,338.68,0.46,0.39,2026-06-02,0818,N20,VIIRS,n,2.0NRT,306.93,3.73,D
30.86946,74.19748,335.47,0.41,0.37,2026-06-02,0818,N20,VIIRS,l,2.0NRT,307.27,2.99,D
30.82231,73.81119,339.44,0.4,0.37,2026-06-02,0818,N20,VIIRS,n,2.0NRT,309.18,3.34,D
30.83983,73.83768,338.96,0.4,0.37,2026-06-02,0818,N20,VIIRS,n,2.0NRT,307.74,2.27,D
30.88396,74.01885,343.35,0.4,0.37,2026-06-02,0818,N20,VIIRS,n,2.0NRT,310.3,10.03,D
30.81502,73.52618,338.83,0.39,0.36,2026-06-02,0818,N20,VIIRS,l,2.0NRT,308.94,2.5,D
30.88733,74.01822,341.45,0.4,0.37,2026-06-02,0818,N20,VIIRS,n,2.0NRT,306.98,10.03,D
31.11302,75.56993,340.93,0.45,0.39,2026-06-02,0818,N20,VIIRS,l,2.0NRT,311.77,8,D
30.92803,74.06236,338.3,0.4,0.37,2026-06-02,0818,N20,VIIRS,l,2.0NRT,308.43,4.91,D
31.35089,77.37639,331.24,0.55,0.43,2026-06-02,0818,N20,VIIRS,n,2.0NRT,297.95,2.52,D
30.9545,74.17873,337.33,0.41,0.37,2026-06-02,0818,N20,VIIRS,l,2.0NRT,307.74,2.14,D
31.10763,75.13448,340.55,0.44,0.38,2026-06-02,0818,N20,VIIRS,l,2.0NRT,312.9,5.62,D
31.25126,76.23567,333.82,0.48,0.4,2026-06-02,0818,N20,VIIRS,l,2.0NRT,305.01,2.81,D
31.04423,74.27213,343.15,0.41,0.37,2026-06-02,0818,N20,VIIRS,l,2.0NRT,314.62,6.99,D
31.36195,75.71702,338.12,0.46,0.39,2026-06-02,0818,N20,VIIRS,n,2.0NRT,306.84,7.58,D
31.3762,75.28988,339.16,0.44,0.39,2026-06-02,0818,N20,VIIRS,l,2.0NRT,309.47,6.02,D
31.18869,73.82178,349.4,0.4,0.37,2026-06-02,0818,N20,VIIRS,n,2.0NRT,310.66,10.8,D
31.52308,76.24557,338.47,0.49,0.4,2026-06-02,0818,N20,VIIRS,n,2.0NRT,307.78,5.48,D
31.40835,74.59126,340.75,0.42,0.38,2026-06-02,0818,N20,VIIRS,n,2.0NRT,310.58,4.54,D
31.34051,74.0105,340.87,0.41,0.37,2026-06-02,0818,N20,VIIRS,n,2.0NRT,309.2,7.3,D
31.62931,73.79765,344.71,0.4,0.37,2026-06-02,0818,N20,VIIRS,n,2.0NRT,308.44,5.16,D
31.73511,74.4223,337.35,0.42,0.38,2026-06-02,0818,N20,VIIRS,n,2.0NRT,305.25,3.78,D
31.79605,74.58807,342.89,0.42,0.38,2026-06-02,0818,N20,VIIRS,n,2.0NRT,309.49,7.37,D
31.26359,77.36919,306.73,0.39,0.36,2026-06-02,2042,N20,VIIRS,n,2.0NRT,288.21,0.71,N
31.32883,76.89616,307.31,0.38,0.36,2026-06-02,2042,N20,VIIRS,n,2.0NRT,292.34,1.03,N
30.93399,76.91525,305.69,0.38,0.36,2026-06-02,2042,N20,VIIRS,n,2.0NRT,292.3,0.68,N
30.90958,76.79082,303.94,0.38,0.36,2026-06-02,2042,N20,VIIRS,n,2.0NRT,293.13,0.35,N
30.84646,75.92138,306.84,0.39,0.36,2026-06-02,2042,N20,VIIRS,n,2.0NRT,295.75,1.08,N
29.65078,77.09993,320.45,0.39,0.36,2026-06-02,2042,N20,VIIRS,n,2.0NRT,293,1.07,N
29.64749,77.09923,306.41,0.39,0.36,2026-06-02,2042,N20,VIIRS,n,2.0NRT,292.91,0.75,N
28.85233,77.14497,305.33,0.39,0.36,2026-06-02,2042,N20,VIIRS,n,2.0NRT,294.18,0.6,N
28.79601,77.07359,319.73,0.39,0.36,2026-06-02,2042,N20,VIIRS,n,2.0NRT,296.96,2.32,N
28.74451,76.92928,305.36,0.39,0.36,2026-06-02,2042,N20,VIIRS,n,2.0NRT,295,1.08,N
31.72706,76.81098,310.6,0.38,0.36,2026-06-02,2042,N20,VIIRS,n,2.0NRT,290.62,1.07,N
27.66721,76.13132,315.49,0.38,0.36,2026-06-02,2044,N20,VIIRS,n,2.0NRT,296.96,2.55,N
32.06824,74.63264,341.37,0.41,0.37,2026-06-03,0758,N20,VIIRS,l,2.0NRT,313.48,2.23,D
31.27087,77.28134,334.79,0.39,0.36,2026-06-03,0801,N20,VIIRS,n,2.0NRT,303.61,4.33,D
30.54029,77.01639,335.09,0.38,0.36,2026-06-03,0801,N20,VIIRS,l,2.0NRT,308.25,2.49,D
30.54358,77.01572,347.19,0.38,0.36,2026-06-03,0801,N20,VIIRS,n,2.0NRT,308.18,4.45,D
30.91802,76.99424,331.38,0.38,0.36,2026-06-03,0801,N20,VIIRS,n,2.0NRT,298.81,3.4,D
30.92191,76.99755,333.69,0.38,0.36,2026-06-03,0801,N20,VIIRS,n,2.0NRT,298.58,3.61,D
30.9213,76.99358,336.15,0.38,0.36,2026-06-03,0801,N20,VIIRS,n,2.0NRT,300.44,3.61,D
30.41399,73.60155,350.74,0.46,0.39,2026-06-03,0801,N20,VIIRS,l,2.0NRT,314.78,35.53,D
30.74561,73.7013,334.56,0.45,0.39,2026-06-03,0801,N20,VIIRS,l,2.0NRT,307.67,4.62,D
31.43607,76.71211,336.67,0.38,0.36,2026-06-03,0801,N20,VIIRS,n,2.0NRT,305.68,2.61,D
31.62,76.62442,336.07,0.38,0.36,2026-06-03,0801,N20,VIIRS,n,2.0NRT,303.93,4.07,D
31.808,74.10224,338.66,0.42,0.38,2026-06-03,0801,N20,VIIRS,l,2.0NRT,308.82,2.13,D
31.85711,74.2653,347.82,0.42,0.37,2026-06-03,0801,N20,VIIRS,n,2.0NRT,310.16,7.49,D
31.49016,76.3785,309.05,0.56,0.43,2026-06-03,2021,N20,VIIRS,n,2.0NRT,293.67,2.33,N
31.25915,76.92437,301.35,0.52,0.41,2026-06-03,2021,N20,VIIRS,n,2.0NRT,290.04,1.03,N
32.33897,76.85807,296.42,0.54,0.42,2026-06-03,2021,N20,VIIRS,n,2.0NRT,280.81,1.34,N
32.29731,74.31475,307.33,0.49,0.49,2026-06-03,2021,N20,VIIRS,n,2.0NRT,295.74,1.59,N
31.8894,76.33198,304.77,0.56,0.43,2026-06-03,2021,N20,VIIRS,n,2.0NRT,291.55,0.89,N
28.23835,76.67519,312.06,0.49,0.41,2026-06-03,2023,N20,VIIRS,n,2.0NRT,296.68,1.47,N
28.23687,76.67271,309.03,0.49,0.41,2026-06-03,2023,N20,VIIRS,n,2.0NRT,296.6,1.98,N
28.13248,76.89841,313.17,0.48,0.4,2026-06-03,2023,N20,VIIRS,n,2.0NRT,297.41,2.33,N
28.42868,76.99776,325.82,0.48,0.4,2026-06-03,2023,N20,VIIRS,n,2.0NRT,298.14,2.61,N
28.27784,77.27457,306.57,0.46,0.39,2026-06-03,2023,N20,VIIRS,n,2.0NRT,296.19,0.52,N
28.27492,77.18201,307.97,0.47,0.4,2026-06-03,2023,N20,VIIRS,n,2.0NRT,295.93,0.57,N
30.14237,76.57793,338.15,0.56,0.43,2026-06-04,0739,N20,VIIRS,l,2.0NRT,309.49,7.7,D
30.14128,76.57227,338.04,0.56,0.43,2026-06-04,0739,N20,VIIRS,l,2.0NRT,309.08,9.84,D
30.13816,76.57603,338.5,0.56,0.43,2026-06-04,0739,N20,VIIRS,l,2.0NRT,309.72,7.83,D
30.14202,76.57504,336.57,0.56,0.43,2026-06-04,0739,N20,VIIRS,l,2.0NRT,309.44,4.57,D
30.14089,76.56939,335.92,0.56,0.43,2026-06-04,0739,N20,VIIRS,l,2.0NRT,308.12,4.57,D
30.46742,76.64049,338.12,0.55,0.42,2026-06-04,0739,N20,VIIRS,l,2.0NRT,308.71,3.76,D
29.95314,74.06593,337.23,0.51,0.5,2026-06-04,0739,N20,VIIRS,n,2.0NRT,298.32,3.61,D
29.9499,74.06512,338.25,0.51,0.5,2026-06-04,0739,N20,VIIRS,n,2.0NRT,298.13,3.78,D
30.64315,76.45551,344.5,0.55,0.43,2026-06-04,0739,N20,VIIRS,n,2.0NRT,310.64,6.84,D
30.65801,76.42777,338.09,0.55,0.43,2026-06-04,0739,N20,VIIRS,l,2.0NRT,308.71,3.09,D
30.60754,76.16834,335.14,0.57,0.43,2026-06-04,0739,N20,VIIRS,l,2.0NRT,307.34,4.33,D
30.65811,76.42533,338.4,0.55,0.43,2026-06-04,0739,N20,VIIRS,l,2.0NRT,308.53,2.84,D
30.6061,76.16649,334.86,0.57,0.43,2026-06-04,0739,N20,VIIRS,l,2.0NRT,307.95,6.44,D
30.5352,75.10128,340.18,0.44,0.46,2026-06-04,0739,N20,VIIRS,n,2.0NRT,308.19,4.04,D
30.44473,74.54507,342.81,0.47,0.48,2026-06-04,0739,N20,VIIRS,n,2.0NRT,307.11,9.75,D
30.35956,73.57522,337.9,0.54,0.51,2026-06-04,0739,N20,VIIRS,n,2.0NRT,299.11,6.05,D
30.9026,76.0131,334.48,0.38,0.44,2026-06-04,0739,N20,VIIRS,l,2.0NRT,305.53,1.84,D
30.46679,73.73623,337.68,0.52,0.5,2026-06-04,0739,N20,VIIRS,n,2.0NRT,300.87,3.18,D
30.50049,73.73769,332.43,0.52,0.5,2026-06-04,0739,N20,VIIRS,n,2.0NRT,300.72,2.29,D
30.5896,73.89946,349.65,0.51,0.49,2026-06-04,0739,N20,VIIRS,n,2.0NRT,300.75,7.81,D
30.55408,73.56634,342.19,0.53,0.5,2026-06-04,0739,N20,VIIRS,n,2.0NRT,300.23,5.05,D
30.6272,73.87753,337.46,0.51,0.49,2026-06-04,0739,N20,VIIRS,n,2.0NRT,300.23,4.15,D
30.59359,73.68049,345.66,0.52,0.5,2026-06-04,0739,N20,VIIRS,n,2.0NRT,299.09,9.97,D
30.66565,73.74951,331.26,0.52,0.5,2026-06-04,0739,N20,VIIRS,n,2.0NRT,300.25,1.33,D
30.74268,74.03058,333.22,0.5,0.49,2026-06-04,0739,N20,VIIRS,n,2.0NRT,300.34,3.84,D
31.19049,76.15423,338.12,0.56,0.43,2026-06-04,0739,N20,VIIRS,n,2.0NRT,306.97,3.55,D
30.6883,73.76148,341.29,0.52,0.5,2026-06-04,0739,N20,VIIRS,n,2.0NRT,302.01,7.9,D
30.73136,73.91464,351.49,0.51,0.49,2026-06-04,0739,N20,VIIRS,n,2.0NRT,304.1,22.67,D
31.189,75.8991,349.14,0.39,0.44,2026-06-04,0739,N20,VIIRS,n,2.0NRT,309.41,4.77,D
30.76076,73.76814,338.92,0.51,0.5,2026-06-04,0739,N20,VIIRS,n,2.0NRT,302.96,3.67,D
30.76287,73.73405,352.61,0.52,0.5,2026-06-04,0739,N20,VIIRS,n,2.0NRT,303.98,12.95,D
30.76194,73.76601,338.4,0.51,0.5,2026-06-04,0739,N20,VIIRS,n,2.0NRT,302.92,4.25,D
30.7594,73.73332,340.34,0.52,0.5,2026-06-04,0739,N20,VIIRS,n,2.0NRT,300.85,3.69,D
30.76385,73.73202,345.33,0.52,0.5,2026-06-04,0739,N20,VIIRS,n,2.0NRT,302.54,6.48,D
30.79981,73.76611,351.51,0.51,0.5,2026-06-04,0739,N20,VIIRS,n,2.0NRT,304.33,11.47,D
30.84043,73.90828,345.31,0.5,0.49,2026-06-04,0739,N20,VIIRS,n,2.0NRT,301.17,9.27,D
30.96617,74.34176,331.67,0.47,0.48,2026-06-04,0739,N20,VIIRS,n,2.0NRT,298.7,1.94,D
30.88113,73.88005,331.36,0.5,0.49,2026-06-04,0739,N20,VIIRS,l,2.0NRT,301.59,3.82,D
30.95194,74.05882,335.82,0.49,0.49,2026-06-04,0739,N20,VIIRS,n,2.0NRT,299.93,5.08,D
30.9505,74.05655,337.63,0.49,0.49,2026-06-04,0739,N20,VIIRS,n,2.0NRT,300.46,4.03,D
31.38724,76.03767,334.1,0.56,0.43,2026-06-04,0739,N20,VIIRS,l,2.0NRT,307.14,4.19,D
31.39112,76.03663,336.77,0.56,0.43,2026-06-04,0739,N20,VIIRS,l,2.0NRT,308.23,4.19,D
31.49706,76.49225,336.22,0.53,0.42,2026-06-04,0739,N20,VIIRS,n,2.0NRT,304.59,5.07,D
31.39232,75.77402,342.11,0.39,0.44,2026-06-04,0739,N20,VIIRS,n,2.0NRT,306.41,2.76,D
31.41855,75.80988,333.86,0.39,0.44,2026-06-04,0739,N20,VIIRS,l,2.0NRT,307.71,1.4,D
31.62313,76.24525,330.89,0.55,0.42,2026-06-04,0739,N20,VIIRS,l,2.0NRT,305.66,2.59,D
31.09823,73.55404,330.94,0.52,0.5,2026-06-04,0739,N20,VIIRS,n,2.0NRT,299.91,2.55,D
31.12459,73.63061,334.92,0.51,0.5,2026-06-04,0739,N20,VIIRS,n,2.0NRT,298.77,1.85,D
31.66479,76.18488,338.28,0.55,0.43,2026-06-04,0739,N20,VIIRS,n,2.0NRT,305.09,5.45,D
31.83661,76.99551,341.95,0.5,0.41,2026-06-04,0739,N20,VIIRS,n,2.0NRT,305.38,7.57,D
31.38667,74.33106,330.2,0.46,0.47,2026-06-04,0739,N20,VIIRS,l,2.0NRT,300.68,1.32,D
31.66127,75.03208,336.27,0.42,0.45,2026-06-04,0739,N20,VIIRS,n,2.0NRT,302.3,4.86,D
31.66038,75.02776,341.79,0.42,0.45,2026-06-04,0739,N20,VIIRS,n,2.0NRT,303.2,4.67,D
31.72571,74.26466,339.27,0.46,0.47,2026-06-04,0739,N20,VIIRS,n,2.0NRT,304.28,2.6,D
31.83651,74.41408,334.51,0.45,0.47,2026-06-04,0739,N20,VIIRS,l,2.0NRT,304.66,3.72,D
31.81266,74.30213,337.14,0.46,0.47,2026-06-04,0739,N20,VIIRS,n,2.0NRT,304.99,2.16,D
31.81688,74.3009,331.21,0.46,0.47,2026-06-04,0739,N20,VIIRS,l,2.0NRT,302.27,1.13,D
31.86467,74.48415,336.65,0.44,0.46,2026-06-04,0739,N20,VIIRS,n,2.0NRT,305.18,3.46,D
31.86068,74.40214,342.72,0.45,0.47,2026-06-04,0739,N20,VIIRS,n,2.0NRT,306.55,4.37,D
31.87071,74.42869,342.62,0.45,0.47,2026-06-04,0739,N20,VIIRS,n,2.0NRT,303.8,5.51,D
31.86974,74.42406,334.61,0.45,0.47,2026-06-04,0739,N20,VIIRS,l,2.0NRT,306.06,6.47,D
31.94562,74.7664,349.99,0.43,0.46,2026-06-04,0739,N20,VIIRS,n,2.0NRT,304.29,5.3,D
31.9447,74.76197,340.3,0.43,0.46,2026-06-04,0739,N20,VIIRS,n,2.0NRT,302.73,5.3,D
31.81946,74.14384,344.11,0.47,0.47,2026-06-04,0739,N20,VIIRS,n,2.0NRT,302.17,3.35,D
31.85485,74.28982,344.03,0.46,0.47,2026-06-04,0739,N20,VIIRS,n,2.0NRT,306.38,4.57,D
31.96612,74.8026,335.58,0.43,0.46,2026-06-04,0739,N20,VIIRS,n,2.0NRT,304.82,3.65,D
31.79793,73.9134,334.36,0.48,0.48,2026-06-04,0739,N20,VIIRS,n,2.0NRT,302.49,2.65,D
31.91283,74.42197,335.76,0.45,0.47,2026-06-04,0739,N20,VIIRS,n,2.0NRT,305.23,3.74,D
31.918,74.42537,344.3,0.45,0.47,2026-06-04,0739,N20,VIIRS,n,2.0NRT,306.61,6.03,D
31.88803,74.28592,350.33,0.46,0.47,2026-06-04,0739,N20,VIIRS,n,2.0NRT,306.96,5.53,D
31.88702,74.28123,338.39,0.46,0.47,2026-06-04,0739,N20,VIIRS,n,2.0NRT,305.82,6.11,D
31.89729,74.30812,341.79,0.45,0.47,2026-06-04,0739,N20,VIIRS,n,2.0NRT,306.6,5.95,D
31.89326,74.28939,339.36,0.46,0.47,2026-06-04,0739,N20,VIIRS,n,2.0NRT,305.54,5.53,D
31.93792,74.4147,343.85,0.45,0.47,2026-06-04,0739,N20,VIIRS,n,2.0NRT,303.75,5.31,D
32.04415,74.87766,343.82,0.42,0.45,2026-06-04,0739,N20,VIIRS,n,2.0NRT,306.1,7.96,D
31.9673,74.4696,346.7,0.44,0.46,2026-06-04,0739,N20,VIIRS,n,2.0NRT,304.31,16.02,D
32.09396,75.07691,341.88,0.41,0.45,2026-06-04,0739,N20,VIIRS,n,2.0NRT,310.4,7.47,D
32.28038,74.38485,341.34,0.44,0.46,2026-06-04,0739,N20,VIIRS,n,2.0NRT,298.51,5.04,D
32.33265,75.62795,336.52,0.57,0.43,2026-06-04,0739,N20,VIIRS,l,2.0NRT,309.63,5.36,D
32.05693,74.39233,336.16,0.45,0.47,2026-06-04,0739,N20,VIIRS,n,2.0NRT,304.65,3.94,D
32.35854,75.94151,335.73,0.55,0.43,2026-06-04,0739,N20,VIIRS,l,2.0NRT,307.96,6.52,D
32.06835,74.65346,341.71,0.43,0.46,2026-06-04,0739,N20,VIIRS,n,2.0NRT,303.8,7.57,D
32.01136,74.55341,335.19,0.44,0.46,2026-06-04,0739,N20,VIIRS,n,2.0NRT,303.11,2.91,D
31.96633,74.46503,337.61,0.44,0.46,2026-06-04,0739,N20,VIIRS,n,2.0NRT,305.66,15.21,D
28.2146,76.07391,342.07,0.43,0.46,2026-06-04,0739,N20,VIIRS,n,2.0NRT,309.91,5.25,D
28.58599,76.42811,346.91,0.4,0.44,2026-06-04,0739,N20,VIIRS,n,2.0NRT,304.75,14.46,D
29.15864,75.83182,339.13,0.42,0.45,2026-06-04,0739,N20,VIIRS,n,2.0NRT,302.95,3.88,D
31.64617,74.24006,304.93,0.47,0.64,2026-06-04,2004,N20,VIIRS,n,2.0NRT,289.63,0.92,N
31.64231,74.241,303.58,0.47,0.64,2026-06-04,2004,N20,VIIRS,n,2.0NRT,289.81,0.38,N
30.70154,77.23513,296.17,0.6,0.53,2026-06-04,2004,N20,VIIRS,n,2.0NRT,273.8,1.11,N
30.70108,77.24043,300.8,0.6,0.53,2026-06-04,2004,N20,VIIRS,n,2.0NRT,275.13,1.11,N
32.10886,74.18152,303.51,0.48,0.65,2026-06-04,2144,N20,VIIRS,n,2.0NRT,290.2,0.39,N
32.10815,74.17937,304.87,0.48,0.65,2026-06-04,2144,N20,VIIRS,n,2.0NRT,290.31,0.71,N
32.30329,74.59795,332.2,0.4,0.6,2026-06-05,0722,N20,VIIRS,l,2.0NRT,302.76,3.85,D
32.29766,74.50625,355.85,0.4,0.6,2026-06-05,0722,N20,VIIRS,n,2.0NRT,305.55,7,D
31.87015,74.45672,333.89,0.42,0.61,2026-06-05,0722,N20,VIIRS,n,2.0NRT,302.35,7.44,D
31.86906,74.45249,356.17,0.42,0.61,2026-06-05,0722,N20,VIIRS,n,2.0NRT,304.64,6.57,D
31.87447,74.45062,335.49,0.42,0.61,2026-06-05,0722,N20,VIIRS,n,2.0NRT,303.15,6.57,D
32.07571,75.18044,337.42,0.37,0.58,2026-06-05,0722,N20,VIIRS,n,2.0NRT,303.16,2.65,D
31.895,74.41582,347.91,0.42,0.61,2026-06-05,0722,N20,VIIRS,n,2.0NRT,303.79,4.21,D
31.86542,74.27665,367,0.43,0.62,2026-06-05,0722,N20,VIIRS,h,2.0NRT,303.52,11.72,D
31.90041,74.41394,334.3,0.42,0.61,2026-06-05,0722,N20,VIIRS,n,2.0NRT,302.56,4.21,D
31.86653,74.28098,331.12,0.43,0.62,2026-06-05,0722,N20,VIIRS,n,2.0NRT,301.64,7.19,D
32.12349,75.28337,333.38,0.37,0.58,2026-06-05,0722,N20,VIIRS,n,2.0NRT,302.75,2.09,D
32.12864,75.28165,335.82,0.37,0.58,2026-06-05,0722,N20,VIIRS,n,2.0NRT,302.23,2.09,D
31.98699,74.68761,339.15,0.4,0.6,2026-06-05,0722,N20,VIIRS,n,2.0NRT,307.09,2.11,D
31.91886,74.34715,338.2,0.42,0.61,2026-06-05,0722,N20,VIIRS,n,2.0NRT,303.54,4.12,D
32.03954,74.59312,334.58,0.4,0.6,2026-06-05,0722,N20,VIIRS,l,2.0NRT,305.5,3.62,D
32.06047,74.6529,335.81,0.4,0.6,2026-06-05,0722,N20,VIIRS,l,2.0NRT,306.78,2.33,D
32.37061,75.29625,333.29,0.36,0.58,2026-06-05,0722,N20,VIIRS,n,2.0NRT,301.24,0.65,D
32.20691,74.51786,348.85,0.41,0.6,2026-06-05,0722,N20,VIIRS,n,2.0NRT,306.24,4.37,D
32.20588,74.51374,338.34,0.41,0.6,2026-06-05,0722,N20,VIIRS,n,2.0NRT,305.07,4.37,D
31.88736,74.5468,332.69,0.41,0.61,2026-06-05,0722,N20,VIIRS,l,2.0NRT,304.35,2.35,D
32.20166,74.51712,336.73,0.4,0.6,2026-06-05,0722,N20,VIIRS,n,2.0NRT,306.12,4.09,D
32.30431,74.60203,353.82,0.4,0.6,2026-06-05,0722,N20,VIIRS,n,2.0NRT,301.81,3.85,D
32.207,74.51526,344.17,0.4,0.6,2026-06-05,0722,N20,VIIRS,n,2.0NRT,305.62,4.93,D
30.5778,73.51595,332.29,0.51,0.66,2026-06-05,0722,N20,VIIRS,n,2.0NRT,297.37,4.41,D
30.57913,73.52103,340.19,0.51,0.66,2026-06-05,0722,N20,VIIRS,n,2.0NRT,297.47,4.41,D
30.66757,74.14661,353.37,0.46,0.64,2026-06-05,0722,N20,VIIRS,n,2.0NRT,300.81,6.15,D
30.66771,74.09888,333.59,0.47,0.64,2026-06-05,0722,N20,VIIRS,n,2.0NRT,298.83,1.85,D
30.66709,74.14485,347.68,0.46,0.64,2026-06-05,0722,N20,VIIRS,n,2.0NRT,300.78,4.75,D
30.58196,73.88473,334.85,0.48,0.65,2026-06-05,0722,N20,VIIRS,n,2.0NRT,296.07,5.26,D
30.19488,74.31833,334.57,0.47,0.64,2026-06-05,0722,N20,VIIRS,n,2.0NRT,301.47,2.68,D
31.86963,74.45126,346.58,0.42,0.61,2026-06-05,0722,N20,VIIRS,n,2.0NRT,303.21,7.97,D
30.42008,76.59564,334.4,0.34,0.56,2026-06-05,0722,N20,VIIRS,n,2.0NRT,301.53,2.56,D
30.44197,76.01715,334.5,0.37,0.58,2026-06-05,0722,N20,VIIRS,n,2.0NRT,301.99,1.77,D
30.6279,75.24556,339.36,0.4,0.6,2026-06-05,0722,N20,VIIRS,n,2.0NRT,300.59,2.56,D
31.87069,74.4555,367,0.42,0.61,2026-06-05,0722,N20,VIIRS,h,2.0NRT,302.73,8.53,D
31.56588,73.59546,334.44,0.47,0.64,2026-06-05,0722,N20,VIIRS,n,2.0NRT,302.72,1.66,D
32.00681,75.80377,338.39,0.35,0.56,2026-06-05,0722,N20,VIIRS,n,2.0NRT,304.37,1.26,D
32.08969,76.19197,331.22,0.33,0.55,2026-06-05,0722,N20,VIIRS,n,2.0NRT,299.04,2.25,D
31.76321,74.95493,331.86,0.39,0.59,2026-06-05,0722,N20,VIIRS,l,2.0NRT,304.4,1.38,D
31.50504,73.88429,330.95,0.46,0.63,2026-06-05,0722,N20,VIIRS,l,2.0NRT,302.94,1.51,D
31.76657,74.95332,335.01,0.39,0.59,2026-06-05,0722,N20,VIIRS,l,2.0NRT,305.69,1.88,D
31.41676,74.74039,334.37,0.41,0.61,2026-06-05,0722,N20,VIIRS,l,2.0NRT,305.38,2.01,D
31.6205,75.67276,333.53,0.36,0.57,2026-06-05,0722,N20,VIIRS,n,2.0NRT,303.33,2.99,D
31.52848,75.83974,336.36,0.35,0.57,2026-06-05,0722,N20,VIIRS,n,2.0NRT,300.06,2.11,D
31.52736,75.84048,336.89,0.35,0.57,2026-06-05,0722,N20,VIIRS,n,2.0NRT,300.74,2.51,D
31.59657,76.40182,341.95,0.33,0.55,2026-06-05,0722,N20,VIIRS,n,2.0NRT,298.52,4.85,D
31.02784,74.13357,333.83,0.46,0.63,2026-06-05,0722,N20,VIIRS,n,2.0NRT,298.62,2.04,D
31.02439,74.2142,335.48,0.45,0.63,2026-06-05,0722,N20,VIIRS,n,2.0NRT,298.82,3.41,D
31.31063,75.33921,330.82,0.38,0.59,2026-06-05,0722,N20,VIIRS,n,2.0NRT,300.51,2.52,D
31.31159,75.34309,332.43,0.38,0.59,2026-06-05,0722,N20,VIIRS,n,2.0NRT,300.6,2.32,D
31.02329,74.21671,330.23,0.45,0.63,2026-06-05,0722,N20,VIIRS,n,2.0NRT,298.69,3.85,D
30.98285,74.20096,349,0.45,0.63,2026-06-05,0722,N20,VIIRS,n,2.0NRT,299.96,6.31,D
30.6307,73.69432,336.79,0.49,0.65,2026-06-05,0722,N20,VIIRS,n,2.0NRT,296.23,2.75,D
30.84273,73.87309,339.81,0.48,0.64,2026-06-05,0722,N20,VIIRS,n,2.0NRT,298.51,4.34,D
30.92937,74.08386,334.88,0.52,0.67,2026-06-05,0902,N20,VIIRS,n,2.0NRT,297.17,2.97,D
30.72458,73.61818,334.65,0.49,0.65,2026-06-05,0902,N20,VIIRS,n,2.0NRT,297.27,2.42,D
30.58357,73.75793,330.71,0.49,0.65,2026-06-05,0902,N20,VIIRS,n,2.0NRT,296.4,2.5,D
30.72272,73.62184,331.45,0.49,0.65,2026-06-05,0902,N20,VIIRS,n,2.0NRT,296.54,4.91,D
32.09308,75.3454,331.44,0.63,0.72,2026-06-05,0902,N20,VIIRS,l,2.0NRT,303.84,2.85,D
32.04757,74.87889,333.79,0.59,0.7,2026-06-05,0902,N20,VIIRS,n,2.0NRT,303.08,6.24,D
31.84733,73.50327,332.67,0.49,0.65,2026-06-05,0902,N20,VIIRS,l,2.0NRT,306.12,2.43,D
31.5504,76.37553,335.59,0.72,0.76,2026-06-05,0902,N20,VIIRS,n,2.0NRT,296.32,5.13,D
31.56804,73.61904,347.98,0.49,0.65,2026-06-05,0902,N20,VIIRS,n,2.0NRT,304.86,5.46,D
31.56931,73.61839,348.38,0.49,0.65,2026-06-05,0902,N20,VIIRS,n,2.0NRT,304.9,4.72,D
31.81049,74.43413,332.17,0.55,0.68,2026-06-05,0902,N20,VIIRS,n,2.0NRT,299.91,4.02,D
31.81282,74.43139,334.92,0.56,0.68,2026-06-05,0902,N20,VIIRS,n,2.0NRT,300.6,3.67,D
31.86264,74.28057,343.59,0.54,0.68,2026-06-05,0902,N20,VIIRS,n,2.0NRT,301.85,6.94,D
31.87957,74.49354,334.04,0.56,0.69,2026-06-05,0902,N20,VIIRS,n,2.0NRT,299.83,3.9,D
31.86864,74.27435,335.73,0.54,0.68,2026-06-05,0902,N20,VIIRS,n,2.0NRT,303.52,4.03,D
30.95774,74.05139,331.68,0.52,0.67,2026-06-05,0902,N20,VIIRS,n,2.0NRT,298.97,3.38,D
30.99044,74.19995,330.73,0.53,0.67,2026-06-05,0902,N20,VIIRS,n,2.0NRT,298.06,2.67,D
31.01142,74.12566,367,0.52,0.67,2026-06-05,0902,N20,VIIRS,h,2.0NRT,300.15,9.25,D
30.23368,76.91914,304.88,0.6,0.71,2026-06-05,1947,N20,VIIRS,n,2.0NRT,292.28,0.82,N
30.23,76.91834,301.86,0.41,0.61,2026-06-05,2125,N20,VIIRS,n,2.0NRT,287.7,0.48,N
31.26117,76.92519,300.85,0.39,0.59,2026-06-05,2125,N20,VIIRS,n,2.0NRT,289.24,0.89,N
31.37545,77.41773,297.76,0.41,0.61,2026-06-05,2125,N20,VIIRS,n,2.0NRT,285.44,0.58,N
31.37449,77.42146,303.32,0.41,0.61,2026-06-05,2125,N20,VIIRS,n,2.0NRT,285.78,0.95,N
32.10646,74.17747,308.17,0.51,0.5,2026-06-05,2125,N20,VIIRS,n,2.0NRT,294.87,2,N
29.19506,75.65163,323.78,0.36,0.58,2026-06-05,2125,N20,VIIRS,n,2.0NRT,292.92,2.43,N
32.10734,74.17928,314.44,0.51,0.5,2026-06-05,2125,N20,VIIRS,n,2.0NRT,295.63,3,N
31.95041,74.41692,337.41,0.77,0.77,2026-06-06,0703,N20,VIIRS,n,2.0NRT,297.14,3.65,D
31.94932,74.41949,334.39,0.77,0.77,2026-06-06,0703,N20,VIIRS,n,2.0NRT,296.38,1.79,D
31.9225,74.45618,336.58,0.77,0.77,2026-06-06,0703,N20,VIIRS,n,2.0NRT,298.21,5.2,D
31.92352,74.45388,334.42,0.77,0.77,2026-06-06,0703,N20,VIIRS,n,2.0NRT,298.39,7.4,D
31.56792,75.65269,331.27,0.67,0.74,2026-06-06,0703,N20,VIIRS,n,2.0NRT,298.22,2.62,D
31.25948,77.1739,340.11,0.56,0.69,2026-06-06,0703,N20,VIIRS,n,2.0NRT,298.15,7.77,D
31.25494,77.17267,332.65,0.56,0.69,2026-06-06,0703,N20,VIIRS,n,2.0NRT,300.88,7.79,D
31.25583,77.17594,345.99,0.56,0.69,2026-06-06,0703,N20,VIIRS,n,2.0NRT,300.89,11.15,D
30.60975,76.34298,339.81,0.65,0.73,2026-06-06,0703,N20,VIIRS,n,2.0NRT,299.4,4.89,D
30.6121,76.34315,337.92,0.65,0.73,2026-06-06,0703,N20,VIIRS,n,2.0NRT,299.55,7.03,D
30.21955,76.70509,342.39,0.64,0.72,2026-06-06,0703,N20,VIIRS,n,2.0NRT,300.28,3.75,D
30.58857,76.77888,333.53,0.39,0.59,2026-06-06,0843,N20,VIIRS,l,2.0NRT,307.86,2.75,D
30.32766,73.61123,337.5,0.5,0.49,2026-06-06,0843,N20,VIIRS,n,2.0NRT,305.41,10.34,D
30.32717,73.60603,345.02,0.5,0.49,2026-06-06,0843,N20,VIIRS,n,2.0NRT,311.28,18.23,D
30.33167,73.60547,345.26,0.5,0.49,2026-06-06,0843,N20,VIIRS,n,2.0NRT,306.03,8.17,D
30.40026,73.60755,334.66,0.5,0.49,2026-06-06,0843,N20,VIIRS,l,2.0NRT,305.58,4.24,D
30.39745,73.60583,334.75,0.5,0.49,2026-06-06,0843,N20,VIIRS,l,2.0NRT,306.87,4.5,D
30.42205,73.57645,342.5,0.5,0.49,2026-06-06,0843,N20,VIIRS,n,2.0NRT,304.64,3.55,D
30.4202,73.50869,331.71,0.49,0.49,2026-06-06,0843,N20,VIIRS,l,2.0NRT,306.12,20.46,D
30.42517,73.51328,337.84,0.49,0.49,2026-06-06,0843,N20,VIIRS,n,2.0NRT,306.28,20.46,D
30.42468,73.50813,348.86,0.49,0.49,2026-06-06,0843,N20,VIIRS,n,2.0NRT,312.75,20.46,D
30.4786,73.59582,338.95,0.5,0.49,2026-06-06,0843,N20,VIIRS,n,2.0NRT,305.85,2.3,D
30.58322,73.91541,335.38,0.52,0.5,2026-06-06,0843,N20,VIIRS,n,2.0NRT,304.52,5.48,D
30.58271,73.90995,350.14,0.52,0.5,2026-06-06,0843,N20,VIIRS,n,2.0NRT,305.26,5.48,D
30.56961,73.76917,349.09,0.51,0.49,2026-06-06,0843,N20,VIIRS,n,2.0NRT,306.15,12.46,D
30.59843,73.68478,343.46,0.51,0.49,2026-06-06,0843,N20,VIIRS,n,2.0NRT,305.59,7.04,D
30.76283,75.39978,367,0.32,0.55,2026-06-06,0843,N20,VIIRS,h,2.0NRT,305.97,5.66,D
30.76255,75.39639,337.56,0.32,0.55,2026-06-06,0843,N20,VIIRS,n,2.0NRT,303.72,5.66,D
30.61009,73.71025,346.28,0.51,0.49,2026-06-06,0843,N20,VIIRS,n,2.0NRT,303.82,8.54,D
30.61463,73.7097,348.83,0.51,0.49,2026-06-06,0843,N20,VIIRS,n,2.0NRT,304.43,8.54,D
30.76701,75.399,367,0.32,0.55,2026-06-06,0843,N20,VIIRS,h,2.0NRT,306.13,5.18,D
30.76675,75.39561,337.25,0.32,0.55,2026-06-06,0843,N20,VIIRS,n,2.0NRT,305.18,5.18,D
30.67916,74.00271,337.81,0.53,0.5,2026-06-06,0843,N20,VIIRS,n,2.0NRT,302.42,2.78,D
30.93292,77.19034,331.54,0.42,0.61,2026-06-06,0843,N20,VIIRS,l,2.0NRT,305.51,4.99,D
30.68161,73.62982,343.64,0.5,0.49,2026-06-06,0843,N20,VIIRS,n,2.0NRT,306.28,2.95,D
30.71407,73.77703,340.67,0.51,0.5,2026-06-06,0843,N20,VIIRS,n,2.0NRT,304.64,4.79,D
30.76126,74.07791,335.49,0.54,0.51,2026-06-06,0843,N20,VIIRS,n,2.0NRT,303.2,3.02,D
30.7127,73.57278,335.83,0.5,0.49,2026-06-06,0843,N20,VIIRS,n,2.0NRT,304.74,3.8,D
30.71432,73.57381,333.67,0.5,0.49,2026-06-06,0843,N20,VIIRS,l,2.0NRT,304.64,1.51,D
30.76426,73.92153,331.66,0.53,0.5,2026-06-06,0843,N20,VIIRS,l,2.0NRT,302.21,3.16,D
30.75614,73.72985,333.73,0.51,0.49,2026-06-06,0843,N20,VIIRS,n,2.0NRT,304.04,3.54,D
30.75566,73.72449,342.69,0.51,0.49,2026-06-06,0843,N20,VIIRS,n,2.0NRT,304.08,5.72,D
30.80787,74.25324,342.45,0.55,0.51,2026-06-06,0843,N20,VIIRS,n,2.0NRT,302.52,6.7,D
31.91454,74.30452,348.48,0.57,0.52,2026-06-06,0843,N20,VIIRS,n,2.0NRT,311.51,9.54,D
32.01408,74.83426,335.09,0.61,0.54,2026-06-06,0843,N20,VIIRS,l,2.0NRT,307.43,6.39,D
32.14075,76.33052,342.13,0.38,0.59,2026-06-06,0843,N20,VIIRS,n,2.0NRT,298.91,2.68,D
32.03604,74.53962,336.6,0.59,0.53,2026-06-06,0843,N20,VIIRS,l,2.0NRT,307.71,6.01,D
32.08524,74.5406,338.17,0.59,0.53,2026-06-06,0843,N20,VIIRS,l,2.0NRT,309.05,4.85,D
32.0847,74.53431,339.24,0.59,0.53,2026-06-06,0843,N20,VIIRS,n,2.0NRT,308.94,4.85,D
32.08316,74.539,337.14,0.59,0.53,2026-06-06,0843,N20,VIIRS,l,2.0NRT,308.91,6.23,D
32.36816,73.89449,338.7,0.55,0.51,2026-06-06,0843,N20,VIIRS,l,2.0NRT,312.34,6.94,D
31.23656,77.22173,349.99,0.42,0.61,2026-06-06,0843,N20,VIIRS,n,2.0NRT,304.85,6.58,D
30.89369,73.91563,332.23,0.53,0.5,2026-06-06,0843,N20,VIIRS,l,2.0NRT,305.4,2.93,D
30.86313,74.10062,330.19,0.54,0.51,2026-06-06,0843,N20,VIIRS,l,2.0NRT,304.1,1.33,D
30.83345,73.86323,337.01,0.52,0.5,2026-06-06,0843,N20,VIIRS,n,2.0NRT,306.09,5.64,D
30.28599,76.898,367,0.39,0.59,2026-06-06,0843,N20,VIIRS,h,2.0NRT,309.82,7.57,D
30.84658,74.10402,340.88,0.54,0.51,2026-06-06,0843,N20,VIIRS,n,2.0NRT,303.21,4.94,D
31.82717,74.35466,338.48,0.57,0.52,2026-06-06,0843,N20,VIIRS,n,2.0NRT,305.04,7.93,D
31.82236,74.35519,342.8,0.57,0.52,2026-06-06,0843,N20,VIIRS,n,2.0NRT,307.9,7.93,D
31.82289,74.3613,343.63,0.57,0.52,2026-06-06,0843,N20,VIIRS,n,2.0NRT,305.9,7.93,D
31.84151,74.57784,341.96,0.59,0.53,2026-06-06,0843,N20,VIIRS,n,2.0NRT,308.74,7.1,D
31.61552,76.21519,337.03,0.37,0.58,2026-06-06,0843,N20,VIIRS,n,2.0NRT,303.19,3.88,D
31.6158,76.21903,352.42,0.37,0.58,2026-06-06,0843,N20,VIIRS,n,2.0NRT,303.93,5.17,D
31.39893,74.21642,333.41,0.56,0.51,2026-06-06,0843,N20,VIIRS,l,2.0NRT,305.87,1.53,D
31.51943,76.34813,335.33,0.37,0.58,2026-06-06,0843,N20,VIIRS,n,2.0NRT,304.1,1.82,D
31.36936,75.88372,343.26,0.35,0.57,2026-06-06,0843,N20,VIIRS,n,2.0NRT,305.5,2.29,D
31.07426,73.56031,336.32,0.5,0.49,2026-06-06,0843,N20,VIIRS,l,2.0NRT,306.89,4.02,D
31.07475,73.56563,340.33,0.5,0.49,2026-06-06,0843,N20,VIIRS,n,2.0NRT,306.8,4.02,D
31.23372,77.22179,351.29,0.42,0.61,2026-06-06,0843,N20,VIIRS,n,2.0NRT,304,4.49,D
31.15968,77.17668,367,0.42,0.61,2026-06-06,0843,N20,VIIRS,h,2.0NRT,299.69,8.48,D
31.92285,74.45846,342.13,0.58,0.52,2026-06-06,0843,N20,VIIRS,n,2.0NRT,309.36,8.45,D
31.94826,74.76243,343.33,0.61,0.53,2026-06-06,0843,N20,VIIRS,n,2.0NRT,310.91,8.13,D
31.88529,74.3017,340.34,0.57,0.52,2026-06-06,0843,N20,VIIRS,l,2.0NRT,310.76,8.7,D
31.85531,74.52879,343.46,0.59,0.53,2026-06-06,0843,N20,VIIRS,n,2.0NRT,308.72,10.13,D
31.85581,74.53503,344.11,0.59,0.53,2026-06-06,0843,N20,VIIRS,n,2.0NRT,305.73,10.13,D
31.87925,74.5043,334.91,0.59,0.52,2026-06-06,0843,N20,VIIRS,l,2.0NRT,307.48,6.83,D
31.85232,74.53241,355.09,0.59,0.53,2026-06-06,0843,N20,VIIRS,n,2.0NRT,308.32,19.11,D
32.48212,75.97911,311.24,0.53,0.42,2026-06-06,2106,N20,VIIRS,n,2.0NRT,290.32,1.55,N
32.08655,74.1651,311.1,0.45,0.39,2026-06-06,2108,N20,VIIRS,n,2.0NRT,297.51,2.07,N
32.13211,74.17673,309.06,0.45,0.39,2026-06-06,2108,N20,VIIRS,n,2.0NRT,296.63,1.85,N
31.74228,76.46465,308.73,0.38,0.44,2026-06-06,2108,N20,VIIRS,n,2.0NRT,292.78,1.1,N
31.74306,76.46082,312.87,0.38,0.43,2026-06-06,2108,N20,VIIRS,n,2.0NRT,294.22,1.1,N
31.74699,76.46184,309.21,0.38,0.43,2026-06-06,2108,N20,VIIRS,n,2.0NRT,293.61,1.1,N
31.84594,76.94504,340.65,0.41,0.45,2026-06-06,2108,N20,VIIRS,n,2.0NRT,292.78,3,N
31.85005,76.94566,319.42,0.41,0.45,2026-06-06,2108,N20,VIIRS,n,2.0NRT,289.76,3,N
32.41345,76.02983,328.88,0.53,0.42,2026-06-06,2108,N20,VIIRS,n,2.0NRT,292.82,4.55,N
32.4728,75.93082,310.26,0.53,0.42,2026-06-06,2108,N20,VIIRS,n,2.0NRT,293.33,1.33,N
32.47163,75.93268,306.46,0.53,0.42,2026-06-06,2108,N20,VIIRS,n,2.0NRT,292.64,1.16,N
31.6584,76.17638,311.89,0.56,0.43,2026-06-06,2108,N20,VIIRS,n,2.0NRT,293.86,2.05,N
31.65872,76.17532,311.67,0.56,0.43,2026-06-06,2108,N20,VIIRS,n,2.0NRT,293.86,1.6,N
31.41468,76.83698,305.06,0.41,0.45,2026-06-06,2108,N20,VIIRS,n,2.0NRT,294.86,0.68,N
31.23649,77.21609,305.85,0.43,0.46,2026-06-06,2108,N20,VIIRS,n,2.0NRT,291.01,1.1,N
31.26059,76.92773,304.81,0.42,0.45,2026-06-06,2108,N20,VIIRS,n,2.0NRT,292.15,1.24,N
30.88841,77.23457,302.89,0.44,0.46,2026-06-06,2108,N20,VIIRS,n,2.0NRT,289.05,0.84,N
30.74803,77.39848,299.06,0.45,0.47,2026-06-06,2108,N20,VIIRS,n,2.0NRT,288.69,0.27,N
30.78538,73.86771,340.89,0.45,0.39,2026-06-07,0824,N20,VIIRS,n,2.0NRT,308.34,3.25,D
28.86317,77.14848,336.21,0.41,0.45,2026-06-07,0824,N20,VIIRS,n,2.0NRT,305.14,3.41,D
29.44402,75.59438,339.76,0.51,0.41,2026-06-07,0824,N20,VIIRS,n,2.0NRT,307.11,15.56,D
29.73753,76.27711,335.8,0.56,0.43,2026-06-07,0824,N20,VIIRS,l,2.0NRT,305.8,7.69,D
30.00514,76.95524,341.23,0.41,0.45,2026-06-07,0824,N20,VIIRS,n,2.0NRT,307.8,3.47,D
30.00926,76.95467,345.25,0.41,0.45,2026-06-07,0824,N20,VIIRS,n,2.0NRT,306.52,3.47,D
30.13716,77.03323,334.3,0.42,0.45,2026-06-07,0824,N20,VIIRS,n,2.0NRT,301.76,2.3,D
30.32511,73.57365,344.9,0.43,0.38,2026-06-07,0824,N20,VIIRS,n,2.0NRT,311.35,6.21,D
30.33378,73.55846,336.19,0.43,0.38,2026-06-07,0824,N20,VIIRS,l,2.0NRT,309.7,1.71,D
30.33726,73.55785,338.69,0.43,0.38,2026-06-07,0824,N20,VIIRS,l,2.0NRT,313.34,3.04,D
30.33272,73.51349,335.18,0.43,0.38,2026-06-07,0824,N20,VIIRS,l,2.0NRT,309.63,1.19,D
30.446,73.80733,342.59,0.44,0.38,2026-06-07,0824,N20,VIIRS,l,2.0NRT,315.34,4.98,D
30.45165,73.7133,343.38,0.44,0.38,2026-06-07,0824,N20,VIIRS,n,2.0NRT,313.11,5.62,D
30.46656,73.62929,340.84,0.43,0.38,2026-06-07,0824,N20,VIIRS,l,2.0NRT,313.75,7.31,D
30.49046,73.73164,339.25,0.44,0.38,2026-06-07,0824,N20,VIIRS,l,2.0NRT,313.7,4.32,D
30.54752,73.92359,337.91,0.45,0.39,2026-06-07,0824,N20,VIIRS,l,2.0NRT,309.65,4.63,D
30.54486,73.70834,352.13,0.44,0.38,2026-06-07,0824,N20,VIIRS,n,2.0NRT,310.92,11.28,D
30.5896,73.99723,340.53,0.45,0.39,2026-06-07,0824,N20,VIIRS,l,2.0NRT,311.27,4.46,D
30.55188,73.70713,336.28,0.44,0.38,2026-06-07,0824,N20,VIIRS,l,2.0NRT,306.46,8.83,D
30.55942,73.68262,338.32,0.44,0.38,2026-06-07,0824,N20,VIIRS,l,2.0NRT,311.76,2,D
30.59286,73.8828,336.57,0.44,0.39,2026-06-07,0824,N20,VIIRS,l,2.0NRT,311.27,2.48,D
30.57003,73.70866,339.93,0.44,0.38,2026-06-07,0824,N20,VIIRS,n,2.0NRT,309.78,3.94,D
30.5964,73.88219,346.56,0.44,0.39,2026-06-07,0824,N20,VIIRS,n,2.0NRT,308.06,6.11,D
30.59615,73.88377,341.91,0.44,0.39,2026-06-07,0824,N20,VIIRS,n,2.0NRT,308.62,7.25,D
30.5881,73.67905,342.99,0.44,0.38,2026-06-07,0824,N20,VIIRS,n,2.0NRT,310.91,6.62,D
30.61033,73.82478,341.25,0.44,0.39,2026-06-07,0824,N20,VIIRS,n,2.0NRT,311.34,6.78,D
30.59511,73.67784,335.48,0.44,0.38,2026-06-07,0824,N20,VIIRS,l,2.0NRT,309.9,1,D
30.66998,73.98048,337.71,0.45,0.39,2026-06-07,0824,N20,VIIRS,l,2.0NRT,308.41,5.83,D
30.65446,73.83137,339.45,0.44,0.39,2026-06-07,0824,N20,VIIRS,n,2.0NRT,307.15,3.55,D
30.64258,73.73955,338.55,0.44,0.38,2026-06-07,0824,N20,VIIRS,l,2.0NRT,313.06,11.43,D
30.64199,73.73498,337.51,0.44,0.38,2026-06-07,0824,N20,VIIRS,l,2.0NRT,311.06,3.96,D
30.62896,73.63488,341.75,0.44,0.38,2026-06-07,0824,N20,VIIRS,n,2.0NRT,312.34,4.16,D
30.62068,73.57162,342.37,0.43,0.38,2026-06-07,0824,N20,VIIRS,n,2.0NRT,312.29,1.79,D
30.64372,73.72068,338.49,0.44,0.38,2026-06-07,0824,N20,VIIRS,l,2.0NRT,310.38,7.3,D
30.69802,74.08611,333.29,0.45,0.39,2026-06-07,0824,N20,VIIRS,l,2.0NRT,307.87,3.96,D
30.67527,73.68728,336.75,0.44,0.38,2026-06-07,0824,N20,VIIRS,l,2.0NRT,308.54,3.32,D
30.68188,73.59508,339.13,0.43,0.38,2026-06-07,0824,N20,VIIRS,l,2.0NRT,312.32,14.16,D
30.68538,73.59447,342.6,0.43,0.38,2026-06-07,0824,N20,VIIRS,n,2.0NRT,310.93,14.16,D
30.94183,75.69576,344.28,0.54,0.42,2026-06-07,0824,N20,VIIRS,l,2.0NRT,316.63,12,D
30.71814,73.82241,338.91,0.44,0.39,2026-06-07,0824,N20,VIIRS,l,2.0NRT,311.46,4.41,D
31.01805,76.31876,338.39,0.39,0.44,2026-06-07,0824,N20,VIIRS,l,2.0NRT,311.02,6.01,D
30.73935,73.90405,334.14,0.45,0.39,2026-06-07,0824,N20,VIIRS,l,2.0NRT,307.25,1.68,D
30.69118,73.52885,340.03,0.43,0.38,2026-06-07,0824,N20,VIIRS,l,2.0NRT,313.73,5.86,D
30.69523,73.50517,342.07,0.43,0.38,2026-06-07,0824,N20,VIIRS,l,2.0NRT,315.06,5.84,D
30.76303,73.97636,334.92,0.45,0.39,2026-06-07,0824,N20,VIIRS,l,2.0NRT,308.65,1.66,D
30.74456,73.74731,340.78,0.44,0.38,2026-06-07,0824,N20,VIIRS,n,2.0NRT,311.62,4.9,D
30.72563,73.60139,344.21,0.44,0.38,2026-06-07,0824,N20,VIIRS,l,2.0NRT,315.16,7.51,D
30.77902,73.9593,333.71,0.45,0.39,2026-06-07,0824,N20,VIIRS,l,2.0NRT,307.86,1.39,D
30.78317,73.96338,334.32,0.45,0.39,2026-06-07,0824,N20,VIIRS,l,2.0NRT,306.95,3.21,D
30.79814,74.05212,348.93,0.45,0.39,2026-06-07,0824,N20,VIIRS,n,2.0NRT,311.24,8.15,D
30.83313,74.27052,341.55,0.46,0.39,2026-06-07,0824,N20,VIIRS,n,2.0NRT,305.49,7.62,D
30.8112,74.04028,338,0.45,0.39,2026-06-07,0824,N20,VIIRS,l,2.0NRT,311.7,3.83,D
30.81169,73.9873,339.12,0.45,0.39,2026-06-07,0824,N20,VIIRS,l,2.0NRT,310.07,4.71,D
30.86082,74.28565,333.96,0.46,0.39,2026-06-07,0824,N20,VIIRS,l,2.0NRT,307.77,2.76,D
30.86144,74.28255,335.39,0.46,0.39,2026-06-07,0824,N20,VIIRS,l,2.0NRT,308.41,4.06,D
30.86283,74.17418,341.97,0.46,0.39,2026-06-07,0824,N20,VIIRS,n,2.0NRT,308.16,2.79,D
30.86707,74.11981,338.25,0.46,0.39,2026-06-07,0824,N20,VIIRS,n,2.0NRT,306.25,3.21,D
30.84517,73.94495,340.08,0.45,0.39,2026-06-07,0824,N20,VIIRS,l,2.0NRT,310.41,9.7,D
30.83868,73.89352,347.48,0.45,0.39,2026-06-07,0824,N20,VIIRS,n,2.0NRT,310.72,6.99,D
30.87782,74.11801,331.28,0.46,0.39,2026-06-07,0824,N20,VIIRS,l,2.0NRT,306.26,1.95,D
30.85168,73.88177,340.73,0.45,0.39,2026-06-07,0824,N20,VIIRS,n,2.0NRT,309.19,4.38,D
31.23489,77.21398,335.89,0.44,0.46,2026-06-07,0824,N20,VIIRS,l,2.0NRT,309.76,3.86,D
30.92642,74.30144,335.9,0.47,0.39,2026-06-07,0824,N20,VIIRS,n,2.0NRT,304.29,3.06,D
30.91187,74.12691,333.59,0.46,0.39,2026-06-07,0824,N20,VIIRS,l,2.0NRT,307.17,3.01,D
30.88065,73.8816,339.65,0.45,0.39,2026-06-07,0824,N20,VIIRS,l,2.0NRT,309.97,4.54,D
31.28187,77.33668,339.02,0.45,0.47,2026-06-07,0824,N20,VIIRS,n,2.0NRT,303.18,1.53,D
31.28154,77.3334,330.95,0.45,0.47,2026-06-07,0824,N20,VIIRS,l,2.0NRT,305.83,5.11,D
31.20673,76.5406,335.76,0.4,0.44,2026-06-07,0824,N20,VIIRS,l,2.0NRT,307.62,3.81,D
30.87748,73.55317,343.14,0.43,0.38,2026-06-07,0824,N20,VIIRS,n,2.0NRT,312.16,8.01,D
30.87844,73.55406,341.6,0.44,0.38,2026-06-07,0824,N20,VIIRS,l,2.0NRT,312.49,6.94,D
30.98554,74.20432,337.11,0.46,0.39,2026-06-07,0824,N20,VIIRS,l,2.0NRT,309.73,3.5,D
30.98495,74.19949,336.99,0.46,0.39,2026-06-07,0824,N20,VIIRS,l,2.0NRT,309.16,3.68,D
31.33993,77.36784,350.1,0.45,0.47,2026-06-07,0824,N20,VIIRS,n,2.0NRT,309.28,11.52,D
31.33959,77.36436,333.77,0.45,0.47,2026-06-07,0824,N20,VIIRS,l,2.0NRT,308.75,8.11,D
31.34868,77.36842,338.2,0.45,0.47,2026-06-07,0824,N20,VIIRS,n,2.0NRT,306.69,3.68,D
31.34829,77.36447,344.7,0.45,0.47,2026-06-07,0824,N20,VIIRS,n,2.0NRT,308.61,7.94,D
31.34791,77.36063,353.29,0.45,0.47,2026-06-07,0824,N20,VIIRS,n,2.0NRT,312.11,7.94,D
31.34754,77.35686,347.13,0.45,0.47,2026-06-07,0824,N20,VIIRS,n,2.0NRT,311.07,7.84,D
31.02512,73.77417,341.65,0.44,0.39,2026-06-07,0824,N20,VIIRS,l,2.0NRT,312.86,9.99,D
31.04514,73.87563,339.69,0.45,0.39,2026-06-07,0824,N20,VIIRS,l,2.0NRT,310.77,8.03,D
31.01753,73.65747,337.33,0.44,0.38,2026-06-07,0824,N20,VIIRS,l,2.0NRT,310.57,4.4,D
31.0128,73.50887,347.29,0.43,0.38,2026-06-07,0824,N20,VIIRS,n,2.0NRT,310.63,6.6,D
31.02156,73.52128,335.08,0.44,0.38,2026-06-07,0824,N20,VIIRS,l,2.0NRT,307.78,3.68,D
31.28653,75.47632,341.07,0.53,0.42,2026-06-07,0824,N20,VIIRS,n,2.0NRT,313.17,8.42,D
31.33703,75.67558,346.03,0.54,0.42,2026-06-07,0824,N20,VIIRS,n,2.0NRT,314.36,9.27,D
31.84921,76.22118,334.18,0.39,0.44,2026-06-07,0826,N20,VIIRS,l,2.0NRT,308.94,1.39,D
31.41079,73.68978,342.1,0.44,0.39,2026-06-07,0826,N20,VIIRS,l,2.0NRT,312.57,7.68,D
31.78287,77.04419,344.27,0.44,0.46,2026-06-07,0826,N20,VIIRS,n,2.0NRT,305.58,6.09,D
31.69016,76.75886,341.47,0.42,0.45,2026-06-07,0826,N20,VIIRS,n,2.0NRT,306.83,6.98,D
31.69056,76.76284,338.49,0.42,0.45,2026-06-07,0826,N20,VIIRS,n,2.0NRT,304.74,6.12,D
31.42458,75.07765,339.82,0.51,0.41,2026-06-07,0826,N20,VIIRS,l,2.0NRT,310.88,4.91,D
32.19062,73.76137,344.38,0.46,0.39,2026-06-07,0826,N20,VIIRS,n,2.0NRT,314.08,11.96,D
32.43155,75.56927,342.54,0.55,0.43,2026-06-07,0826,N20,VIIRS,n,2.0NRT,313.15,5.39,D
32.43546,75.56856,337.33,0.55,0.43,2026-06-07,0826,N20,VIIRS,l,2.0NRT,310.75,5.39,D
32.38543,73.82644,343.42,0.46,0.39,2026-06-07,0826,N20,VIIRS,l,2.0NRT,313.49,7.87,D
31.84698,73.66438,340.05,0.45,0.39,2026-06-07,0826,N20,VIIRS,l,2.0NRT,312.91,6.72,D
32.08022,75.16661,349.11,0.52,0.42,2026-06-07,0826,N20,VIIRS,n,2.0NRT,318.63,11.83,D
31.92754,73.76389,343.87,0.45,0.39,2026-06-07,0826,N20,VIIRS,n,2.0NRT,311.9,8.99,D
32.2379,74.3816,340.96,0.48,0.4,2026-06-07,0826,N20,VIIRS,l,2.0NRT,314.08,6.82,D
32.45725,76.01334,340.41,0.39,0.44,2026-06-07,0826,N20,VIIRS,n,2.0NRT,303.41,3.01,D
32.45686,76.00967,354.45,0.39,0.44,2026-06-07,0826,N20,VIIRS,n,2.0NRT,310.12,16.26,D
31.9164,74.42736,345.85,0.48,0.4,2026-06-07,0826,N20,VIIRS,l,2.0NRT,317.9,14.53,D
31.88702,74.33922,341.27,0.48,0.4,2026-06-07,0826,N20,VIIRS,l,2.0NRT,315.99,3.14,D
31.95462,75.14349,346.57,0.52,0.42,2026-06-07,0826,N20,VIIRS,l,2.0NRT,318.19,5.45,D
32.0674,76.25791,343.3,0.4,0.44,2026-06-07,0826,N20,VIIRS,n,2.0NRT,309.86,6.41,D
32.06781,76.26195,342.61,0.4,0.44,2026-06-07,0826,N20,VIIRS,n,2.0NRT,308.89,6.21,D
31.8665,74.59464,343.75,0.49,0.4,2026-06-07,0826,N20,VIIRS,l,2.0NRT,316.66,8.79,D
31.37452,76.92649,302.89,0.4,0.37,2026-06-07,2046,N20,VIIRS,n,2.0NRT,292.37,0.81,N
31.29236,77.33456,319.99,0.41,0.37,2026-06-07,2046,N20,VIIRS,n,2.0NRT,293.55,1.93,N
31.28901,77.33369,329.3,0.41,0.37,2026-06-07,2046,N20,VIIRS,n,2.0NRT,293.88,1.93,N
31.287,77.34522,321.78,0.41,0.37,2026-06-07,2046,N20,VIIRS,n,2.0NRT,290.61,1.5,N
31.28971,77.32967,306.78,0.41,0.37,2026-06-07,2046,N20,VIIRS,n,2.0NRT,292.57,1.93,N
31.28366,77.34425,315.39,0.41,0.37,2026-06-07,2046,N20,VIIRS,n,2.0NRT,289.56,0.89,N
31.28108,77.31889,311.62,0.41,0.37,2026-06-07,2046,N20,VIIRS,n,2.0NRT,293.36,1.64,N
31.279,77.33094,302.86,0.41,0.37,2026-06-07,2046,N20,VIIRS,n,2.0NRT,291.18,0.87,N
31.27835,77.33463,304.68,0.41,0.37,2026-06-07,2046,N20,VIIRS,n,2.0NRT,291.19,1.04,N
31.27561,77.33031,309.77,0.41,0.37,2026-06-07,2046,N20,VIIRS,n,2.0NRT,292.68,0.87,N
31.37775,76.6905,304.61,0.39,0.37,2026-06-07,2046,N20,VIIRS,n,2.0NRT,294.27,0.74,N
31.32924,76.89589,309.04,0.4,0.37,2026-06-07,2046,N20,VIIRS,n,2.0NRT,295.11,0.92,N
31.31672,76.94918,311.4,0.4,0.37,2026-06-07,2046,N20,VIIRS,n,2.0NRT,292.44,1.34,N
31.316,76.95338,306.6,0.4,0.37,2026-06-07,2046,N20,VIIRS,n,2.0NRT,292.77,0.84,N
31.2689,77.127,306.23,0.4,0.37,2026-06-07,2046,N20,VIIRS,n,2.0NRT,291.01,0.81,N
31.26819,77.13113,303.59,0.4,0.37,2026-06-07,2046,N20,VIIRS,n,2.0NRT,290.73,0.45,N
31.25856,77.18684,307.37,0.4,0.37,2026-06-07,2046,N20,VIIRS,n,2.0NRT,293.8,1.24,N
31.24872,77.22351,328.74,0.4,0.37,2026-06-07,2046,N20,VIIRS,n,2.0NRT,292.89,1.5,N
31.24466,77.22687,302.84,0.41,0.37,2026-06-07,2046,N20,VIIRS,n,2.0NRT,292.31,1.5,N
31.24208,77.22166,300.56,0.4,0.37,2026-06-07,2046,N20,VIIRS,n,2.0NRT,290.52,0.77,N
31.22291,76.89812,303.77,0.4,0.37,2026-06-07,2046,N20,VIIRS,n,2.0NRT,292.6,0.78,N
31.21961,76.89722,306.15,0.4,0.37,2026-06-07,2046,N20,VIIRS,n,2.0NRT,291.7,0.78,N
31.18724,76.86406,304.97,0.4,0.37,2026-06-07,2046,N20,VIIRS,n,2.0NRT,293.12,0.78,N
30.6975,77.48782,318.72,0.42,0.37,2026-06-07,2046,N20,VIIRS,n,2.0NRT,291.92,1.16,N
30.69677,77.492,301.87,0.42,0.37,2026-06-07,2046,N20,VIIRS,n,2.0NRT,291.1,1.16,N
30.73715,77.21999,325.68,0.41,0.37,2026-06-07,2046,N20,VIIRS,n,2.0NRT,294.63,1.73,N
30.7379,77.21567,305.76,0.41,0.37,2026-06-07,2046,N20,VIIRS,n,2.0NRT,292.56,1.73,N
30.69213,77.29751,329.73,0.41,0.37,2026-06-07,2046,N20,VIIRS,n,2.0NRT,293.82,3.5,N
31.03225,74.41679,337.81,0.39,0.36,2026-06-07,2046,N20,VIIRS,n,2.0NRT,299.19,4.68,N
32.47816,75.97171,304.95,0.38,0.36,2026-06-07,2046,N20,VIIRS,n,2.0NRT,292.49,0.89,N
32.4612,76.01396,324.04,0.38,0.36,2026-06-07,2046,N20,VIIRS,n,2.0NRT,292.77,1.74,N
32.45921,76.00522,310.05,0.38,0.36,2026-06-07,2046,N20,VIIRS,n,2.0NRT,292.17,0.85,N
32.45658,76.00046,307.41,0.38,0.36,2026-06-07,2046,N20,VIIRS,n,2.0NRT,293.44,1.54,N
32.45265,76.00375,321.43,0.38,0.36,2026-06-07,2046,N20,VIIRS,n,2.0NRT,293.41,1.54,N
32.44216,76.00569,309.99,0.38,0.36,2026-06-07,2046,N20,VIIRS,n,2.0NRT,293.73,1.4,N
32.4382,75.98806,330.02,0.38,0.36,2026-06-07,2046,N20,VIIRS,n,2.0NRT,295.04,2.86,N
32.42976,76.04052,302.13,0.38,0.36,2026-06-07,2046,N20,VIIRS,n,2.0NRT,291.9,0.54,N
32.42913,76.04451,303.43,0.38,0.36,2026-06-07,2046,N20,VIIRS,n,2.0NRT,292.29,0.68,N
32.43099,75.99064,313.92,0.38,0.36,2026-06-07,2046,N20,VIIRS,n,2.0NRT,293.65,1.16,N
32.41988,76.01749,303.43,0.38,0.36,2026-06-07,2046,N20,VIIRS,n,2.0NRT,292.59,1.68,N
32.4166,76.01675,328.57,0.38,0.36,2026-06-07,2046,N20,VIIRS,n,2.0NRT,294.65,1.68,N
32.37939,76.12118,303.66,0.39,0.36,2026-06-07,2046,N20,VIIRS,n,2.0NRT,288.73,0.79,N
32.20029,76.29833,307.63,0.39,0.36,2026-06-07,2046,N20,VIIRS,n,2.0NRT,295.23,0.96,N
32.19765,76.29359,317.84,0.39,0.36,2026-06-07,2046,N20,VIIRS,n,2.0NRT,296.39,1.53,N
32.14346,76.03979,311.1,0.39,0.36,2026-06-07,2046,N20,VIIRS,n,2.0NRT,294.78,0.75,N
32.02747,76.41628,338.95,0.39,0.36,2026-06-07,2046,N20,VIIRS,n,2.0NRT,296.9,4.95,N
31.95091,76.40418,329.6,0.39,0.36,2026-06-07,2046,N20,VIIRS,n,2.0NRT,294.93,2.32,N
31.77845,77.04921,308.29,0.4,0.37,2026-06-07,2046,N20,VIIRS,n,2.0NRT,289.53,1.55,N
31.76746,76.9105,311.35,0.4,0.37,2026-06-07,2046,N20,VIIRS,n,2.0NRT,291.81,0.74,N
31.82612,76.18854,310.45,0.39,0.36,2026-06-07,2046,N20,VIIRS,n,2.0NRT,296.58,1.48,N
31.73302,76.46319,306.96,0.39,0.36,2026-06-07,2046,N20,VIIRS,n,2.0NRT,294.87,1.02,N
31.6116,76.24818,314.66,0.39,0.36,2026-06-07,2046,N20,VIIRS,n,2.0NRT,293.35,1.04,N
31.5394,76.53846,305.93,0.39,0.36,2026-06-07,2046,N20,VIIRS,n,2.0NRT,293.55,0.38,N
31.5363,76.53867,310.31,0.39,0.36,2026-06-07,2046,N20,VIIRS,n,2.0NRT,294.62,1.27,N
31.5468,76.30996,313.1,0.39,0.36,2026-06-07,2046,N20,VIIRS,n,2.0NRT,296.49,1.92,N
31.40906,76.94689,306.82,0.4,0.37,2026-06-07,2046,N20,VIIRS,n,2.0NRT,292.11,0.79,N
31.40693,76.85795,310.69,0.4,0.37,2026-06-07,2046,N20,VIIRS,n,2.0NRT,296.19,2.26,N
31.29283,77.33736,303.15,0.41,0.37,2026-06-07,2046,N20,VIIRS,n,2.0NRT,292.85,0.58,N
29.1238,75.77928,311.35,0.39,0.36,2026-06-07,2049,N20,VIIRS,n,2.0NRT,298.74,0.82,N
28.83842,77.13919,312.71,0.42,0.38,2026-06-07,2049,N20,VIIRS,n,2.0NRT,296.99,0.88,N
28.88767,77.10172,307.14,0.42,0.38,2026-06-07,2049,N20,VIIRS,n,2.0NRT,296.91,0.78,N
28.74472,76.92995,310.46,0.42,0.37,2026-06-07,2049,N20,VIIRS,n,2.0NRT,295.68,0.85,N
28.74397,76.93414,317.89,0.42,0.37,2026-06-07,2049,N20,VIIRS,n,2.0NRT,295.28,0.85,N
28.71247,76.83272,305.86,0.41,0.37,2026-06-07,2049,N20,VIIRS,n,2.0NRT,295.65,0.48,N
28.27755,77.27465,309.43,0.43,0.38,2026-06-07,2049,N20,VIIRS,n,2.0NRT,296.38,0.78,N
28.17175,76.85814,306.47,0.42,0.38,2026-06-07,2049,N20,VIIRS,n,2.0NRT,296.23,1.6,N
28.1329,76.89763,309.64,0.42,0.38,2026-06-07,2049,N20,VIIRS,n,2.0NRT,295.31,1.4,N
30.53681,76.20405,343.1,0.39,0.36,2026-06-08,0805,N20,VIIRS,l,2.0NRT,317.99,5.95,D
31.2589,77.18098,347.97,0.41,0.37,2026-06-08,0805,N20,VIIRS,n,2.0NRT,313.79,7.24,D
31.26524,77.12663,338.7,0.4,0.37,2026-06-08,0805,N20,VIIRS,n,2.0NRT,311.19,2.94,D
31.30396,76.94662,335.14,0.4,0.37,2026-06-08,0805,N20,VIIRS,l,2.0NRT,305.61,2.03,D
31.30735,76.94624,334.2,0.4,0.37,2026-06-08,0805,N20,VIIRS,l,2.0NRT,305.9,3.42,D
31.31813,76.9496,336.91,0.4,0.37,2026-06-08,0805,N20,VIIRS,l,2.0NRT,309.6,4.07,D
31.35493,76.91697,338.12,0.4,0.37,2026-06-08,0805,N20,VIIRS,l,2.0NRT,309.21,4.39,D
31.33331,76.66608,340.78,0.4,0.37,2026-06-08,0805,N20,VIIRS,l,2.0NRT,315.11,5.68,D
31.4599,76.86816,346.65,0.4,0.37,2026-06-08,0805,N20,VIIRS,n,2.0NRT,313.79,10.6,D
31.45934,76.86414,339.23,0.4,0.37,2026-06-08,0805,N20,VIIRS,l,2.0NRT,314.04,4.48,D
31.23436,75.12681,341.91,0.38,0.36,2026-06-08,0805,N20,VIIRS,l,2.0NRT,315.04,6.01,D
31.53407,76.55202,347.82,0.39,0.37,2026-06-08,0805,N20,VIIRS,n,2.0NRT,310.4,7.3,D
31.53741,76.55135,354.68,0.39,0.37,2026-06-08,0805,N20,VIIRS,n,2.0NRT,312.54,13.93,D
31.58925,76.56306,338.22,0.4,0.37,2026-06-08,0805,N20,VIIRS,n,2.0NRT,305.79,3.05,D
31.58517,76.53419,339.62,0.39,0.37,2026-06-08,0805,N20,VIIRS,n,2.0NRT,308.84,3.95,D
31.61561,76.24577,346.22,0.39,0.36,2026-06-08,0805,N20,VIIRS,n,2.0NRT,315.15,6.37,D
31.62325,76.20734,344.05,0.39,0.36,2026-06-08,0805,N20,VIIRS,n,2.0NRT,314.04,5.63,D
31.80541,76.83952,346.91,0.4,0.37,2026-06-08,0805,N20,VIIRS,n,2.0NRT,305.78,6.67,D
31.85916,76.79416,345.84,0.4,0.37,2026-06-08,0805,N20,VIIRS,n,2.0NRT,308.65,9.85,D
31.88625,76.9398,332.21,0.4,0.37,2026-06-08,0805,N20,VIIRS,l,2.0NRT,303.12,1.89,D
31.88964,76.93927,336.91,0.4,0.37,2026-06-08,0805,N20,VIIRS,n,2.0NRT,304.13,2.04,D
31.89403,76.89607,342.15,0.4,0.37,2026-06-08,0805,N20,VIIRS,n,2.0NRT,308.2,3.15,D
31.89794,76.89943,331.76,0.4,0.37,2026-06-08,0805,N20,VIIRS,l,2.0NRT,303.49,2.11,D
31.89738,76.89534,347.98,0.4,0.37,2026-06-08,0805,N20,VIIRS,n,2.0NRT,307.32,4.77,D
31.66923,74.92205,346.93,0.38,0.36,2026-06-08,0805,N20,VIIRS,n,2.0NRT,319.29,7.46,D
31.95071,76.40559,342.06,0.39,0.37,2026-06-08,0805,N20,VIIRS,n,2.0NRT,308.5,3.13,D
32.44929,76.00352,338.59,0.39,0.36,2026-06-08,0805,N20,VIIRS,n,2.0NRT,311.62,2.67,D
32.45699,75.96478,343.33,0.39,0.36,2026-06-08,0805,N20,VIIRS,n,2.0NRT,312.25,14.45,D
32.48864,75.6678,339.93,0.39,0.36,2026-06-08,0805,N20,VIIRS,l,2.0NRT,312.29,2.39,D
31.08394,77.0595,343.6,0.4,0.37,2026-06-08,0805,N20,VIIRS,n,2.0NRT,305.83,5.02,D
30.91513,77.12038,349.85,0.4,0.37,2026-06-08,0805,N20,VIIRS,n,2.0NRT,304.5,5.54,D
30.87669,77.17741,345.03,0.4,0.37,2026-06-08,0805,N20,VIIRS,n,2.0NRT,307.17,4.38,D
30.73796,77.45868,350.82,0.41,0.37,2026-06-08,0805,N20,VIIRS,n,2.0NRT,310.34,8.31,D
31.28135,77.34509,347.35,0.41,0.37,2026-06-08,0805,N20,VIIRS,n,2.0NRT,306.94,8.71,D
31.87189,74.30459,340.81,0.39,0.36,2026-06-08,0805,N20,VIIRS,l,2.0NRT,315.45,12.77,D
32.16602,76.01796,343.26,0.39,0.36,2026-06-08,0805,N20,VIIRS,n,2.0NRT,316.96,5.65,D
31.97048,74.47625,344.8,0.39,0.36,2026-06-08,0805,N20,VIIRS,l,2.0NRT,318.64,3,D
32.41853,76.02654,340.04,0.39,0.36,2026-06-08,0805,N20,VIIRS,n,2.0NRT,309.74,2.51,D
32.41796,76.02257,337.38,0.39,0.36,2026-06-08,0805,N20,VIIRS,n,2.0NRT,309.87,2.51,D
32.42865,76.04952,344.53,0.39,0.36,2026-06-08,0805,N20,VIIRS,n,2.0NRT,306,9.29,D
32.43198,76.04897,347.79,0.39,0.36,2026-06-08,0805,N20,VIIRS,n,2.0NRT,305.4,9.29,D
32.00046,75.1983,345.36,0.38,0.36,2026-06-08,0805,N20,VIIRS,l,2.0NRT,319.46,5.8,D
31.99078,75.90871,341.27,0.39,0.36,2026-06-08,0805,N20,VIIRS,l,2.0NRT,314.03,4.52,D
31.92692,75.82101,346.14,0.39,0.36,2026-06-08,0805,N20,VIIRS,l,2.0NRT,318.54,6.72,D
31.25555,77.18179,337.92,0.41,0.37,2026-06-08,0805,N20,VIIRS,l,2.0NRT,312.46,3.51,D
31.25668,77.19006,340.93,0.41,0.37,2026-06-08,0805,N20,VIIRS,l,2.0NRT,312.89,4.84,D
31.254,77.22103,346.19,0.41,0.37,2026-06-08,0805,N20,VIIRS,n,2.0NRT,312.31,7.19,D
31.25001,77.21724,353.39,0.41,0.37,2026-06-08,0805,N20,VIIRS,n,2.0NRT,313.33,7.19,D
31.25118,77.22577,338.21,0.41,0.37,2026-06-08,0805,N20,VIIRS,l,2.0NRT,311.42,5.02,D
31.18827,76.87009,345.44,0.4,0.37,2026-06-08,0805,N20,VIIRS,n,2.0NRT,308.9,9.79,D
31.17965,77.01716,347.62,0.4,0.37,2026-06-08,0805,N20,VIIRS,n,2.0NRT,312.98,7.24,D
28.98864,76.89678,340.6,0.39,0.36,2026-06-08,0807,N20,VIIRS,l,2.0NRT,312.74,8.89,D
29.12288,75.79471,342.95,0.38,0.36,2026-06-08,0807,N20,VIIRS,l,2.0NRT,317.75,5.73,D
29.40298,76.85303,344.22,0.39,0.36,2026-06-08,0807,N20,VIIRS,l,2.0NRT,317.19,11.12,D
29.82086,77.17136,339.59,0.4,0.37,2026-06-08,0807,N20,VIIRS,l,2.0NRT,309.88,3.33,D
29.89779,76.85265,341.45,0.39,0.36,2026-06-08,0807,N20,VIIRS,l,2.0NRT,312.31,6.77,D
30.30678,75.48716,347.3,0.38,0.36,2026-06-08,0807,N20,VIIRS,n,2.0NRT,315.61,3.89,D
30.4947,76.19505,345.25,0.39,0.36,2026-06-08,0807,N20,VIIRS,l,2.0NRT,316.43,8.2,D
30.63158,76.95238,344.9,0.4,0.37,2026-06-08,0807,N20,VIIRS,l,2.0NRT,315.8,6.09,D
30.45567,75.84155,346.29,0.38,0.36,2026-06-08,0807,N20,VIIRS,n,2.0NRT,316.19,2.87,D
32.4729,75.97588,324.21,0.5,0.41,2026-06-08,2029,N20,VIIRS,n,2.0NRT,294.09,2.88,N
30.62893,77.0927,323.77,0.43,0.38,2026-06-08,2029,N20,VIIRS,n,2.0NRT,300.86,3.86,N
30.91302,77.12006,301.85,0.43,0.38,2026-06-08,2029,N20,VIIRS,n,2.0NRT,291.05,0.36,N
31.89415,76.93424,302.54,0.45,0.39,2026-06-08,2029,N20,VIIRS,n,2.0NRT,289.46,1.08,N
31.94343,76.67116,307.01,0.46,0.39,2026-06-08,2029,N20,VIIRS,n,2.0NRT,293.46,0.9,N
32.04814,76.66811,302.14,0.46,0.39,2026-06-08,2029,N20,VIIRS,n,2.0NRT,291.87,0.72,N
32.04879,76.66309,307.38,0.46,0.39,2026-06-08,2029,N20,VIIRS,n,2.0NRT,293,0.72,N
32.24574,76.28838,302.27,0.48,0.4,2026-06-08,2029,N20,VIIRS,n,2.0NRT,291.84,0.59,N
32.43962,76.05034,302.46,0.49,0.41,2026-06-08,2029,N20,VIIRS,n,2.0NRT,291.5,1.12,N
32.47178,75.97496,324.84,0.5,0.41,2026-06-08,2029,N20,VIIRS,n,2.0NRT,294.36,3.06,N
31.35904,76.91811,310.39,0.44,0.39,2026-06-08,2029,N20,VIIRS,n,2.0NRT,293.82,0.95,N
30.34901,76.12971,311.69,0.47,0.39,2026-06-08,2029,N20,VIIRS,n,2.0NRT,297.97,1.71,N
28.83745,77.13984,309.06,0.42,0.37,2026-06-08,2029,N20,VIIRS,n,2.0NRT,297.96,0.85,N
28.81958,77.16695,309.43,0.41,0.37,2026-06-08,2029,N20,VIIRS,n,2.0NRT,299.26,0.97,N
28.78075,76.79733,316.41,0.43,0.38,2026-06-08,2029,N20,VIIRS,n,2.0NRT,298.65,1.58,N
28.74481,76.92783,307.8,0.42,0.38,2026-06-08,2029,N20,VIIRS,n,2.0NRT,297.36,0.79,N
28.77266,76.70229,307.85,0.43,0.38,2026-06-08,2029,N20,VIIRS,n,2.0NRT,297.4,1.27,N
28.7131,77.05332,315.62,0.42,0.37,2026-06-08,2029,N20,VIIRS,n,2.0NRT,299.23,1.02,N
27.66773,76.13016,309.56,0.44,0.38,2026-06-08,2029,N20,VIIRS,n,2.0NRT,298.98,3.94,N
31.94699,76.41574,307.39,0.47,0.4,2026-06-08,2029,N20,VIIRS,n,2.0NRT,294,1.15,N
32.13319,74.178,313.77,0.4,0.45,2026-06-08,2029,N20,VIIRS,n,2.0NRT,301.41,1.88,N
31.80181,76.86938,332.02,0.45,0.39,2026-06-08,2029,N20,VIIRS,n,2.0NRT,293.21,4.16,N
31.82042,76.67268,330.77,0.46,0.39,2026-06-08,2029,N20,VIIRS,n,2.0NRT,295.89,3.36,N
31.82106,76.66777,319.63,0.46,0.39,2026-06-08,2029,N20,VIIRS,n,2.0NRT,295.79,3.36,N
31.74036,77.03265,302.54,0.44,0.39,2026-06-08,2029,N20,VIIRS,n,2.0NRT,290.61,0.56,N
31.67876,77.28028,313.93,0.43,0.38,2026-06-08,2029,N20,VIIRS,n,2.0NRT,289.61,1.62,N
31.67408,77.28863,309.42,0.43,0.38,2026-06-08,2029,N20,VIIRS,n,2.0NRT,288.71,1.22,N
31.70978,76.96296,316.01,0.44,0.39,2026-06-08,2029,N20,VIIRS,n,2.0NRT,292.76,1.03,N
31.63803,76.53832,311.13,0.46,0.39,2026-06-08,2029,N20,VIIRS,n,2.0NRT,296,1.6,N
31.63625,76.54057,308.07,0.46,0.39,2026-06-08,2029,N20,VIIRS,n,2.0NRT,295.82,2.03,N
31.58106,76.54108,334.13,0.46,0.39,2026-06-08,2029,N20,VIIRS,n,2.0NRT,296.65,4.6,N
31.57869,76.53099,323.34,0.46,0.39,2026-06-08,2029,N20,VIIRS,n,2.0NRT,296.34,3.22,N
31.58116,76.51169,306.17,0.46,0.39,2026-06-08,2029,N20,VIIRS,n,2.0NRT,295.73,1.74,N
31.5757,76.52562,328.91,0.46,0.39,2026-06-08,2029,N20,VIIRS,n,2.0NRT,296,4.42,N
31.57509,76.5304,327.88,0.46,0.39,2026-06-08,2029,N20,VIIRS,n,2.0NRT,296.72,3.22,N
31.50707,76.97046,316.78,0.44,0.39,2026-06-08,2029,N20,VIIRS,n,2.0NRT,291.62,1.13,N
31.50643,76.97536,311.43,0.44,0.39,2026-06-08,2029,N20,VIIRS,n,2.0NRT,291.64,1.55,N
31.54212,76.55856,304.98,0.46,0.39,2026-06-08,2029,N20,VIIRS,n,2.0NRT,294.76,0.97,N
31.53598,76.6068,306.55,0.46,0.39,2026-06-08,2029,N20,VIIRS,n,2.0NRT,293.99,1.54,N
31.53181,76.61076,313.38,0.46,0.39,2026-06-08,2029,N20,VIIRS,n,2.0NRT,292.62,2.07,N
31.53135,76.55665,312.61,0.46,0.39,2026-06-08,2029,N20,VIIRS,n,2.0NRT,295.86,1.92,N
31.52465,76.60946,307.81,0.46,0.39,2026-06-08,2029,N20,VIIRS,n,2.0NRT,294.89,1.15,N
31.53306,76.55986,308.68,0.46,0.39,2026-06-08,2029,N20,VIIRS,n,2.0NRT,294.94,2.46,N
31.52673,76.60792,308.21,0.46,0.39,2026-06-08,2029,N20,VIIRS,n,2.0NRT,295.28,1.47,N
31.37974,77.40662,307.1,0.43,0.38,2026-06-08,2029,N20,VIIRS,n,2.0NRT,290.54,0.46,N
31.37903,77.41178,303.11,0.43,0.38,2026-06-08,2029,N20,VIIRS,n,2.0NRT,289.21,0.47,N
31.37628,77.40604,331.62,0.43,0.38,2026-06-08,2029,N20,VIIRS,n,2.0NRT,292.16,3.5,N
31.3756,77.41101,309.46,0.43,0.38,2026-06-08,2029,N20,VIIRS,n,2.0NRT,289.48,0.99,N
31.27637,77.34402,301.9,0.43,0.38,2026-06-08,2029,N20,VIIRS,n,2.0NRT,291.34,1.04,N
31.32057,76.9631,314.29,0.44,0.38,2026-06-08,2029,N20,VIIRS,n,2.0NRT,293.6,1,N
31.31703,76.96263,304.45,0.44,0.38,2026-06-08,2029,N20,VIIRS,n,2.0NRT,293.22,1,N
31.6451,74.15574,309.33,0.4,0.44,2026-06-08,2029,N20,VIIRS,n,2.0NRT,299.19,0.83,N
31.30691,76.95753,303.64,0.44,0.38,2026-06-08,2029,N20,VIIRS,n,2.0NRT,292.45,0.43,N
31.26034,77.27874,311.09,0.43,0.38,2026-06-08,2029,N20,VIIRS,n,2.0NRT,292.16,1.4,N
31.2597,77.28352,319.66,0.43,0.38,2026-06-08,2029,N20,VIIRS,n,2.0NRT,292.62,1.4,N
31.2568,77.27866,315.78,0.43,0.38,2026-06-08,2029,N20,VIIRS,n,2.0NRT,291.91,1.78,N
31.25614,77.2836,319.83,0.43,0.38,2026-06-08,2029,N20,VIIRS,n,2.0NRT,292.38,1.78,N
31.26078,76.92515,306.88,0.44,0.39,2026-06-08,2029,N20,VIIRS,n,2.0NRT,294.56,1.01,N
31.19516,76.87651,307.01,0.44,0.39,2026-06-08,2029,N20,VIIRS,n,2.0NRT,292.91,1.18,N
31.29829,75.79462,312.35,0.49,0.4,2026-06-08,2029,N20,VIIRS,n,2.0NRT,296.77,0.91,N
31.29677,75.79228,311.38,0.49,0.4,2026-06-08,2029,N20,VIIRS,n,2.0NRT,296.29,1.26,N
30.932,77.20119,320.37,0.43,0.38,2026-06-08,2029,N20,VIIRS,n,2.0NRT,291.9,1.86,N
30.92348,77.07828,306.57,0.43,0.38,2026-06-08,2029,N20,VIIRS,n,2.0NRT,290.57,0.75,N
30.9221,77.07988,309.16,0.43,0.38,2026-06-08,2029,N20,VIIRS,n,2.0NRT,290.39,0.5,N
29.21709,75.70926,346.11,0.53,0.42,2026-06-09,0746,N20,VIIRS,l,2.0NRT,318.76,64.94,D
29.24277,75.88548,340.86,0.52,0.41,2026-06-09,0746,N20,VIIRS,l,2.0NRT,315.48,1.84,D
30.40809,73.52396,343.51,0.44,0.46,2026-06-09,0746,N20,VIIRS,n,2.0NRT,308.75,5.18,D
30.45369,73.74337,331.26,0.42,0.46,2026-06-09,0746,N20,VIIRS,l,2.0NRT,305.15,1.16,D
30.44856,73.78124,347.67,0.42,0.45,2026-06-09,0746,N20,VIIRS,n,2.0NRT,310.53,5.93,D
30.41003,73.65874,343.17,0.43,0.46,2026-06-09,0746,N20,VIIRS,n,2.0NRT,307.44,4.24,D
30.41094,73.66311,333.71,0.43,0.46,2026-06-09,0746,N20,VIIRS,l,2.0NRT,306.65,4.24,D
30.40315,73.64674,330.48,0.43,0.46,2026-06-09,0746,N20,VIIRS,l,2.0NRT,305.01,2.29,D
30.4059,73.65987,343.01,0.43,0.46,2026-06-09,0746,N20,VIIRS,n,2.0NRT,306.16,4.24,D
30.43154,73.83467,332.01,0.42,0.45,2026-06-09,0746,N20,VIIRS,l,2.0NRT,306.09,1.16,D
30.61163,75.21788,342.88,0.53,0.42,2026-06-09,0746,N20,VIIRS,l,2.0NRT,316.83,10.86,D
29.73303,75.89053,350.55,0.51,0.41,2026-06-09,0746,N20,VIIRS,n,2.0NRT,314.72,8,D
30.86135,76.91673,339.26,0.44,0.39,2026-06-09,0746,N20,VIIRS,l,2.0NRT,312.35,6.75,D
29.22839,76.14475,341.4,0.5,0.41,2026-06-09,0746,N20,VIIRS,l,2.0NRT,315.41,2.26,D
30.85985,77.30304,334.83,0.43,0.38,2026-06-09,0746,N20,VIIRS,n,2.0NRT,305.31,3.39,D
30.74015,77.13473,340.58,0.44,0.38,2026-06-09,0746,N20,VIIRS,n,2.0NRT,309.98,5.79,D
29.90137,73.62733,345.2,0.44,0.46,2026-06-09,0746,N20,VIIRS,n,2.0NRT,309.83,2.6,D
30.27958,76.21194,346.13,0.48,0.4,2026-06-09,0746,N20,VIIRS,l,2.0NRT,317.43,4.46,D
29.80429,73.9847,342.85,0.42,0.45,2026-06-09,0746,N20,VIIRS,n,2.0NRT,308.29,14.06,D
29.80235,73.98413,346.11,0.42,0.46,2026-06-09,0746,N20,VIIRS,n,2.0NRT,308.12,10.57,D
30.07883,76.2095,340,0.49,0.4,2026-06-09,0746,N20,VIIRS,l,2.0NRT,314.67,11.55,D
30.47398,73.77885,335,0.42,0.45,2026-06-09,0746,N20,VIIRS,l,2.0NRT,307.11,1.67,D
30.85218,73.86707,343.08,0.41,0.45,2026-06-09,0748,N20,VIIRS,n,2.0NRT,309.44,9.96,D
30.48543,73.66576,338.33,0.43,0.46,2026-06-09,0748,N20,VIIRS,l,2.0NRT,310.31,2.36,D
30.48919,73.64162,331.71,0.43,0.46,2026-06-09,0748,N20,VIIRS,l,2.0NRT,306.5,4.31,D
30.62796,73.78255,334.39,0.42,0.45,2026-06-09,0748,N20,VIIRS,l,2.0NRT,305.55,1.79,D
30.58457,73.56963,333.53,0.43,0.46,2026-06-09,0748,N20,VIIRS,l,2.0NRT,308.06,2.29,D
30.57462,73.52103,342.95,0.43,0.46,2026-06-09,0748,N20,VIIRS,n,2.0NRT,307.49,5.89,D
30.57371,73.51659,335.25,0.44,0.46,2026-06-09,0748,N20,VIIRS,l,2.0NRT,309.7,4.75,D
30.6862,74.02917,352.93,0.41,0.45,2026-06-09,0748,N20,VIIRS,n,2.0NRT,309.62,8.51,D
30.58108,73.50987,331.17,0.44,0.46,2026-06-09,0748,N20,VIIRS,l,2.0NRT,304.9,1.26,D
30.64359,73.74305,337.54,0.42,0.45,2026-06-09,0748,N20,VIIRS,l,2.0NRT,310.69,14.42,D
30.64768,73.74194,346.78,0.42,0.45,2026-06-09,0748,N20,VIIRS,n,2.0NRT,311.42,14.42,D
30.61871,73.60325,337.08,0.43,0.46,2026-06-09,0748,N20,VIIRS,l,2.0NRT,308.24,3.05,D
30.70505,73.99852,335.79,0.41,0.45,2026-06-09,0748,N20,VIIRS,l,2.0NRT,308.18,1.69,D
31.32932,77.24857,334.08,0.43,0.38,2026-06-09,0748,N20,VIIRS,l,2.0NRT,307.91,5.35,D
30.65316,73.7268,348.85,0.42,0.45,2026-06-09,0748,N20,VIIRS,n,2.0NRT,311.83,39.31,D
31.33278,77.24795,346.38,0.43,0.38,2026-06-09,0748,N20,VIIRS,n,2.0NRT,307.84,8.82,D
30.67761,73.82404,332.82,0.42,0.45,2026-06-09,0748,N20,VIIRS,l,2.0NRT,307.34,1.66,D
30.64738,73.67819,355.07,0.42,0.46,2026-06-09,0748,N20,VIIRS,n,2.0NRT,309.89,12.07,D
31.3818,77.40593,337.57,0.42,0.38,2026-06-09,0748,N20,VIIRS,n,2.0NRT,305.46,4.23,D
31.3022,76.9532,333.84,0.44,0.38,2026-06-09,0748,N20,VIIRS,l,2.0NRT,305.23,3.53,D
30.75583,73.99789,337.04,0.41,0.45,2026-06-09,0748,N20,VIIRS,n,2.0NRT,306.51,3.06,D
30.6812,73.63217,343.53,0.43,0.46,2026-06-09,0748,N20,VIIRS,n,2.0NRT,310.41,5.65,D
31.31922,76.9472,344,0.44,0.38,2026-06-09,0748,N20,VIIRS,n,2.0NRT,305.54,4.3,D
30.8084,74.23813,338.03,0.39,0.44,2026-06-09,0748,N20,VIIRS,l,2.0NRT,310.78,2.18,D
30.76882,73.91501,346.43,0.41,0.45,2026-06-09,0748,N20,VIIRS,n,2.0NRT,305.84,5.67,D
31.34656,76.91772,335.53,0.44,0.38,2026-06-09,0748,N20,VIIRS,l,2.0NRT,307.62,10.02,D
30.79099,73.96193,334.57,0.41,0.45,2026-06-09,0748,N20,VIIRS,l,2.0NRT,309.14,2.71,D
31.43227,77.34853,340.48,0.42,0.38,2026-06-09,0748,N20,VIIRS,l,2.0NRT,306.83,15.53,D
30.88702,73.97659,334.51,0.41,0.45,2026-06-09,0748,N20,VIIRS,l,2.0NRT,306.09,3.78,D
30.88619,73.97244,343.79,0.41,0.45,2026-06-09,0748,N20,VIIRS,n,2.0NRT,306.94,3.78,D
30.88519,73.94637,340.77,0.41,0.45,2026-06-09,0748,N20,VIIRS,n,2.0NRT,306.76,2.25,D
30.8913,73.87503,342.05,0.41,0.45,2026-06-09,0748,N20,VIIRS,n,2.0NRT,311.64,4.81,D
30.92166,73.98105,336.74,0.4,0.45,2026-06-09,0748,N20,VIIRS,l,2.0NRT,307,1.8,D
31.48253,76.87818,336.76,0.44,0.38,2026-06-09,0748,N20,VIIRS,n,2.0NRT,306.31,5.59,D
31.29492,75.79615,340.31,0.49,0.4,2026-06-09,0748,N20,VIIRS,l,2.0NRT,314.02,5.21,D
31.29856,75.79523,339.36,0.49,0.4,2026-06-09,0748,N20,VIIRS,l,2.0NRT,313.76,5.21,D
30.99215,74.224,352.79,0.39,0.44,2026-06-09,0748,N20,VIIRS,n,2.0NRT,312.39,7.27,D
30.94844,74.00863,344.59,0.4,0.44,2026-06-09,0748,N20,VIIRS,n,2.0NRT,311.97,8.66,D
30.86142,73.54397,345.31,0.43,0.46,2026-06-09,0748,N20,VIIRS,n,2.0NRT,311.78,7,D
31.51718,76.86956,346.63,0.44,0.38,2026-06-09,0748,N20,VIIRS,n,2.0NRT,304.98,7.84,D
32.14347,76.43079,337.43,0.45,0.39,2026-06-09,0748,N20,VIIRS,n,2.0NRT,302.75,6.54,D
31.66876,73.88499,343.74,0.4,0.44,2026-06-09,0748,N20,VIIRS,n,2.0NRT,311.24,3.49,D
31.83986,74.57192,340.46,0.54,0.42,2026-06-09,0748,N20,VIIRS,l,2.0NRT,312.95,4.76,D
32.20583,76.09389,344.03,0.46,0.39,2026-06-09,0748,N20,VIIRS,n,2.0NRT,309.31,5.28,D
31.87151,74.11691,341.32,0.57,0.43,2026-06-09,0748,N20,VIIRS,l,2.0NRT,315.39,8.91,D
32.43457,74.94332,345.04,0.51,0.41,2026-06-09,0748,N20,VIIRS,l,2.0NRT,317.56,9.24,D
30.94325,74.32079,337.09,0.39,0.44,2026-06-09,0748,N20,VIIRS,l,2.0NRT,311.71,1.6,D
30.49331,73.64049,344.18,0.43,0.46,2026-06-09,0748,N20,VIIRS,n,2.0NRT,308.68,4.31,D
31.01787,76.32364,344.87,0.47,0.39,2026-06-09,0748,N20,VIIRS,n,2.0NRT,312.32,5.71,D
30.49043,73.56219,345.39,0.43,0.46,2026-06-09,0748,N20,VIIRS,n,2.0NRT,307.42,4.75,D
30.49142,73.5627,344.04,0.43,0.46,2026-06-09,0748,N20,VIIRS,n,2.0NRT,307.2,4.14,D
30.50432,73.58245,343.7,0.43,0.46,2026-06-09,0748,N20,VIIRS,n,2.0NRT,309.08,7.22,D
30.55091,73.68066,348.46,0.43,0.46,2026-06-09,0748,N20,VIIRS,n,2.0NRT,308.69,16.91,D
30.53275,73.59322,353.07,0.43,0.46,2026-06-09,0748,N20,VIIRS,n,2.0NRT,310.77,20.47,D
30.65655,74.15444,336.32,0.4,0.44,2026-06-09,0748,N20,VIIRS,l,2.0NRT,308.95,4.74,D
30.60033,73.85769,335.75,0.42,0.45,2026-06-09,0748,N20,VIIRS,l,2.0NRT,307.18,3.02,D
30.61564,73.91159,344.37,0.41,0.45,2026-06-09,0748,N20,VIIRS,n,2.0NRT,308.81,7.52,D
30.59654,73.81826,340.59,0.42,0.45,2026-06-09,0748,N20,VIIRS,n,2.0NRT,307.61,4.19,D
30.55742,73.62817,343.72,0.43,0.46,2026-06-09,0748,N20,VIIRS,n,2.0NRT,308.49,10.59,D
30.55652,73.62379,347.73,0.43,0.46,2026-06-09,0748,N20,VIIRS,n,2.0NRT,309.61,17.09,D
30.61538,73.88938,343.66,0.41,0.45,2026-06-09,0748,N20,VIIRS,n,2.0NRT,308.55,2.71,D
30.56424,73.64014,342.85,0.43,0.46,2026-06-09,0748,N20,VIIRS,n,2.0NRT,307.85,1.87,D
30.62409,73.86911,339.34,0.42,0.45,2026-06-09,0748,N20,VIIRS,n,2.0NRT,308.71,3.76,D
30.59749,73.65406,337.8,0.43,0.46,2026-06-09,0748,N20,VIIRS,l,2.0NRT,308.17,3.79,D
30.59302,73.63222,343.89,0.43,0.46,2026-06-09,0748,N20,VIIRS,n,2.0NRT,308.17,5.8,D
30.59213,73.62783,340.8,0.43,0.46,2026-06-09,0748,N20,VIIRS,n,2.0NRT,307.3,5.8,D
31.43111,77.34615,342.4,0.42,0.38,2026-06-09,0748,N20,VIIRS,n,2.0NRT,310.7,29.18,D
31.36218,76.85783,344.18,0.44,0.38,2026-06-09,0748,N20,VIIRS,n,2.0NRT,305.59,5.36,D
31.36141,76.85355,337.93,0.44,0.38,2026-06-09,0748,N20,VIIRS,n,2.0NRT,304.66,5.36,D
30.82097,74.04688,331.16,0.4,0.44,2026-06-09,0748,N20,VIIRS,l,2.0NRT,305.62,2.09,D
30.78756,73.88473,344.79,0.41,0.45,2026-06-09,0748,N20,VIIRS,n,2.0NRT,309.6,16.22,D
30.7867,73.88053,336.69,0.41,0.45,2026-06-09,0748,N20,VIIRS,l,2.0NRT,307.75,9.77,D
30.88422,74.33663,343.73,0.39,0.44,2026-06-09,0748,N20,VIIRS,n,2.0NRT,313.43,5.86,D
30.73656,73.61864,346.22,0.43,0.46,2026-06-09,0748,N20,VIIRS,n,2.0NRT,313.22,34.66,D
30.73565,73.61428,339.92,0.43,0.46,2026-06-09,0748,N20,VIIRS,n,2.0NRT,308.99,17.15,D
30.83318,74.06527,342.09,0.4,0.44,2026-06-09,0748,N20,VIIRS,n,2.0NRT,305.11,4.23,D
30.86769,74.19337,344.32,0.39,0.44,2026-06-09,0748,N20,VIIRS,n,2.0NRT,312,4.43,D
30.83487,73.99081,337.44,0.41,0.45,2026-06-09,0748,N20,VIIRS,l,2.0NRT,308.49,0.83,D
30.82716,73.80701,335.81,0.41,0.45,2026-06-09,0748,N20,VIIRS,l,2.0NRT,307.42,3.93,D
30.83121,73.80589,342.49,0.41,0.45,2026-06-09,0748,N20,VIIRS,n,2.0NRT,307.83,3.93,D
30.83035,73.80166,344.25,0.42,0.45,2026-06-09,0748,N20,VIIRS,n,2.0NRT,311.51,3.93,D
31.00117,74.12369,338.75,0.4,0.44,2026-06-09,0748,N20,VIIRS,l,2.0NRT,309.86,5.46,D
31.00677,74.13073,343.12,0.4,0.44,2026-06-09,0748,N20,VIIRS,n,2.0NRT,310.62,7.61,D
31.00596,74.12666,339.46,0.4,0.44,2026-06-09,0748,N20,VIIRS,l,2.0NRT,312.42,5.46,D
31.47544,76.51344,330.88,0.45,0.39,2026-06-09,0748,N20,VIIRS,l,2.0NRT,301.97,5.34,D
31.50271,76.50155,336.81,0.45,0.39,2026-06-09,0748,N20,VIIRS,n,2.0NRT,304.39,8.48,D
31.42934,76.09395,341.31,0.47,0.4,2026-06-09,0748,N20,VIIRS,n,2.0NRT,312.08,5.93,D
31.53477,76.55979,339.41,0.45,0.39,2026-06-09,0748,N20,VIIRS,l,2.0NRT,300.22,6.51,D
31.29432,75.13522,339.67,0.52,0.42,2026-06-09,0748,N20,VIIRS,l,2.0NRT,313.76,9.04,D
31.60565,76.46427,333.03,0.45,0.39,2026-06-09,0748,N20,VIIRS,l,2.0NRT,299.81,8.03,D
31.60417,76.46067,340.33,0.45,0.39,2026-06-09,0748,N20,VIIRS,n,2.0NRT,300.25,8.42,D
31.58154,76.31766,333.74,0.46,0.39,2026-06-09,0748,N20,VIIRS,l,2.0NRT,307.37,7.32,D
31.58067,76.31295,333.98,0.46,0.39,2026-06-09,0748,N20,VIIRS,l,2.0NRT,308.01,7.62,D
31.58237,76.26188,338.87,0.46,0.39,2026-06-09,0748,N20,VIIRS,l,2.0NRT,311.47,5.13,D
31.58147,76.25701,343.44,0.46,0.39,2026-06-09,0748,N20,VIIRS,n,2.0NRT,310.87,5.13,D
31.65894,76.19296,341.39,0.46,0.39,2026-06-09,0748,N20,VIIRS,l,2.0NRT,312.34,7.76,D
31.47977,75.2238,343.45,0.51,0.41,2026-06-09,0748,N20,VIIRS,n,2.0NRT,316.67,15.55,D
31.66032,76.19022,339.77,0.46,0.39,2026-06-09,0748,N20,VIIRS,l,2.0NRT,310.48,5.01,D
31.47986,75.22192,345.91,0.51,0.41,2026-06-09,0748,N20,VIIRS,n,2.0NRT,317.91,13.89,D
31.19328,73.73696,347.78,0.41,0.45,2026-06-09,0748,N20,VIIRS,n,2.0NRT,312.26,5.97,D
31.79309,76.63496,334.2,0.44,0.39,2026-06-09,0748,N20,VIIRS,l,2.0NRT,307.78,3.56,D
31.55164,75.14733,337.55,0.52,0.41,2026-06-09,0748,N20,VIIRS,l,2.0NRT,308.57,3.47,D
31.56454,75.13272,347.63,0.52,0.41,2026-06-09,0748,N20,VIIRS,n,2.0NRT,313.67,7.31,D
31.58164,75.12032,348.57,0.52,0.41,2026-06-09,0748,N20,VIIRS,n,2.0NRT,314.55,34.97,D
31.40226,74.1779,336.06,0.39,0.44,2026-06-09,0748,N20,VIIRS,l,2.0NRT,310.73,2.81,D
31.60626,75.18656,339.92,0.51,0.41,2026-06-09,0748,N20,VIIRS,l,2.0NRT,314.72,13.33,D
31.71712,74.94701,348.52,0.52,0.42,2026-06-09,0748,N20,VIIRS,n,2.0NRT,307.17,6.15,D
31.87685,75.10564,339.41,0.51,0.41,2026-06-09,0748,N20,VIIRS,l,2.0NRT,312.87,10.45,D
31.91705,74.00151,345.25,0.39,0.44,2026-06-09,0748,N20,VIIRS,n,2.0NRT,312.86,3.76,D
32.31115,75.96912,336.02,0.46,0.39,2026-06-09,0748,N20,VIIRS,l,2.0NRT,309.09,4.83,D
31.88389,73.55058,341.69,0.41,0.45,2026-06-09,0748,N20,VIIRS,n,2.0NRT,309.77,4.89,D
31.98765,73.96082,355.55,0.39,0.44,2026-06-09,0748,N20,VIIRS,n,2.0NRT,311.78,9.71,D
32.43706,75.99699,345.2,0.46,0.39,2026-06-09,0748,N20,VIIRS,n,2.0NRT,308.83,9.54,D
32.45434,76.03056,340.2,0.46,0.39,2026-06-09,0748,N20,VIIRS,n,2.0NRT,307.86,11.96,D
32.4549,75.97293,334.58,0.46,0.39,2026-06-09,0748,N20,VIIRS,n,2.0NRT,308.95,3.35,D
32.3105,75.01497,344.51,0.51,0.41,2026-06-09,0748,N20,VIIRS,l,2.0NRT,314.91,7.67,D
32.47151,75.10538,340.65,0.34,0.56,2026-06-09,2010,N20,VIIRS,n,2.0NRT,296,3.55,N
32.47234,75.09441,315.16,0.34,0.56,2026-06-09,2010,N20,VIIRS,n,2.0NRT,294.93,0.74,N
32.47206,75.09806,306.18,0.34,0.56,2026-06-09,2010,N20,VIIRS,n,2.0NRT,294.71,0.74,N
32.22586,76.29247,304.67,0.57,0.52,2026-06-09,2010,N20,VIIRS,n,2.0NRT,292.58,1.17,N
32.22596,76.29323,304.65,0.57,0.52,2026-06-09,2010,N20,VIIRS,n,2.0NRT,292.47,1.3,N
32.14861,76.3476,306.16,0.57,0.52,2026-06-09,2010,N20,VIIRS,n,2.0NRT,293.32,2.28,N
32.08476,74.15815,310.61,0.38,0.59,2026-06-09,2010,N20,VIIRS,n,2.0NRT,297.84,0.95,N
32.0842,74.16634,308.46,0.38,0.59,2026-06-09,2010,N20,VIIRS,n,2.0NRT,297.97,1.13,N
32.08874,74.16052,313.06,0.38,0.59,2026-06-09,2010,N20,VIIRS,n,2.0NRT,298.89,1.61,N
31.83377,76.67368,307.65,0.54,0.51,2026-06-09,2010,N20,VIIRS,n,2.0NRT,292.74,2.33,N
31.82953,76.66839,305.29,0.54,0.51,2026-06-09,2010,N20,VIIRS,n,2.0NRT,292.41,2.52,N
31.82545,76.66138,316.42,0.54,0.51,2026-06-09,2010,N20,VIIRS,n,2.0NRT,293.08,2.73,N
31.83113,74.96882,306.21,0.34,0.56,2026-06-09,2010,N20,VIIRS,n,2.0NRT,295.34,0.6,N
31.51891,76.57043,305.88,0.54,0.51,2026-06-09,2010,N20,VIIRS,n,2.0NRT,293.16,1.22,N
31.45597,76.99617,320.92,0.51,0.49,2026-06-09,2010,N20,VIIRS,n,2.0NRT,288.95,3.04,N
31.45538,77.00256,302.69,0.51,0.49,2026-06-09,2010,N20,VIIRS,n,2.0NRT,289.03,1.9,N
31.49141,76.34583,317.57,0.56,0.51,2026-06-09,2010,N20,VIIRS,n,2.0NRT,297.45,4.2,N
31.47205,76.512,306.06,0.55,0.51,2026-06-09,2010,N20,VIIRS,n,2.0NRT,294.67,2.26,N
31.47103,76.52364,306.58,0.55,0.51,2026-06-09,2010,N20,VIIRS,n,2.0NRT,294.37,2.39,N
31.46741,76.51082,307.03,0.55,0.51,2026-06-09,2010,N20,VIIRS,n,2.0NRT,293.91,1.12,N
31.49059,76.3452,307.89,0.56,0.51,2026-06-09,2010,N20,VIIRS,n,2.0NRT,296.93,2.87,N
31.47015,76.51093,307.24,0.55,0.51,2026-06-09,2010,N20,VIIRS,n,2.0NRT,293.87,2,N
31.46958,76.51699,306.53,0.55,0.51,2026-06-09,2010,N20,VIIRS,n,2.0NRT,295.13,2,N
31.46903,76.5227,312.29,0.54,0.51,2026-06-09,2010,N20,VIIRS,n,2.0NRT,295.37,2.68,N
31.40462,76.80439,315.2,0.52,0.5,2026-06-09,2010,N20,VIIRS,n,2.0NRT,293.7,2.67,N
31.36752,76.85257,317.43,0.52,0.5,2026-06-09,2010,N20,VIIRS,n,2.0NRT,294.42,3.44,N
31.35578,76.77835,316.05,0.53,0.5,2026-06-09,2010,N20,VIIRS,n,2.0NRT,295.76,3.25,N
31.25364,77.21319,313.65,0.49,0.49,2026-06-09,2010,N20,VIIRS,n,2.0NRT,291.74,3.36,N
31.29906,75.79204,307.88,0.6,0.53,2026-06-09,2010,N20,VIIRS,n,2.0NRT,295.92,1.66,N
31.11944,77.07474,303.03,0.5,0.49,2026-06-09,2010,N20,VIIRS,n,2.0NRT,292.24,1.05,N
31.1189,77.08038,303.56,0.5,0.49,2026-06-09,2010,N20,VIIRS,n,2.0NRT,292.54,1.05,N
30.94436,77.00908,316.51,0.5,0.49,2026-06-09,2010,N20,VIIRS,n,2.0NRT,292.89,1.91,N
30.89506,77.327,303.54,0.48,0.48,2026-06-09,2010,N20,VIIRS,n,2.0NRT,289.84,0.77,N
30.89074,77.3252,308.88,0.48,0.48,2026-06-09,2010,N20,VIIRS,n,2.0NRT,289,0.77,N
30.97921,74.14062,323.74,0.37,0.58,2026-06-09,2010,N20,VIIRS,n,2.0NRT,297.81,1.81,N
30.63675,77.32531,317.83,0.48,0.48,2026-06-09,2010,N20,VIIRS,n,2.0NRT,293.58,3.19,N
30.63227,77.3254,325.74,0.48,0.48,2026-06-09,2010,N20,VIIRS,n,2.0NRT,294.33,3.19,N
30.63736,77.3244,316.01,0.48,0.48,2026-06-09,2010,N20,VIIRS,n,2.0NRT,293.53,3.33,N
30.63287,77.32449,326,0.48,0.48,2026-06-09,2010,N20,VIIRS,n,2.0NRT,293.67,3.33,N
30.10169,76.25517,309.96,0.55,0.51,2026-06-09,2010,N20,VIIRS,n,2.0NRT,294.95,0.98,N
32.22394,76.29328,302.7,0.77,0.77,2026-06-09,2150,N20,VIIRS,n,2.0NRT,288.13,1.37,N
32.22599,76.29396,301.49,0.77,0.77,2026-06-09,2150,N20,VIIRS,n,2.0NRT,287.99,1.07,N
31.43586,74.97316,367,0.32,0.55,2026-06-10,0729,N20,VIIRS,h,2.0NRT,315.5,7.16,D
32.06693,76.18173,333.61,0.53,0.5,2026-06-10,0729,N20,VIIRS,l,2.0NRT,307.42,15.19,D
32.0657,76.17614,346.07,0.53,0.5,2026-06-10,0729,N20,VIIRS,n,2.0NRT,314.24,32.81,D
32.06628,76.1796,343.88,0.53,0.5,2026-06-10,0729,N20,VIIRS,n,2.0NRT,308.79,75.42,D
32.22015,76.30634,330.96,0.52,0.5,2026-06-10,0729,N20,VIIRS,n,2.0NRT,300.07,3.55,D
31.95828,75.06257,338.63,0.62,0.54,2026-06-10,0729,N20,VIIRS,l,2.0NRT,311.93,7.63,D
30.0821,76.92706,350.11,0.53,0.5,2026-06-10,0729,N20,VIIRS,n,2.0NRT,307.4,8.92,D
29.93234,74.54697,335.54,0.37,0.58,2026-06-10,0729,N20,VIIRS,n,2.0NRT,303.64,3.32,D
29.93066,74.54339,335.06,0.37,0.58,2026-06-10,0729,N20,VIIRS,n,2.0NRT,304.1,4.63,D
30.7028,77.33014,332.87,0.49,0.49,2026-06-10,0729,N20,VIIRS,n,2.0NRT,299.17,3.62,D
30.52363,76.18713,345.76,0.57,0.52,2026-06-10,0729,N20,VIIRS,n,2.0NRT,306.1,8.03,D
30.52409,76.18509,342.25,0.57,0.52,2026-06-10,0729,N20,VIIRS,n,2.0NRT,306.87,9.1,D
30.5401,76.0805,344.09,0.58,0.52,2026-06-10,0729,N20,VIIRS,n,2.0NRT,307.66,9.93,D
30.94523,77.30348,347.86,0.49,0.48,2026-06-10,0729,N20,VIIRS,n,2.0NRT,303.28,8.18,D
30.76118,76.17461,334.79,0.57,0.52,2026-06-10,0729,N20,VIIRS,n,2.0NRT,304.5,2.84,D
30.75842,76.17809,330.17,0.57,0.52,2026-06-10,0729,N20,VIIRS,l,2.0NRT,303.04,3.38,D
30.94933,77.00797,340.92,0.5,0.49,2026-06-10,0729,N20,VIIRS,n,2.0NRT,302.31,5.88,D
30.79104,76.27815,332.18,0.56,0.51,2026-06-10,0729,N20,VIIRS,l,2.0NRT,304.96,1.38,D
30.36646,73.69083,342.55,0.4,0.6,2026-06-10,0729,N20,VIIRS,n,2.0NRT,304.94,2.98,D
30.72458,75.0392,367,0.33,0.55,2026-06-10,0729,N20,VIIRS,h,2.0NRT,310.49,11.65,D
30.35805,73.51649,336.45,0.41,0.61,2026-06-10,0729,N20,VIIRS,n,2.0NRT,303.68,3.34,D
30.87192,75.57867,348.28,0.61,0.53,2026-06-10,0729,N20,VIIRS,n,2.0NRT,308.48,8.47,D
30.43752,73.53067,340.23,0.41,0.61,2026-06-10,0729,N20,VIIRS,n,2.0NRT,305,2.91,D
31.00597,75.85579,337.03,0.59,0.52,2026-06-10,0729,N20,VIIRS,l,2.0NRT,309.38,7.2,D
31.2891,77.1077,341.57,0.49,0.49,2026-06-10,0729,N20,VIIRS,n,2.0NRT,302.67,6.11,D
31.2934,77.10622,335.17,0.49,0.49,2026-06-10,0729,N20,VIIRS,n,2.0NRT,300.36,6.11,D
31.28954,77.11172,335.69,0.49,0.49,2026-06-10,0729,N20,VIIRS,n,2.0NRT,301.95,6.83,D
31.00599,75.85493,336.9,0.58,0.52,2026-06-10,0729,N20,VIIRS,l,2.0NRT,309.27,8.28,D
31.29255,77.10436,340.32,0.49,0.49,2026-06-10,0729,N20,VIIRS,n,2.0NRT,301.17,6.27,D
30.53981,73.68419,330.57,0.4,0.6,2026-06-10,0729,N20,VIIRS,l,2.0NRT,302.68,1.12,D
31.32444,77.03844,339.54,0.49,0.49,2026-06-10,0729,N20,VIIRS,n,2.0NRT,302.84,5.59,D
30.61235,73.90913,348.56,0.39,0.59,2026-06-10,0729,N20,VIIRS,n,2.0NRT,304.15,4.7,D
30.54984,73.65469,332.29,0.4,0.6,2026-06-10,0729,N20,VIIRS,l,2.0NRT,304.81,2.71,D
30.62623,73.89613,347.79,0.39,0.59,2026-06-10,0729,N20,VIIRS,n,2.0NRT,303.32,3.45,D
31.32988,76.93478,342.8,0.5,0.49,2026-06-10,0729,N20,VIIRS,n,2.0NRT,304.87,5.28,D
31.01241,75.4409,351.45,0.62,0.54,2026-06-10,0729,N20,VIIRS,n,2.0NRT,308.47,8.33,D
30.62629,73.80264,331.11,0.39,0.6,2026-06-10,0729,N20,VIIRS,l,2.0NRT,303.15,2.74,D
31.34818,76.93311,337.78,0.5,0.49,2026-06-10,0729,N20,VIIRS,n,2.0NRT,305.38,4.08,D
30.6788,73.99626,331.35,0.38,0.59,2026-06-10,0729,N20,VIIRS,l,2.0NRT,303.64,2.29,D
30.64071,73.81498,353.01,0.39,0.59,2026-06-10,0729,N20,VIIRS,n,2.0NRT,303.58,4.76,D
30.61071,73.69137,333.31,0.4,0.6,2026-06-10,0729,N20,VIIRS,l,2.0NRT,305.24,3.03,D
30.571,73.52856,330,0.41,0.61,2026-06-10,0729,N20,VIIRS,l,2.0NRT,303.55,2.28,D
31.47798,76.51466,332.83,0.52,0.5,2026-06-10,0729,N20,VIIRS,l,2.0NRT,302.94,3.49,D
31.47673,76.50893,336.94,0.52,0.5,2026-06-10,0729,N20,VIIRS,n,2.0NRT,303.22,6.97,D
31.04965,74.57995,340.14,0.35,0.56,2026-06-10,0729,N20,VIIRS,l,2.0NRT,313.33,6,D
30.9396,74.1154,331.8,0.37,0.58,2026-06-10,0729,N20,VIIRS,l,2.0NRT,303.68,2.74,D
31.47798,76.51219,343.95,0.52,0.5,2026-06-10,0729,N20,VIIRS,n,2.0NRT,303.74,7.53,D
30.91389,74.08321,335.34,0.37,0.58,2026-06-10,0729,N20,VIIRS,l,2.0NRT,305.92,3.05,D
31.05161,74.57879,341.55,0.35,0.56,2026-06-10,0729,N20,VIIRS,l,2.0NRT,315.24,6.52,D
30.95115,74.14383,330.38,0.37,0.58,2026-06-10,0729,N20,VIIRS,l,2.0NRT,302.66,1.21,D
31.22312,75.16545,343.8,0.63,0.54,2026-06-10,0729,N20,VIIRS,n,2.0NRT,310.95,12.97,D
30.84348,73.52357,334.82,0.4,0.6,2026-06-10,0729,N20,VIIRS,n,2.0NRT,304.42,1.42,D
31.31082,75.34286,336.29,0.62,0.54,2026-06-10,0729,N20,VIIRS,l,2.0NRT,307.6,5.62,D
31.0314,74.15384,336.53,0.37,0.58,2026-06-10,0729,N20,VIIRS,n,2.0NRT,304.91,3.92,D
31.03833,74.15958,330.97,0.37,0.58,2026-06-10,0729,N20,VIIRS,l,2.0NRT,305.5,1.77,D
31.29169,75.03045,354.95,0.32,0.55,2026-06-10,0729,N20,VIIRS,n,2.0NRT,314.18,7.09,D
31.32234,75.09403,367,0.32,0.54,2026-06-10,0729,N20,VIIRS,h,2.0NRT,314.17,9.91,D
31.32158,75.0908,352.65,0.32,0.54,2026-06-10,0729,N20,VIIRS,n,2.0NRT,312.44,9.91,D
31.49067,75.55723,349.52,0.59,0.53,2026-06-10,0729,N20,VIIRS,n,2.0NRT,308.16,13.05,D
31.4896,75.55607,343.01,0.59,0.53,2026-06-10,0729,N20,VIIRS,n,2.0NRT,308.43,18.5,D
31.76544,76.70326,338.18,0.5,0.49,2026-06-10,0729,N20,VIIRS,n,2.0NRT,300.62,4.77,D
31.65778,76.20154,342.9,0.54,0.51,2026-06-10,0729,N20,VIIRS,n,2.0NRT,307.58,6.95,D
31.08585,73.70031,338.72,0.39,0.59,2026-06-10,0729,N20,VIIRS,n,2.0NRT,305.34,3.04,D
31.43509,74.96988,338.43,0.32,0.55,2026-06-10,0729,N20,VIIRS,n,2.0NRT,313.34,7.16,D
31.11871,73.62535,346.68,0.39,0.59,2026-06-10,0729,N20,VIIRS,n,2.0NRT,304.69,3.59,D
31.11774,73.62138,335.96,0.39,0.59,2026-06-10,0729,N20,VIIRS,n,2.0NRT,305.26,3.59,D
31.48177,75.10337,344.61,0.63,0.54,2026-06-10,0729,N20,VIIRS,n,2.0NRT,310,10.23,D
31.48284,75.10076,342.15,0.63,0.54,2026-06-10,0729,N20,VIIRS,n,2.0NRT,310.02,7.39,D
31.49105,74.98164,336.1,0.32,0.55,2026-06-10,0729,N20,VIIRS,l,2.0NRT,310.11,1.49,D
31.57358,75.04436,338.67,0.63,0.54,2026-06-10,0729,N20,VIIRS,l,2.0NRT,311.2,5.76,D
31.60884,75.12962,343.63,0.62,0.54,2026-06-10,0729,N20,VIIRS,n,2.0NRT,309.15,9.69,D
31.61029,75.12785,339.28,0.62,0.54,2026-06-10,0729,N20,VIIRS,n,2.0NRT,308.01,5.13,D
31.63587,75.12659,345.69,0.62,0.54,2026-06-10,0729,N20,VIIRS,n,2.0NRT,308.82,8.51,D
31.69845,75.01717,342.83,0.63,0.54,2026-06-10,0729,N20,VIIRS,n,2.0NRT,309.48,7.48,D
31.69993,75.01639,342.41,0.63,0.54,2026-06-10,0729,N20,VIIRS,n,2.0NRT,309.2,4.63,D
32.06117,76.17739,335.04,0.53,0.5,2026-06-10,0729,N20,VIIRS,l,2.0NRT,307.68,32.81,D
30.80103,74.20795,331.92,0.37,0.58,2026-06-10,0729,N20,VIIRS,n,2.0NRT,304.69,5.75,D
28.63666,76.66468,344.27,0.59,0.53,2026-06-10,0729,N20,VIIRS,n,2.0NRT,306.36,7.26,D
29.99808,76.80386,337.64,0.54,0.51,2026-06-10,0729,N20,VIIRS,l,2.0NRT,308.29,7.01,D
30.03664,76.95962,332.56,0.53,0.5,2026-06-10,0729,N20,VIIRS,l,2.0NRT,304.49,1.97,D
30.03726,76.96275,335.06,0.53,0.5,2026-06-10,0729,N20,VIIRS,n,2.0NRT,305.04,1.98,D
30.56999,73.52444,337.15,0.41,0.61,2026-06-10,0729,N20,VIIRS,n,2.0NRT,304.6,3.42,D
31.33497,76.80651,330.96,0.51,0.49,2026-06-10,0729,N20,VIIRS,l,2.0NRT,305.07,2.91,D
31.35116,76.93333,332.98,0.5,0.49,2026-06-10,0729,N20,VIIRS,n,2.0NRT,301.41,4.98,D
31.00914,75.4389,344.83,0.62,0.54,2026-06-10,0729,N20,VIIRS,n,2.0NRT,311.77,9.95,D
31.35322,76.90048,330.87,0.5,0.49,2026-06-10,0729,N20,VIIRS,n,2.0NRT,304.82,2.28,D
31.3327,76.80807,336.12,0.51,0.49,2026-06-10,0729,N20,VIIRS,n,2.0NRT,305.53,4.6,D
30.62233,73.80233,330,0.39,0.59,2026-06-10,0729,N20,VIIRS,l,2.0NRT,303.57,2.74,D
30.67706,73.9992,330.2,0.38,0.59,2026-06-10,0729,N20,VIIRS,l,2.0NRT,303.21,2,D
30.63686,73.81467,353.04,0.39,0.59,2026-06-10,0729,N20,VIIRS,n,2.0NRT,304.02,4.53,D
30.57064,73.52727,336.19,0.41,0.6,2026-06-10,0729,N20,VIIRS,n,2.0NRT,303.51,3.54,D
30.56961,73.52316,330.27,0.41,0.61,2026-06-10,0729,N20,VIIRS,l,2.0NRT,303.51,4.16,D
30.66732,73.86836,331.83,0.39,0.59,2026-06-10,0729,N20,VIIRS,l,2.0NRT,304.8,2.27,D
31.37497,76.85056,334.99,0.5,0.49,2026-06-10,0729,N20,VIIRS,n,2.0NRT,304.1,6.23,D
30.6783,73.84364,346.09,0.39,0.59,2026-06-10,0729,N20,VIIRS,n,2.0NRT,304.52,3.45,D
30.67733,73.8397,333.79,0.39,0.59,2026-06-10,0729,N20,VIIRS,n,2.0NRT,303.76,3.45,D
30.67679,73.81439,336.4,0.39,0.59,2026-06-10,0729,N20,VIIRS,n,2.0NRT,302.01,1.59,D
30.75233,74.05319,330.18,0.38,0.59,2026-06-10,0729,N20,VIIRS,l,2.0NRT,304.69,1.68,D
30.74582,74.02648,340.42,0.38,0.59,2026-06-10,0729,N20,VIIRS,n,2.0NRT,304.73,3.63,D
30.6282,73.54823,346.61,0.41,0.6,2026-06-10,0729,N20,VIIRS,n,2.0NRT,303.8,3.86,D
30.62719,73.54414,333.13,0.41,0.6,2026-06-10,0729,N20,VIIRS,l,2.0NRT,303.84,3.86,D
30.80193,74.21168,367,0.37,0.58,2026-06-10,0729,N20,VIIRS,h,2.0NRT,305.51,10.49,D
30.78902,74.13517,331.43,0.37,0.58,2026-06-10,0729,N20,VIIRS,l,2.0NRT,304.55,1.85,D
30.72288,73.86288,334.18,0.39,0.59,2026-06-10,0729,N20,VIIRS,n,2.0NRT,301.85,2.49,D
30.72192,73.85898,334.65,0.39,0.59,2026-06-10,0729,N20,VIIRS,l,2.0NRT,305.32,2.49,D
30.72673,73.83203,345.59,0.39,0.59,2026-06-10,0729,N20,VIIRS,n,2.0NRT,303.41,3.38,D
31.45843,76.99874,341.34,0.49,0.49,2026-06-10,0729,N20,VIIRS,n,2.0NRT,302.03,4.8,D
30.82969,74.23473,334.51,0.37,0.58,2026-06-10,0729,N20,VIIRS,n,2.0NRT,304.23,0.78,D
30.79912,74.10751,338.36,0.37,0.58,2026-06-10,0729,N20,VIIRS,n,2.0NRT,304.77,1.23,D
30.77988,74.02778,333.71,0.38,0.59,2026-06-10,0729,N20,VIIRS,l,2.0NRT,305.37,2.15,D
30.71081,73.74335,331.46,0.39,0.6,2026-06-10,0729,N20,VIIRS,l,2.0NRT,303.98,3.07,D
30.68137,73.62305,347.75,0.4,0.6,2026-06-10,0729,N20,VIIRS,n,2.0NRT,303.15,2.47,D
30.74162,73.77604,337.12,0.39,0.59,2026-06-10,0729,N20,VIIRS,n,2.0NRT,303.41,2.24,D
30.77426,73.9437,334.85,0.38,0.59,2026-06-10,0729,N20,VIIRS,n,2.0NRT,304.6,1.97,D
30.86624,74.27135,332.1,0.36,0.58,2026-06-10,0729,N20,VIIRS,l,2.0NRT,305.07,2.64,D
30.76162,73.84717,330.4,0.39,0.59,2026-06-10,0729,N20,VIIRS,l,2.0NRT,303.1,2.02,D
30.8075,73.98675,354.77,0.38,0.59,2026-06-10,0729,N20,VIIRS,n,2.0NRT,305.24,6.04,D
30.95062,74.55103,350.26,0.35,0.57,2026-06-10,0729,N20,VIIRS,n,2.0NRT,309.04,3.73,D
30.82492,74.03465,331.93,0.38,0.58,2026-06-10,0729,N20,VIIRS,l,2.0NRT,302.74,0.94,D
31.42569,76.57999,334.81,0.52,0.5,2026-06-10,0729,N20,VIIRS,n,2.0NRT,306.94,4.68,D
30.80184,73.87194,334.82,0.39,0.59,2026-06-10,0729,N20,VIIRS,n,2.0NRT,303.61,3.42,D
30.79988,73.81777,367,0.39,0.59,2026-06-10,0729,N20,VIIRS,h,2.0NRT,304.52,9.21,D
30.79892,73.81386,338.31,0.39,0.59,2026-06-10,0729,N20,VIIRS,n,2.0NRT,304.53,8.1,D
30.82331,73.89008,332.86,0.38,0.59,2026-06-10,0729,N20,VIIRS,l,2.0NRT,305.43,1.08,D
31.14316,75.11702,335.84,0.32,0.55,2026-06-10,0729,N20,VIIRS,l,2.0NRT,309.36,3.58,D
30.90291,74.07876,340.53,0.37,0.58,2026-06-10,0729,N20,VIIRS,n,2.0NRT,306.23,3.12,D
30.91599,74.08668,333.35,0.37,0.58,2026-06-10,0729,N20,VIIRS,l,2.0NRT,306.32,2.82,D
30.91508,74.08291,332.13,0.37,0.58,2026-06-10,0729,N20,VIIRS,l,2.0NRT,305.71,3,D
30.52995,73.74554,330.27,0.61,0.71,2026-06-10,0907,N20,VIIRS,l,2.0NRT,302.18,2.64,D
30.62938,73.64272,339,0.61,0.71,2026-06-10,0907,N20,VIIRS,n,2.0NRT,302.97,3.58,D
30.49207,73.78678,333.59,0.62,0.71,2026-06-10,0907,N20,VIIRS,n,2.0NRT,301.74,2.13,D
30.4278,73.64952,331.96,0.61,0.71,2026-06-10,0907,N20,VIIRS,n,2.0NRT,301.61,1.68,D
30.53272,73.80434,330.02,0.62,0.71,2026-06-10,0907,N20,VIIRS,l,2.0NRT,302.86,2.52,D
30.81773,73.87423,331.17,0.63,0.72,2026-06-10,0909,N20,VIIRS,l,2.0NRT,302.73,2.14,D
30.86587,73.96265,331.52,0.64,0.72,2026-06-10,0909,N20,VIIRS,l,2.0NRT,302.36,3.08,D
30.89771,74.07064,331.02,0.65,0.73,2026-06-10,0909,N20,VIIRS,l,2.0NRT,301.34,2.37,D
31.00261,74.93713,347.2,0.73,0.76,2026-06-10,0909,N20,VIIRS,n,2.0NRT,305.99,9.96,D
31.24248,75.25772,333.86,0.76,0.77,2026-06-10,0909,N20,VIIRS,n,2.0NRT,304.97,4.49,D
31.23831,75.26,332.88,0.77,0.77,2026-06-10,0909,N20,VIIRS,n,2.0NRT,304.55,4.47,D
31.41026,75.15929,335.29,0.76,0.77,2026-06-10,0909,N20,VIIRS,l,2.0NRT,306.76,6.94,D
31.92434,75.0531,341.54,0.75,0.77,2026-06-10,0909,N20,VIIRS,n,2.0NRT,304.34,4.7,D
30.80214,75.5394,334.1,0.79,0.78,2026-06-10,0909,N20,VIIRS,l,2.0NRT,305.29,5.3,D
31.20447,77.12658,314.91,0.48,0.65,2026-06-10,1951,N20,VIIRS,n,2.0NRT,289.6,2.26,N
32.36371,76.04997,306.97,0.57,0.69,2026-06-10,1951,N20,VIIRS,n,2.0NRT,290.14,1.53,N
31.58552,76.59208,321.36,0.52,0.67,2026-06-10,1951,N20,VIIRS,n,2.0NRT,291.43,4.73,N
31.58645,76.57479,304.76,0.52,0.67,2026-06-10,1951,N20,VIIRS,n,2.0NRT,290.66,2.16,N
31.32709,76.92272,303.36,0.5,0.65,2026-06-10,1951,N20,VIIRS,n,2.0NRT,286.63,1.54,N
31.32688,76.9264,302.46,0.5,0.65,2026-06-10,1951,N20,VIIRS,n,2.0NRT,289.08,1.54,N
31.20185,77.12517,317.84,0.48,0.65,2026-06-10,1951,N20,VIIRS,n,2.0NRT,289.19,2.54,N
31.17262,77.01432,308.8,0.49,0.65,2026-06-10,1951,N20,VIIRS,n,2.0NRT,289.83,1.11,N
31.16686,77.00969,337.07,0.49,0.65,2026-06-10,1951,N20,VIIRS,n,2.0NRT,291.02,3.37,N
31.16654,77.01498,304.26,0.49,0.65,2026-06-10,1951,N20,VIIRS,n,2.0NRT,289.66,3.37,N
30.98229,77.02795,310.09,0.48,0.65,2026-06-10,1951,N20,VIIRS,n,2.0NRT,291.46,1.64,N
30.9861,77.02695,307.18,0.48,0.65,2026-06-10,1951,N20,VIIRS,n,2.0NRT,290.76,1.4,N
30.95685,77.01245,306.24,0.49,0.65,2026-06-10,1951,N20,VIIRS,n,2.0NRT,291.15,1.28,N
30.95076,77.01331,309.61,0.49,0.65,2026-06-10,1951,N20,VIIRS,n,2.0NRT,291.1,1.28,N
30.71656,77.21053,336.97,0.47,0.64,2026-06-10,1951,N20,VIIRS,n,2.0NRT,292.25,4.37,N
30.69879,77.30399,302.25,0.46,0.64,2026-06-10,1951,N20,VIIRS,n,2.0NRT,289.95,0.56,N
30.67985,77.32299,301.34,0.46,0.64,2026-06-10,1951,N20,VIIRS,n,2.0NRT,290.12,0.87,N
30.71697,77.2113,318.58,0.51,0.66,2026-06-10,2131,N20,VIIRS,n,2.0NRT,289.88,4.89,N
30.71544,77.21701,301.04,0.51,0.66,2026-06-10,2131,N20,VIIRS,n,2.0NRT,289.29,2.83,N
30.95315,77.00263,313.38,0.49,0.65,2026-06-10,2131,N20,VIIRS,n,2.0NRT,289.99,2.68,N
31.16419,77.02,309.28,0.49,0.65,2026-06-10,2131,N20,VIIRS,n,2.0NRT,289.07,6.73,N
30.98079,77.03114,352.66,0.49,0.65,2026-06-10,2131,N20,VIIRS,n,2.0NRT,290.8,10.21,N
30.95412,77.01277,302.98,0.49,0.65,2026-06-10,2131,N20,VIIRS,n,2.0NRT,290.23,1.79,N
30.95074,77.00182,311.1,0.49,0.65,2026-06-10,2131,N20,VIIRS,n,2.0NRT,289.81,1.86,N
32.41842,75.98516,328.14,0.4,0.6,2026-06-10,2131,N20,VIIRS,n,2.0NRT,278.78,5.31,N
32.42225,75.98556,335.52,0.4,0.6,2026-06-10,2131,N20,VIIRS,n,2.0NRT,288.34,5.77,N
32.26558,75.5889,314.35,0.38,0.59,2026-06-10,2131,N20,VIIRS,n,2.0NRT,293.74,1.6,N
32.26461,75.59276,306.65,0.38,0.59,2026-06-10,2131,N20,VIIRS,n,2.0NRT,293.7,1.6,N
31.69474,76.26849,304.94,0.43,0.62,2026-06-10,2131,N20,VIIRS,n,2.0NRT,292.9,1.41,N
31.58905,76.59435,307.26,0.45,0.63,2026-06-10,2131,N20,VIIRS,n,2.0NRT,291.04,2.66,N
31.60995,76.39671,322.98,0.44,0.62,2026-06-10,2131,N20,VIIRS,n,2.0NRT,292.91,2.54,N
31.61115,76.39208,304.56,0.44,0.62,2026-06-10,2131,N20,VIIRS,n,2.0NRT,292.1,2.54,N
31.50089,76.53645,310.73,0.45,0.63,2026-06-10,2131,N20,VIIRS,n,2.0NRT,291.41,1.63,N
31.33929,77.00769,299.87,0.48,0.65,2026-06-10,2131,N20,VIIRS,n,2.0NRT,287.85,0.91,N
31.50558,76.53548,315.65,0.45,0.63,2026-06-10,2131,N20,VIIRS,n,2.0NRT,291.61,2.32,N
31.33611,76.92542,316.35,0.48,0.64,2026-06-10,2131,N20,VIIRS,n,2.0NRT,290.48,1.25,N
31.33089,76.92162,302.42,0.48,0.64,2026-06-10,2131,N20,VIIRS,n,2.0NRT,290,1.25,N
31.20344,77.12449,301.01,0.49,0.65,2026-06-10,2131,N20,VIIRS,n,2.0NRT,288.59,0.79,N
31.16854,77.01899,334.93,0.49,0.65,2026-06-10,2131,N20,VIIRS,n,2.0NRT,289.55,3.19,N
31.16973,77.01456,314.67,0.49,0.65,2026-06-10,2131,N20,VIIRS,n,2.0NRT,288.5,3.19,N
31.163,77.01622,333.84,0.49,0.65,2026-06-10,2131,N20,VIIRS,n,2.0NRT,290.26,3.55,N
31.16428,77.01144,311.18,0.49,0.65,2026-06-10,2131,N20,VIIRS,n,2.0NRT,288.74,3.55,N
31.16538,77.01543,367,0.49,0.65,2026-06-10,2131,N20,VIIRS,h,2.0NRT,290.78,6.73,N
30.805,74.36893,330.41,0.67,0.74,2026-06-11,0709,N20,VIIRS,n,2.0NRT,294.15,4.51,D
30.58795,77.10637,334.69,0.48,0.64,2026-06-11,0709,N20,VIIRS,n,2.0NRT,295.17,6.16,D
30.85684,77.1455,330.81,0.47,0.64,2026-06-11,0709,N20,VIIRS,n,2.0NRT,293,4.11,D
30.95426,77.00033,330.26,0.48,0.64,2026-06-11,0709,N20,VIIRS,n,2.0NRT,296.52,3.95,D
30.98203,77.03513,332.81,0.47,0.64,2026-06-11,0709,N20,VIIRS,n,2.0NRT,297.49,3.84,D
30.64791,75.41787,333.22,0.59,0.7,2026-06-11,0709,N20,VIIRS,n,2.0NRT,294.5,3.96,D
30.64281,75.41777,333.19,0.59,0.7,2026-06-11,0709,N20,VIIRS,n,2.0NRT,295.26,4.81,D
30.869,76.14587,337.03,0.53,0.67,2026-06-11,0709,N20,VIIRS,n,2.0NRT,293.49,3.94,D
30.80142,74.36772,339.71,0.68,0.74,2026-06-11,0709,N20,VIIRS,n,2.0NRT,294.49,5.41,D
30.61071,73.69667,334.99,0.75,0.77,2026-06-11,0709,N20,VIIRS,n,2.0NRT,294.39,6.47,D
30.77033,74.1478,330.58,0.7,0.75,2026-06-11,0709,N20,VIIRS,n,2.0NRT,295.22,3.2,D
30.78424,74.01846,333.2,0.71,0.75,2026-06-11,0709,N20,VIIRS,n,2.0NRT,294.93,5.25,D
31.76803,75.82207,355.9,0.53,0.67,2026-06-11,0709,N20,VIIRS,n,2.0NRT,296.89,12.38,D
31.76768,75.8181,353.41,0.53,0.67,2026-06-11,0709,N20,VIIRS,n,2.0NRT,298.37,12.78,D
31.60644,75.13667,331.22,0.58,0.7,2026-06-11,0709,N20,VIIRS,n,2.0NRT,295.11,3.65,D
31.61304,75.06262,340.04,0.59,0.7,2026-06-11,0709,N20,VIIRS,n,2.0NRT,295.06,5.91,D
31.6114,75.05672,333.66,0.59,0.7,2026-06-11,0709,N20,VIIRS,n,2.0NRT,295.21,5.91,D
32.0854,76.20638,330.36,0.49,0.65,2026-06-11,0709,N20,VIIRS,n,2.0NRT,293.92,5.05,D
32.08855,76.20385,332.01,0.49,0.65,2026-06-11,0709,N20,VIIRS,n,2.0NRT,293.15,4.49,D
31.80443,75.07266,355.83,0.58,0.7,2026-06-11,0709,N20,VIIRS,n,2.0NRT,296.79,11.35,D
31.8028,75.06681,330.88,0.58,0.7,2026-06-11,0709,N20,VIIRS,n,2.0NRT,297.31,9.88,D
31.82246,74.34451,337.18,0.64,0.72,2026-06-11,0709,N20,VIIRS,n,2.0NRT,298.54,3.26,D
31.82067,74.33808,331.27,0.64,0.72,2026-06-11,0709,N20,VIIRS,n,2.0NRT,298.97,3.26,D
31.82807,74.34287,349.37,0.64,0.72,2026-06-11,0709,N20,VIIRS,n,2.0NRT,298.76,15.09,D
31.82624,74.33646,354.9,0.64,0.72,2026-06-11,0709,N20,VIIRS,n,2.0NRT,298.88,16.15,D
31.92085,74.44794,330.22,0.63,0.72,2026-06-11,0709,N20,VIIRS,n,2.0NRT,297.63,2.68,D
32.09405,73.81796,332.37,0.67,0.74,2026-06-11,0709,N20,VIIRS,n,2.0NRT,299.82,2.55,D
32.45766,74.99419,344.12,0.56,0.69,2026-06-11,0709,N20,VIIRS,n,2.0NRT,302.47,7.45,D
31.90799,75.17253,367,0.4,0.6,2026-06-11,0850,N20,VIIRS,h,2.0NRT,300.18,8.73,D
32.01223,76.23738,337.97,0.46,0.64,2026-06-11,0850,N20,VIIRS,n,2.0NRT,299.74,3.75,D
32.457,74.9953,336.44,0.4,0.6,2026-06-11,0850,N20,VIIRS,l,2.0NRT,307.03,3.62,D
32.0631,74.91525,343.26,0.39,0.59,2026-06-11,0850,N20,VIIRS,n,2.0NRT,303.47,3.71,D
31.02053,74.23962,339.01,0.34,0.56,2026-06-11,0850,N20,VIIRS,n,2.0NRT,299.1,3.07,D
31.0356,74.23083,334.31,0.34,0.56,2026-06-11,0850,N20,VIIRS,n,2.0NRT,299.91,2.02,D
31.27757,77.11307,348.64,0.52,0.67,2026-06-11,0850,N20,VIIRS,n,2.0NRT,296.39,6.49,D
31.27734,77.10898,332.81,0.52,0.67,2026-06-11,0850,N20,VIIRS,n,2.0NRT,296.13,6.49,D
31.17437,75.30944,330.32,0.4,0.6,2026-06-11,0850,N20,VIIRS,n,2.0NRT,296.09,2.22,D
31.27734,77.11423,349.52,0.52,0.67,2026-06-11,0850,N20,VIIRS,n,2.0NRT,296.28,7.88,D
31.27713,77.11018,333.28,0.52,0.67,2026-06-11,0850,N20,VIIRS,n,2.0NRT,296.09,7.88,D
31.17369,75.30901,331.82,0.4,0.6,2026-06-11,0850,N20,VIIRS,n,2.0NRT,296.81,2.52,D
32.03823,74.26762,339.16,0.35,0.57,2026-06-11,0850,N20,VIIRS,n,2.0NRT,302.43,2.02,D
31.16616,73.69577,332.79,0.32,0.55,2026-06-11,0850,N20,VIIRS,n,2.0NRT,301.4,2.04,D
31.16541,73.69782,332.28,0.32,0.55,2026-06-11,0850,N20,VIIRS,n,2.0NRT,300.67,0.61,D
32.20615,75.95882,341.02,0.45,0.63,2026-06-11,0850,N20,VIIRS,n,2.0NRT,299.21,4.16,D
31.35085,75.46329,330.04,0.41,0.61,2026-06-11,0850,N20,VIIRS,n,2.0NRT,296.82,2.49,D
31.50417,76.22159,337.03,0.46,0.63,2026-06-11,0850,N20,VIIRS,n,2.0NRT,299.29,4.21,D
31.45543,75.20103,330.39,0.4,0.6,2026-06-11,0850,N20,VIIRS,n,2.0NRT,298.13,1.72,D
31.48174,75.10158,356.11,0.39,0.59,2026-06-11,0850,N20,VIIRS,n,2.0NRT,296.38,7.44,D
31.48189,75.10151,352.18,0.39,0.6,2026-06-11,0850,N20,VIIRS,n,2.0NRT,296.52,8.97,D
31.58343,76.28835,339.71,0.46,0.64,2026-06-11,0850,N20,VIIRS,n,2.0NRT,299.79,4.84,D
31.50847,75.00315,339.26,0.39,0.59,2026-06-11,0850,N20,VIIRS,n,2.0NRT,296.53,3.43,D
31.59655,74.9885,333.23,0.39,0.59,2026-06-11,0850,N20,VIIRS,n,2.0NRT,295.91,2.44,D
31.617,75.21439,332.34,0.4,0.6,2026-06-11,0850,N20,VIIRS,n,2.0NRT,297.81,1.86,D
31.71691,76.47301,331.09,0.48,0.64,2026-06-11,0850,N20,VIIRS,n,2.0NRT,295.31,3.64,D
31.64344,75.10999,331.54,0.39,0.6,2026-06-11,0850,N20,VIIRS,n,2.0NRT,296.34,4.03,D
31.72408,75.15633,332.8,0.4,0.6,2026-06-11,0850,N20,VIIRS,n,2.0NRT,297.9,2.39,D
31.90874,75.1721,367,0.4,0.6,2026-06-11,0850,N20,VIIRS,h,2.0NRT,300.82,8.6,D
30.86541,75.65498,332.94,0.42,0.61,2026-06-11,0850,N20,VIIRS,n,2.0NRT,299.57,2.52,D
30.74425,73.97186,335.78,0.33,0.55,2026-06-11,0850,N20,VIIRS,n,2.0NRT,298.46,3.01,D
30.97774,77.04194,339.46,0.51,0.66,2026-06-11,0850,N20,VIIRS,n,2.0NRT,298.61,8.2,D
30.97775,77.03877,339.09,0.51,0.66,2026-06-11,0850,N20,VIIRS,n,2.0NRT,299.86,5.38,D
30.75794,73.71474,334.38,0.32,0.54,2026-06-11,0850,N20,VIIRS,n,2.0NRT,300.16,1.91,D
30.81073,74.2645,367,0.34,0.56,2026-06-11,0850,N20,VIIRS,h,2.0NRT,295.62,8.18,D
30.80772,74.22468,330.96,0.34,0.56,2026-06-11,0850,N20,VIIRS,n,2.0NRT,296.04,3.97,D
30.80745,74.22107,331.47,0.34,0.56,2026-06-11,0850,N20,VIIRS,n,2.0NRT,296.4,4.39,D
30.92297,75.70889,344.17,0.42,0.61,2026-06-11,0850,N20,VIIRS,n,2.0NRT,299.33,5.35,D
30.78336,73.71547,352.31,0.32,0.54,2026-06-11,0850,N20,VIIRS,n,2.0NRT,300.16,7.63,D
30.78309,73.71212,348.06,0.32,0.54,2026-06-11,0850,N20,VIIRS,n,2.0NRT,301.3,6.46,D
30.84279,74.27235,338.38,0.34,0.56,2026-06-11,0850,N20,VIIRS,n,2.0NRT,297.67,2.59,D
30.87026,74.288,330.3,0.35,0.56,2026-06-11,0850,N20,VIIRS,n,2.0NRT,298.13,3.27,D
30.81373,73.53339,336.23,0.62,0.54,2026-06-11,0850,N20,VIIRS,n,2.0NRT,300.02,4.67,D
30.86658,74.11064,334.45,0.34,0.56,2026-06-11,0850,N20,VIIRS,n,2.0NRT,298.05,1.73,D
30.85885,73.95209,333.03,0.33,0.55,2026-06-11,0850,N20,VIIRS,n,2.0NRT,299.14,1.86,D
30.86418,73.89223,335.97,0.33,0.55,2026-06-11,0850,N20,VIIRS,n,2.0NRT,300.06,1.45,D
30.86253,73.89223,336.05,0.33,0.55,2026-06-11,0850,N20,VIIRS,n,2.0NRT,300.14,1.52,D
30.88127,73.93566,338.32,0.33,0.55,2026-06-11,0850,N20,VIIRS,n,2.0NRT,300.43,3.62,D
31.1563,77.25999,330.55,0.53,0.67,2026-06-11,0850,N20,VIIRS,n,2.0NRT,296.36,4.28,D
30.94225,74.1211,333.72,0.34,0.56,2026-06-11,0850,N20,VIIRS,n,2.0NRT,297.42,1.8,D
30.5069,75.45306,367,0.4,0.6,2026-06-11,0850,N20,VIIRS,h,2.0NRT,299.01,6.75,D
30.42298,73.52247,332.3,0.61,0.54,2026-06-11,0850,N20,VIIRS,n,2.0NRT,298.31,4.79,D
30.41932,73.52211,331.38,0.61,0.54,2026-06-11,0850,N20,VIIRS,n,2.0NRT,298.35,2.64,D
30.45071,73.72325,335.76,0.63,0.54,2026-06-11,0850,N20,VIIRS,n,2.0NRT,296.85,8.06,D
30.52201,73.8493,350.2,0.32,0.55,2026-06-11,0850,N20,VIIRS,n,2.0NRT,296.76,6.8,D
30.56405,73.94509,337.11,0.33,0.55,2026-06-11,0850,N20,VIIRS,n,2.0NRT,297.01,3.59,D
30.56379,73.94165,333.25,0.33,0.55,2026-06-11,0850,N20,VIIRS,n,2.0NRT,296.87,2.98,D
30.57505,73.95437,334.11,0.33,0.55,2026-06-11,0850,N20,VIIRS,n,2.0NRT,297.53,1.76,D
30.56345,73.80785,332.05,0.32,0.55,2026-06-11,0850,N20,VIIRS,n,2.0NRT,296.65,1.53,D
30.55411,73.62924,333.76,0.63,0.54,2026-06-11,0850,N20,VIIRS,n,2.0NRT,296.2,5.66,D
30.6001,74.01108,335.5,0.33,0.55,2026-06-11,0850,N20,VIIRS,n,2.0NRT,297.37,2.13,D
30.58677,73.78167,330.67,0.32,0.55,2026-06-11,0850,N20,VIIRS,n,2.0NRT,297.8,1.67,D
30.60905,73.68341,335.9,0.63,0.54,2026-06-11,0850,N20,VIIRS,n,2.0NRT,297.76,4.88,D
30.64669,73.76874,334.04,0.32,0.55,2026-06-11,0850,N20,VIIRS,n,2.0NRT,298.86,1.79,D
30.65415,73.67873,333.25,0.63,0.54,2026-06-11,0850,N20,VIIRS,n,2.0NRT,298.17,6.17,D
30.64611,73.76839,333.24,0.32,0.55,2026-06-11,0850,N20,VIIRS,n,2.0NRT,298.92,1.69,D
30.65416,73.67819,335.6,0.63,0.54,2026-06-11,0850,N20,VIIRS,n,2.0NRT,298.48,7.89,D
30.85594,76.31538,367,0.46,0.63,2026-06-11,0850,N20,VIIRS,h,2.0NRT,296.58,7.11,D
30.67692,73.7094,333.02,0.64,0.54,2026-06-11,0850,N20,VIIRS,n,2.0NRT,299.15,7.03,D
30.92552,77.32375,346.71,0.53,0.67,2026-06-11,0850,N20,VIIRS,n,2.0NRT,293.84,8.95,D
30.92521,77.31816,341.82,0.53,0.67,2026-06-11,0850,N20,VIIRS,n,2.0NRT,295.53,8.78,D
30.92977,77.28708,338.78,0.53,0.67,2026-06-11,0850,N20,VIIRS,n,2.0NRT,296.3,5.52,D
30.93759,77.31641,367,0.53,0.67,2026-06-11,0850,N20,VIIRS,h,2.0NRT,303.16,22.67,D
30.93782,77.32062,347.69,0.53,0.67,2026-06-11,0850,N20,VIIRS,n,2.0NRT,296.65,22.67,D
30.93738,77.31252,332.75,0.53,0.67,2026-06-11,0850,N20,VIIRS,n,2.0NRT,299.78,20.45,D
30.95435,74.07687,330.4,0.34,0.56,2026-06-11,0850,N20,VIIRS,n,2.0NRT,299.48,0.94,D
30.72206,74.01619,341.01,0.33,0.55,2026-06-11,0850,N20,VIIRS,n,2.0NRT,299.79,3.03,D
30.70355,73.72516,367,0.32,0.54,2026-06-11,0850,N20,VIIRS,h,2.0NRT,299.68,9.95,D
30.94223,77.17493,339.57,0.52,0.67,2026-06-11,0850,N20,VIIRS,n,2.0NRT,297.44,5.13,D
30.70327,73.72182,340.58,0.32,0.54,2026-06-11,0850,N20,VIIRS,n,2.0NRT,299.74,6.4,D
30.72557,73.93189,338.4,0.33,0.55,2026-06-11,0850,N20,VIIRS,n,2.0NRT,299.95,1.92,D
28.74394,76.92772,300.09,0.58,0.52,2026-06-11,2114,N20,VIIRS,n,2.0NRT,280.79,1.43,N
29.91442,74.95201,306.48,0.42,0.45,2026-06-11,2114,N20,VIIRS,n,2.0NRT,293.2,6.71,N
29.91354,74.95627,305.86,0.42,0.45,2026-06-11,2114,N20,VIIRS,n,2.0NRT,293.4,1.95,N
29.91035,74.95089,350.49,0.42,0.45,2026-06-11,2114,N20,VIIRS,n,2.0NRT,296.95,6.71,N
29.91123,74.94662,305.18,0.42,0.45,2026-06-11,2114,N20,VIIRS,n,2.0NRT,293.41,6.71,N
29.90946,74.95515,316.22,0.42,0.45,2026-06-11,2114,N20,VIIRS,n,2.0NRT,293.36,1.95,N
29.90859,74.9594,305.03,0.42,0.45,2026-06-11,2114,N20,VIIRS,n,2.0NRT,293.27,1.95,N
29.90627,74.94978,306.86,0.42,0.45,2026-06-11,2114,N20,VIIRS,n,2.0NRT,293.12,1.51,N
29.90539,74.95404,306.46,0.42,0.45,2026-06-11,2114,N20,VIIRS,n,2.0NRT,293.16,1.6,N
29.12606,75.77797,302.93,0.48,0.48,2026-06-11,2114,N20,VIIRS,n,2.0NRT,292.38,0.81,N
28.74466,76.92841,297.8,0.58,0.52,2026-06-11,2114,N20,VIIRS,n,2.0NRT,281.13,1.44,N
31.08125,73.62216,338.37,0.51,0.41,2026-06-12,0833,N20,VIIRS,n,2.0NRT,300.07,8.63,D
31.08064,73.61678,335.39,0.51,0.41,2026-06-12,0833,N20,VIIRS,n,2.0NRT,297.39,4.76,D
31.51322,75.16727,332.63,0.42,0.45,2026-06-12,0833,N20,VIIRS,n,2.0NRT,295.7,1.3,D
31.36995,73.85734,332.41,0.53,0.42,2026-06-12,0833,N20,VIIRS,n,2.0NRT,299.96,2.38,D
32.20785,74.56138,344.31,0.39,0.44,2026-06-12,0833,N20,VIIRS,n,2.0NRT,302.27,3.49,D
32.20739,74.55719,338.48,0.39,0.44,2026-06-12,0833,N20,VIIRS,n,2.0NRT,302.13,3.49,D
32.30848,74.50059,336.69,0.39,0.44,2026-06-12,0833,N20,VIIRS,n,2.0NRT,298.32,1.39,D
32.32999,74.47208,336.34,0.39,0.44,2026-06-12,0833,N20,VIIRS,n,2.0NRT,301.91,3.45,D
30.96607,75.54909,331.6,0.43,0.46,2026-06-12,0833,N20,VIIRS,n,2.0NRT,298.78,3.28,D
30.31792,76.29992,336.68,0.47,0.48,2026-06-12,0833,N20,VIIRS,n,2.0NRT,296.13,2.5,D
30.51074,75.46021,333.75,0.42,0.45,2026-06-12,0833,N20,VIIRS,n,2.0NRT,297.85,2.34,D
30.61707,76.2624,331.54,0.47,0.48,2026-06-12,0833,N20,VIIRS,n,2.0NRT,296.2,2.78,D
30.47446,73.82361,335.12,0.52,0.41,2026-06-12,0833,N20,VIIRS,n,2.0NRT,298.79,3.31,D
30.74199,75.49117,330.26,0.43,0.46,2026-06-12,0833,N20,VIIRS,n,2.0NRT,297.36,1.92,D
30.56325,73.66086,334.97,0.51,0.41,2026-06-12,0833,N20,VIIRS,n,2.0NRT,299.77,3.69,D
30.57773,73.6532,335.67,0.51,0.41,2026-06-12,0833,N20,VIIRS,n,2.0NRT,299.27,3.79,D
30.60162,73.6279,346.8,0.51,0.41,2026-06-12,0833,N20,VIIRS,n,2.0NRT,300.27,11.27,D
30.64702,73.68578,341.32,0.51,0.41,2026-06-12,0833,N20,VIIRS,n,2.0NRT,299.34,5.26,D
30.64632,73.68243,341.02,0.51,0.41,2026-06-12,0833,N20,VIIRS,n,2.0NRT,299.74,5.66,D
30.8893,75.55299,351.35,0.43,0.46,2026-06-12,0833,N20,VIIRS,n,2.0NRT,299.5,12.84,D
30.72711,73.84566,335.66,0.52,0.42,2026-06-12,0833,N20,VIIRS,n,2.0NRT,297.82,4.4,D
30.70938,73.66174,344.96,0.51,0.41,2026-06-12,0833,N20,VIIRS,n,2.0NRT,299.58,9.88,D
30.916,75.4402,342.49,0.42,0.46,2026-06-12,0833,N20,VIIRS,n,2.0NRT,298.11,7.18,D
30.76093,73.90173,332.18,0.53,0.42,2026-06-12,0833,N20,VIIRS,n,2.0NRT,297.71,4.4,D
30.76029,73.89624,335.77,0.53,0.42,2026-06-12,0833,N20,VIIRS,n,2.0NRT,298.88,3.73,D
30.71745,73.53638,335.87,0.5,0.41,2026-06-12,0833,N20,VIIRS,n,2.0NRT,300.1,2.27,D
30.82948,73.86701,330.52,0.52,0.42,2026-06-12,0833,N20,VIIRS,n,2.0NRT,298.05,3.86,D
31.04262,75.2067,342.84,0.41,0.45,2026-06-12,0833,N20,VIIRS,n,2.0NRT,299.99,4.07,D
31.0788,75.31272,339.05,0.42,0.45,2026-06-12,0833,N20,VIIRS,n,2.0NRT,296.58,2.47,D
30.99804,74.33407,335.22,0.56,0.43,2026-06-12,0833,N20,VIIRS,n,2.0NRT,299.53,2.29,D
32.1132,74.52897,337.79,0.39,0.36,2026-06-13,0811,N20,VIIRS,n,2.0NRT,301,2.58,D
30.05937,76.29654,337.79,0.42,0.37,2026-06-13,0811,N20,VIIRS,n,2.0NRT,300.47,2.26,D
30.33981,75.86985,330.48,0.41,0.37,2026-06-13,0811,N20,VIIRS,n,2.0NRT,299.69,1.66,D
28.80683,76.83872,309.74,0.39,0.36,2026-06-13,2036,N20,VIIRS,n,2.0NRT,294.55,0.75,N
28.85699,76.75454,307.73,0.39,0.36,2026-06-13,2036,N20,VIIRS,n,2.0NRT,294.16,0.55,N
31.25996,76.92397,299.9,0.4,0.37,2026-06-13,2036,N20,VIIRS,n,2.0NRT,289.28,0.36,N
31.61591,74.37405,304.26,0.49,0.4,2026-06-13,2036,N20,VIIRS,n,2.0NRT,292.84,1.01,N
31.32839,76.89341,307.27,0.4,0.37,2026-06-13,2036,N20,VIIRS,n,2.0NRT,290.62,0.69,N
28.34525,77.25741,305.91,0.39,0.36,2026-06-13,2036,N20,VIIRS,n,2.0NRT,295.05,0.86,N
28.13485,76.90108,307.49,0.39,0.36,2026-06-13,2038,N20,VIIRS,n,2.0NRT,294.36,0.91,N
28.25373,77.16803,307.31,0.39,0.36,2026-06-13,2038,N20,VIIRS,n,2.0NRT,294.41,0.4,N
31.34124,75.31931,331.86,0.44,0.38,2026-06-14,0754,N20,VIIRS,n,2.0NRT,302.41,1.45,D
31.25254,75.35018,344.55,0.44,0.38,2026-06-14,0754,N20,VIIRS,n,2.0NRT,304.95,10.31,D
31.02087,74.19337,337.45,0.49,0.4,2026-06-14,0754,N20,VIIRS,n,2.0NRT,304.69,3.07,D
31.01021,74.25938,334.29,0.49,0.4,2026-06-14,0754,N20,VIIRS,n,2.0NRT,302.84,1.53,D
30.98772,74.15933,333.24,0.49,0.41,2026-06-14,0754,N20,VIIRS,l,2.0NRT,304.04,2.07,D
30.99906,74.22005,332.16,0.49,0.4,2026-06-14,0754,N20,VIIRS,l,2.0NRT,305.86,2.64,D
31.01774,74.32037,336.76,0.48,0.4,2026-06-14,0754,N20,VIIRS,n,2.0NRT,306.6,6.93,D
31.16518,75.31244,335.88,0.44,0.38,2026-06-14,0754,N20,VIIRS,n,2.0NRT,304.27,3.26,D
30.83792,73.92498,335.33,0.51,0.41,2026-06-14,0754,N20,VIIRS,n,2.0NRT,302.21,2.53,D
30.77427,73.71417,331.79,0.52,0.42,2026-06-14,0754,N20,VIIRS,n,2.0NRT,301.73,3.41,D
30.71926,73.77494,338.49,0.52,0.41,2026-06-14,0754,N20,VIIRS,n,2.0NRT,302.46,3.06,D
30.7135,73.76526,341.97,0.52,0.41,2026-06-14,0754,N20,VIIRS,n,2.0NRT,302.26,5.73,D
30.6369,73.89828,336.1,0.51,0.41,2026-06-14,0754,N20,VIIRS,n,2.0NRT,301.26,3.73,D
30.57221,73.6404,336.47,0.53,0.42,2026-06-14,0754,N20,VIIRS,n,2.0NRT,301.92,4.78,D
30.62,73.89156,338.81,0.51,0.41,2026-06-14,0754,N20,VIIRS,n,2.0NRT,299.54,14.58,D
31.35775,75.47521,333.18,0.43,0.38,2026-06-14,0754,N20,VIIRS,n,2.0NRT,303.56,2.2,D
30.2521,77.44513,330.24,0.39,0.36,2026-06-14,0754,N20,VIIRS,n,2.0NRT,301.2,1.93,D
32.10236,73.52441,338.3,0.51,0.41,2026-06-14,0754,N20,VIIRS,n,2.0NRT,305.71,2.5,D
31.53893,75.07555,335.5,0.44,0.39,2026-06-14,0754,N20,VIIRS,n,2.0NRT,305.02,2.36,D
31.53809,75.07095,334.57,0.44,0.39,2026-06-14,0754,N20,VIIRS,n,2.0NRT,305.36,2.36,D
31.85528,75.25457,345.19,0.43,0.38,2026-06-14,0754,N20,VIIRS,n,2.0NRT,308.96,3.62,D
31.95333,75.18926,346.88,0.44,0.38,2026-06-14,0754,N20,VIIRS,n,2.0NRT,303.8,3.87,D
31.94986,75.19011,332.69,0.44,0.38,2026-06-14,0754,N20,VIIRS,l,2.0NRT,303.68,3.87,D
30.44364,73.68756,347.59,0.53,0.42,2026-06-14,0754,N20,VIIRS,n,2.0NRT,302.09,8.58,D
30.49049,73.84979,332.01,0.52,0.41,2026-06-14,0754,N20,VIIRS,l,2.0NRT,303.91,3.84,D
30.48948,73.84448,337,0.52,0.41,2026-06-14,0754,N20,VIIRS,n,2.0NRT,300.47,3.86,D
30.88581,75.90714,336.89,0.42,0.38,2026-06-14,0754,N20,VIIRS,l,2.0NRT,309.5,4.31,D
30.4893,73.5818,331.91,0.53,0.42,2026-06-14,0754,N20,VIIRS,l,2.0NRT,304.42,2.51,D
30.58056,73.95115,344.45,0.51,0.41,2026-06-14,0754,N20,VIIRS,n,2.0NRT,303.2,9.6,D
31.01259,73.50946,332.26,0.53,0.42,2026-06-14,0754,N20,VIIRS,l,2.0NRT,305.47,2.05,D
31.42075,75.49808,336,0.43,0.38,2026-06-14,0754,N20,VIIRS,n,2.0NRT,302.72,2.17,D
31.36187,75.08598,337.44,0.45,0.39,2026-06-14,0754,N20,VIIRS,l,2.0NRT,306.57,3.76,D
31.42533,75.17612,334.1,0.44,0.39,2026-06-14,0754,N20,VIIRS,l,2.0NRT,304.7,3.02,D
31.51818,75.18434,336.2,0.44,0.38,2026-06-14,0754,N20,VIIRS,l,2.0NRT,305.22,10.73,D
31.52781,75.17722,336.33,0.44,0.38,2026-06-14,0754,N20,VIIRS,l,2.0NRT,306.62,4.16,D
29.33034,74.38934,319.27,0.55,0.51,2026-06-14,2017,N20,VIIRS,n,2.0NRT,293.96,2.81,N
28.74371,76.92808,307.92,0.39,0.44,2026-06-14,2017,N20,VIIRS,n,2.0NRT,291.94,1.12,N
28.85837,76.75552,301.69,0.4,0.44,2026-06-14,2017,N20,VIIRS,n,2.0NRT,289.88,0.21,N
32.07359,76.6354,303.9,0.44,0.46,2026-06-14,2017,N20,VIIRS,n,2.0NRT,290.24,0.89,N
31.51734,75.09592,367,0.51,0.49,2026-06-15,0733,N20,VIIRS,h,2.0NRT,302.45,13.19,D
30.1044,77.34739,330.56,0.41,0.45,2026-06-15,0733,N20,VIIRS,l,2.0NRT,300.79,3.18,D
30.68132,75.72678,348.91,0.49,0.48,2026-06-15,0733,N20,VIIRS,n,2.0NRT,291.91,7.69,D
30.80342,75.58842,334.42,0.49,0.49,2026-06-15,0733,N20,VIIRS,n,2.0NRT,291.71,3.81,D
31.51492,75.09425,343.9,0.51,0.49,2026-06-15,0733,N20,VIIRS,n,2.0NRT,301.93,7.55,D
31.51151,75.07853,351.4,0.51,0.49,2026-06-15,0733,N20,VIIRS,n,2.0NRT,302.34,15.66,D
31.53621,75.17098,342.98,0.5,0.49,2026-06-15,0733,N20,VIIRS,n,2.0NRT,301.43,23.25,D
31.53061,75.14503,330.89,0.51,0.49,2026-06-15,0733,N20,VIIRS,n,2.0NRT,299.04,4.7,D
31.52949,75.13984,337.95,0.51,0.49,2026-06-15,0733,N20,VIIRS,n,2.0NRT,298.55,6.08,D
31.54061,75.16966,331.32,0.5,0.49,2026-06-15,0733,N20,VIIRS,n,2.0NRT,300.11,4.52,D
31.52778,75.1427,353.74,0.51,0.49,2026-06-15,0733,N20,VIIRS,n,2.0NRT,299.47,10.19,D
31.51383,75.08025,341.67,0.51,0.49,2026-06-15,0733,N20,VIIRS,n,2.0NRT,301.04,9.73,D
31.51266,75.07502,331.07,0.51,0.49,2026-06-15,0733,N20,VIIRS,n,2.0NRT,300.46,9.73,D
31.53796,75.16727,346.88,0.5,0.49,2026-06-15,0733,N20,VIIRS,n,2.0NRT,302.34,30.81,D
31.54579,75.05399,332.1,0.51,0.49,2026-06-15,0733,N20,VIIRS,n,2.0NRT,299.74,1.62,D
31.56503,75.09837,330.69,0.51,0.49,2026-06-15,0733,N20,VIIRS,l,2.0NRT,300.9,4.2,D
31.60975,75.19531,332.4,0.5,0.49,2026-06-15,0733,N20,VIIRS,n,2.0NRT,300.42,3.25,D
31.58552,75.01971,331.35,0.51,0.5,2026-06-15,0733,N20,VIIRS,n,2.0NRT,300.23,2.52,D
31.56625,74.75709,335.49,0.53,0.5,2026-06-15,0733,N20,VIIRS,n,2.0NRT,301.6,7.05,D
31.5655,74.75509,341.42,0.53,0.5,2026-06-15,0733,N20,VIIRS,n,2.0NRT,302.85,2.76,D
31.42571,75.05383,341.47,0.51,0.5,2026-06-15,0733,N20,VIIRS,n,2.0NRT,298.75,5,D
31.42454,75.04856,331.62,0.51,0.5,2026-06-15,0733,N20,VIIRS,n,2.0NRT,299.79,4.78,D
31.46853,75.11926,355.44,0.51,0.49,2026-06-15,0733,N20,VIIRS,n,2.0NRT,300.21,12.4,D
31.51605,75.09947,341.51,0.51,0.49,2026-06-15,0733,N20,VIIRS,n,2.0NRT,299.81,7.55,D
31.51512,75.1386,339.75,0.51,0.49,2026-06-15,0733,N20,VIIRS,n,2.0NRT,299.93,5.5,D
30.98797,75.46541,339.44,0.5,0.49,2026-06-15,0733,N20,VIIRS,n,2.0NRT,297.07,4.19,D
30.8541,74.30191,332.81,0.59,0.52,2026-06-15,0733,N20,VIIRS,n,2.0NRT,297.69,5.05,D
30.89292,74.34076,340.72,0.58,0.52,2026-06-15,0733,N20,VIIRS,n,2.0NRT,299.89,5.21,D
30.89095,74.30969,342.38,0.58,0.52,2026-06-15,0733,N20,VIIRS,n,2.0NRT,299.2,7.31,D
30.88695,74.29189,339.47,0.59,0.52,2026-06-15,0733,N20,VIIRS,n,2.0NRT,297.95,6.27,D
30.89104,74.30871,340.97,0.58,0.52,2026-06-15,0733,N20,VIIRS,n,2.0NRT,299.12,4.87,D
30.88693,74.29096,340.62,0.58,0.52,2026-06-15,0733,N20,VIIRS,n,2.0NRT,297.89,4.72,D
31.12448,75.18882,332.93,0.51,0.5,2026-06-15,0733,N20,VIIRS,n,2.0NRT,297.27,4.14,D
31.11517,75.14682,345.65,0.52,0.5,2026-06-15,0733,N20,VIIRS,n,2.0NRT,298.94,5.62,D
31.15413,75.30184,333.9,0.5,0.49,2026-06-15,0733,N20,VIIRS,n,2.0NRT,296.48,6.29,D
31.15854,75.30054,342.78,0.5,0.49,2026-06-15,0733,N20,VIIRS,n,2.0NRT,296.66,6.29,D
30.95331,74.05134,332.98,0.6,0.53,2026-06-15,0733,N20,VIIRS,n,2.0NRT,298.95,2.93,D
30.95158,74.0504,336.11,0.6,0.53,2026-06-15,0733,N20,VIIRS,n,2.0NRT,299.32,4.69,D
31.25627,75.30752,353.02,0.5,0.49,2026-06-15,0733,N20,VIIRS,n,2.0NRT,297.78,9.39,D
31.31804,75.39789,336.49,0.49,0.49,2026-06-15,0733,N20,VIIRS,n,2.0NRT,299.14,4.66,D
31.47453,75.52576,336.01,0.48,0.48,2026-06-15,0733,N20,VIIRS,n,2.0NRT,298.37,4.62,D
31.50142,75.54414,341.49,0.48,0.48,2026-06-15,0733,N20,VIIRS,n,2.0NRT,298.63,7.73,D
31.41311,75.13265,335.69,0.51,0.49,2026-06-15,0733,N20,VIIRS,n,2.0NRT,301.02,4.16,D
31.50083,75.54153,344.22,0.48,0.48,2026-06-15,0733,N20,VIIRS,n,2.0NRT,299.67,5.52,D
31.41543,75.13503,338.18,0.51,0.49,2026-06-15,0733,N20,VIIRS,n,2.0NRT,300.1,3.66,D
32.49709,75.02376,335.14,0.49,0.49,2026-06-15,0735,N20,VIIRS,n,2.0NRT,301.15,7.41,D
32.49676,75.02668,340.32,0.49,0.49,2026-06-15,0735,N20,VIIRS,n,2.0NRT,297.4,5.41,D
31.81117,75.04259,341.99,0.51,0.49,2026-06-15,0735,N20,VIIRS,n,2.0NRT,300.15,4.28,D
31.91703,75.151,340.4,0.5,0.49,2026-06-15,0735,N20,VIIRS,n,2.0NRT,301.39,5.44,D
31.90309,74.28318,330.69,0.56,0.51,2026-06-15,0735,N20,VIIRS,l,2.0NRT,302.36,2,D
31.89995,74.2807,331.16,0.56,0.51,2026-06-15,0735,N20,VIIRS,l,2.0NRT,303.24,2.72,D
32.04763,73.87508,338.32,0.58,0.52,2026-06-15,0735,N20,VIIRS,n,2.0NRT,298.26,4.86,D
31.74115,77.1984,295.85,0.39,0.59,2026-06-15,1957,N20,VIIRS,n,2.0NRT,284.35,1.14,N
28.83998,77.14086,302.24,0.36,0.58,2026-06-15,1957,N20,VIIRS,n,2.0NRT,290.38,0.3,N
31.30122,76.89627,303.82,0.4,0.6,2026-06-15,1957,N20,VIIRS,n,2.0NRT,287.06,1.07,N
31.74095,77.20119,311.82,0.39,0.59,2026-06-15,1957,N20,VIIRS,n,2.0NRT,285.04,2.22,N
28.8556,77.14634,302.45,0.36,0.58,2026-06-15,1957,N20,VIIRS,n,2.0NRT,289.84,0.48,N
28.29898,77.21056,301.32,0.35,0.57,2026-06-15,2000,N20,VIIRS,n,2.0NRT,290.54,0.74,N
28.34816,77.25661,304.33,0.35,0.57,2026-06-15,2000,N20,VIIRS,n,2.0NRT,291.34,0.37,N
28.27452,77.18573,302.49,0.35,0.57,2026-06-15,2000,N20,VIIRS,n,2.0NRT,290.61,0.81,N
31.25883,76.92519,299.98,0.59,0.7,2026-06-15,2138,N20,VIIRS,n,2.0NRT,285.05,1.76,N
30.87225,75.54882,367,0.47,0.64,2026-06-16,0716,N20,VIIRS,h,2.0NRT,292.45,9.75,D
30.19948,76.27029,350.6,0.44,0.62,2026-06-16,0716,N20,VIIRS,n,2.0NRT,294.77,9.5,D
30.20204,76.26955,343.84,0.44,0.62,2026-06-16,0716,N20,VIIRS,n,2.0NRT,294.95,5.28,D
30.20092,76.26517,338.55,0.44,0.62,2026-06-16,0716,N20,VIIRS,n,2.0NRT,295.66,5.28,D
30.3994,76.25748,334.3,0.44,0.62,2026-06-16,0716,N20,VIIRS,n,2.0NRT,293.18,1.65,D
30.39627,76.25626,333.3,0.44,0.62,2026-06-16,0716,N20,VIIRS,n,2.0NRT,294.42,2.34,D
30.49459,76.14705,344.26,0.44,0.62,2026-06-16,0716,N20,VIIRS,n,2.0NRT,294.68,4.9,D
30.4971,76.14754,343.77,0.44,0.62,2026-06-16,0716,N20,VIIRS,n,2.0NRT,293.63,5.43,D
30.5358,76.11057,367,0.44,0.62,2026-06-16,0716,N20,VIIRS,h,2.0NRT,293.82,12.71,D
30.62394,76.27104,342.64,0.43,0.62,2026-06-16,0716,N20,VIIRS,n,2.0NRT,293.59,3.98,D
30.6214,76.26945,332.64,0.43,0.62,2026-06-16,0716,N20,VIIRS,n,2.0NRT,293.23,4.09,D
30.76348,76.064,338.68,0.44,0.62,2026-06-16,0716,N20,VIIRS,n,2.0NRT,293.58,3.78,D
30.74903,75.81509,333.16,0.45,0.63,2026-06-16,0716,N20,VIIRS,n,2.0NRT,293.92,4.38,D
30.75095,75.81729,336.14,0.45,0.63,2026-06-16,0716,N20,VIIRS,n,2.0NRT,292.77,3.55,D
30.87263,75.55057,352.15,0.47,0.64,2026-06-16,0716,N20,VIIRS,n,2.0NRT,291.7,5.9,D
30.87142,75.54586,342.78,0.47,0.64,2026-06-16,0716,N20,VIIRS,n,2.0NRT,292.08,5.9,D
30.87829,75.54858,341.32,0.47,0.64,2026-06-16,0716,N20,VIIRS,n,2.0NRT,291.77,5.9,D
30.87709,75.54389,335.85,0.47,0.64,2026-06-16,0716,N20,VIIRS,n,2.0NRT,292.06,5.9,D
30.87791,75.54688,367,0.47,0.64,2026-06-16,0716,N20,VIIRS,h,2.0NRT,291.88,9.75,D
30.91552,75.5492,346.66,0.47,0.64,2026-06-16,0716,N20,VIIRS,n,2.0NRT,293.92,6.01,D
31.35149,77.07317,335.63,0.37,0.58,2026-06-16,0716,N20,VIIRS,n,2.0NRT,297.6,6.06,D
31.1741,75.64361,339.6,0.45,0.63,2026-06-16,0716,N20,VIIRS,n,2.0NRT,292.26,4.13,D
31.21511,75.39852,335.09,0.47,0.64,2026-06-16,0716,N20,VIIRS,n,2.0NRT,289.95,7.57,D
31.2111,75.31195,331.04,0.47,0.64,2026-06-16,0716,N20,VIIRS,n,2.0NRT,290.59,2.42,D
31.31499,75.47579,341.19,0.46,0.64,2026-06-16,0716,N20,VIIRS,n,2.0NRT,291.46,4.17,D
31.31525,75.47382,330.29,0.46,0.63,2026-06-16,0716,N20,VIIRS,n,2.0NRT,291.29,4.84,D
31.31676,75.43269,334.13,0.46,0.64,2026-06-16,0716,N20,VIIRS,n,2.0NRT,291.34,3.39,D
31.32953,75.38733,367,0.46,0.64,2026-06-16,0716,N20,VIIRS,h,2.0NRT,290.4,9.05,D
31.79105,76.96806,333.78,0.37,0.58,2026-06-16,0716,N20,VIIRS,n,2.0NRT,295.47,3.21,D
31.36064,75.221,353.18,0.47,0.64,2026-06-16,0716,N20,VIIRS,n,2.0NRT,292.08,8.54,D
31.79052,76.96828,332.34,0.37,0.58,2026-06-16,0716,N20,VIIRS,n,2.0NRT,295.47,2.7,D
31.78988,76.96568,330.29,0.37,0.58,2026-06-16,0716,N20,VIIRS,n,2.0NRT,296.27,2.21,D
31.359,75.21864,353.8,0.47,0.64,2026-06-16,0716,N20,VIIRS,n,2.0NRT,292.6,7.6,D
31.38247,75.04684,333.69,0.48,0.65,2026-06-16,0716,N20,VIIRS,n,2.0NRT,285.53,3.75,D
31.56323,75.17092,332.47,0.47,0.64,2026-06-16,0716,N20,VIIRS,n,2.0NRT,283.62,5.5,D
31.58762,75.19353,349.49,0.47,0.64,2026-06-16,0716,N20,VIIRS,n,2.0NRT,291.72,9.26,D
31.58694,75.19318,350.66,0.47,0.64,2026-06-16,0716,N20,VIIRS,n,2.0NRT,291.71,9.3,D
32.06159,73.86584,339.9,0.42,0.61,2026-06-16,0856,N20,VIIRS,n,2.0NRT,296.85,6.03,D
31.10656,74.10307,331.12,0.42,0.61,2026-06-16,0856,N20,VIIRS,n,2.0NRT,294.85,1.98,D
31.52201,75.64826,341.31,0.53,0.67,2026-06-16,0856,N20,VIIRS,n,2.0NRT,293.52,4.43,D
31.10989,74.10534,333.69,0.42,0.61,2026-06-16,0856,N20,VIIRS,n,2.0NRT,295.13,2,D
30.73439,73.98463,336.8,0.41,0.61,2026-06-16,0856,N20,VIIRS,n,2.0NRT,293.81,2.76,D
30.74533,73.97933,334.88,0.41,0.61,2026-06-16,0856,N20,VIIRS,n,2.0NRT,293.91,3.32,D
30.73001,73.76074,331.67,0.4,0.6,2026-06-16,0856,N20,VIIRS,n,2.0NRT,294.79,2.55,D
30.79283,74.09027,337.91,0.42,0.61,2026-06-16,0856,N20,VIIRS,n,2.0NRT,292.93,4.68,D
30.79544,74.08835,343.87,0.42,0.61,2026-06-16,0856,N20,VIIRS,n,2.0NRT,293.4,4.33,D
30.80276,73.77384,342.87,0.4,0.6,2026-06-16,0856,N20,VIIRS,n,2.0NRT,295.03,4.63,D
30.82942,74.08551,330.51,0.42,0.61,2026-06-16,0856,N20,VIIRS,n,2.0NRT,293.89,1.56,D
30.86472,74.27243,330.71,0.43,0.62,2026-06-16,0856,N20,VIIRS,n,2.0NRT,293.82,2.08,D
30.96304,75.57376,341.15,0.52,0.67,2026-06-16,0856,N20,VIIRS,n,2.0NRT,292.56,5.82,D
30.9625,75.57258,336.46,0.52,0.67,2026-06-16,0856,N20,VIIRS,n,2.0NRT,292.78,5.72,D
30.94646,74.53948,345.64,0.45,0.63,2026-06-16,0856,N20,VIIRS,n,2.0NRT,293.4,5.84,D
31.03279,75.61198,331.06,0.52,0.67,2026-06-16,0856,N20,VIIRS,n,2.0NRT,291.89,2.19,D
30.71336,73.76217,330.09,0.4,0.6,2026-06-16,0856,N20,VIIRS,n,2.0NRT,293.9,2,D
30.8402,75.80479,334.14,0.53,0.67,2026-06-16,0856,N20,VIIRS,n,2.0NRT,291.72,3.1,D
30.68537,73.52259,331.08,0.39,0.59,2026-06-16,0856,N20,VIIRS,n,2.0NRT,293.86,2.28,D
30.69687,74.1026,339.15,0.42,0.61,2026-06-16,0856,N20,VIIRS,n,2.0NRT,292.94,3.51,D
30.62555,73.5473,332.54,0.39,0.59,2026-06-16,0856,N20,VIIRS,n,2.0NRT,293.6,5.68,D
30.62585,73.55137,348.16,0.39,0.59,2026-06-16,0856,N20,VIIRS,n,2.0NRT,293.58,5.47,D
30.60424,73.55737,343.67,0.39,0.59,2026-06-16,0856,N20,VIIRS,n,2.0NRT,294.46,4.02,D
30.50034,73.579,333.75,0.39,0.59,2026-06-16,0856,N20,VIIRS,n,2.0NRT,292.73,3.44,D
32.29799,74.31611,303.69,0.43,0.46,2026-06-16,2121,N20,VIIRS,n,2.0NRT,291.44,0.68,N
32.10638,74.17944,321.27,0.42,0.45,2026-06-16,2121,N20,VIIRS,n,2.0NRT,293.19,3.11,N
32.08787,74.16477,308.65,0.42,0.45,2026-06-16,2121,N20,VIIRS,n,2.0NRT,293.22,1.34,N
28.7747,77.30811,304.86,0.38,0.59,2026-06-16,2121,N20,VIIRS,n,2.0NRT,289.37,0.62,N
28.74466,76.92837,303,0.36,0.57,2026-06-16,2121,N20,VIIRS,n,2.0NRT,289.41,0.62,N
28.74295,76.9355,302.88,0.36,0.57,2026-06-16,2121,N20,VIIRS,n,2.0NRT,289.36,0.37,N
28.37505,77.22743,302.92,0.38,0.59,2026-06-16,2121,N20,VIIRS,n,2.0NRT,288.35,0.5,N
27.66764,76.13187,300.66,0.34,0.56,2026-06-16,2123,N20,VIIRS,n,2.0NRT,288.87,0.93,N
31.34277,75.24963,343.31,0.52,0.5,2026-06-17,0837,N20,VIIRS,n,2.0NRT,298.08,8.14,D
31.42692,75.15495,350.1,0.51,0.5,2026-06-17,0837,N20,VIIRS,n,2.0NRT,297.69,10.27,D
31.47071,75.48643,331.36,0.54,0.51,2026-06-17,0837,N20,VIIRS,n,2.0NRT,296.28,2.98,D
31.42874,75.0243,330.23,0.5,0.49,2026-06-17,0837,N20,VIIRS,n,2.0NRT,298.71,1.5,D
31.46387,74.86535,336.7,0.49,0.49,2026-06-17,0837,N20,VIIRS,n,2.0NRT,299.25,5.58,D
31.55376,75.1755,343.1,0.52,0.5,2026-06-17,0837,N20,VIIRS,n,2.0NRT,298.75,5.36,D
31.54431,75.07246,339.94,0.51,0.49,2026-06-17,0837,N20,VIIRS,n,2.0NRT,298.19,4.69,D
31.59809,75.25349,331.96,0.52,0.5,2026-06-17,0837,N20,VIIRS,n,2.0NRT,295.24,0.93,D
30.69065,73.62639,342.93,0.41,0.45,2026-06-17,0837,N20,VIIRS,n,2.0NRT,300.49,3.9,D
29.55485,75.96888,339.68,0.55,0.51,2026-06-17,0837,N20,VIIRS,n,2.0NRT,300.23,3.88,D
30.32897,76.08571,342.97,0.57,0.52,2026-06-17,0837,N20,VIIRS,n,2.0NRT,297.33,14.8,D
30.34819,75.97673,332.84,0.56,0.51,2026-06-17,0837,N20,VIIRS,n,2.0NRT,296.68,4.92,D
30.34768,75.97091,338.2,0.56,0.51,2026-06-17,0837,N20,VIIRS,n,2.0NRT,298.06,4.92,D
30.65967,76.16474,342.07,0.58,0.52,2026-06-17,0837,N20,VIIRS,n,2.0NRT,295.78,11.11,D
30.4443,73.79988,337.58,0.42,0.45,2026-06-17,0837,N20,VIIRS,n,2.0NRT,301,6.67,D
30.43251,73.68742,333.79,0.41,0.45,2026-06-17,0837,N20,VIIRS,n,2.0NRT,299.75,1.08,D
30.44262,73.66425,340.16,0.41,0.45,2026-06-17,0837,N20,VIIRS,n,2.0NRT,299.34,2.72,D
30.7418,76.32277,342.51,0.59,0.53,2026-06-17,0837,N20,VIIRS,n,2.0NRT,297.38,4.6,D
30.73453,76.132,330.19,0.57,0.52,2026-06-17,0837,N20,VIIRS,n,2.0NRT,296.72,2.17,D
30.49297,73.62692,342.75,0.41,0.45,2026-06-17,0837,N20,VIIRS,n,2.0NRT,301.02,4.69,D
30.52353,73.86906,333.73,0.42,0.45,2026-06-17,0837,N20,VIIRS,n,2.0NRT,300.7,2.07,D
30.49709,73.62635,334.12,0.41,0.45,2026-06-17,0837,N20,VIIRS,n,2.0NRT,299.39,1.87,D
30.5012,73.62579,332.73,0.41,0.45,2026-06-17,0837,N20,VIIRS,n,2.0NRT,299.12,1.87,D
30.49557,73.57478,343.42,0.41,0.45,2026-06-17,0837,N20,VIIRS,n,2.0NRT,300.6,5.68,D
30.74502,76.32529,336.61,0.59,0.53,2026-06-17,0837,N20,VIIRS,n,2.0NRT,296.95,4.31,D
30.52038,73.86929,342.66,0.42,0.45,2026-06-17,0837,N20,VIIRS,n,2.0NRT,302.17,3.85,D
30.49551,73.62617,343.23,0.41,0.45,2026-06-17,0837,N20,VIIRS,n,2.0NRT,301.92,6.47,D
30.73416,76.13466,330.24,0.58,0.52,2026-06-17,0837,N20,VIIRS,n,2.0NRT,296.38,1.96,D
30.49433,73.5745,347.29,0.41,0.45,2026-06-17,0837,N20,VIIRS,n,2.0NRT,301.08,5.71,D
30.51287,73.63242,343.64,0.41,0.45,2026-06-17,0837,N20,VIIRS,n,2.0NRT,301.87,6.26,D
30.55729,73.98151,330.15,0.43,0.46,2026-06-17,0837,N20,VIIRS,l,2.0NRT,301.73,1.72,D
30.52568,73.63497,336.34,0.41,0.45,2026-06-17,0837,N20,VIIRS,n,2.0NRT,300.55,4.02,D
30.53309,73.58633,340.69,0.41,0.45,2026-06-17,0837,N20,VIIRS,n,2.0NRT,302.08,10.94,D
30.53264,73.58208,341.41,0.41,0.45,2026-06-17,0837,N20,VIIRS,n,2.0NRT,304.17,10.94,D
30.56819,73.88068,331.46,0.42,0.45,2026-06-17,0837,N20,VIIRS,n,2.0NRT,301.44,1.19,D
30.5395,73.56819,330.89,0.41,0.45,2026-06-17,0837,N20,VIIRS,l,2.0NRT,302.09,1.64,D
30.80139,76.2379,330.72,0.58,0.52,2026-06-17,0837,N20,VIIRS,n,2.0NRT,297.34,2.31,D
30.58536,73.96408,330.78,0.43,0.46,2026-06-17,0837,N20,VIIRS,l,2.0NRT,301.5,2.22,D
30.57425,73.85744,337,0.42,0.45,2026-06-17,0837,N20,VIIRS,n,2.0NRT,303.11,3.88,D
30.55591,73.64381,332.97,0.41,0.45,2026-06-17,0837,N20,VIIRS,n,2.0NRT,300.33,2.01,D
30.67411,73.78728,332.46,0.42,0.45,2026-06-17,0837,N20,VIIRS,n,2.0NRT,300.71,2.64,D
30.87113,75.76562,344.46,0.55,0.51,2026-06-17,0837,N20,VIIRS,n,2.0NRT,299.23,7.65,D
30.73501,74.33761,331.81,0.45,0.47,2026-06-17,0837,N20,VIIRS,n,2.0NRT,300.39,0.99,D
30.70899,74.08208,338.36,0.44,0.46,2026-06-17,0837,N20,VIIRS,n,2.0NRT,300.64,4.97,D
30.70852,74.07751,341.4,0.44,0.46,2026-06-17,0837,N20,VIIRS,n,2.0NRT,302.93,4.97,D
30.87584,75.76507,332.44,0.55,0.51,2026-06-17,0837,N20,VIIRS,n,2.0NRT,296.93,7.65,D
30.71936,74.09924,337.81,0.44,0.46,2026-06-17,0837,N20,VIIRS,n,2.0NRT,302.94,3.85,D
30.72124,74.07582,332.29,0.44,0.46,2026-06-17,0837,N20,VIIRS,n,2.0NRT,302.27,1.6,D
30.70103,73.88216,332.99,0.42,0.46,2026-06-17,0837,N20,VIIRS,n,2.0NRT,300.19,2.42,D
30.6945,73.82019,341.9,0.42,0.45,2026-06-17,0837,N20,VIIRS,n,2.0NRT,301.97,3.62,D
30.68939,73.77186,335.86,0.42,0.45,2026-06-17,0837,N20,VIIRS,n,2.0NRT,300.91,2.76,D
30.69868,73.81962,336.97,0.42,0.45,2026-06-17,0837,N20,VIIRS,n,2.0NRT,301.01,4.2,D
30.69355,73.77128,343.18,0.42,0.45,2026-06-17,0837,N20,VIIRS,n,2.0NRT,302.21,4.93,D
30.87739,75.575,332.31,0.53,0.5,2026-06-17,0837,N20,VIIRS,n,2.0NRT,293.01,3.57,D
30.7127,73.9122,341.85,0.43,0.46,2026-06-17,0837,N20,VIIRS,n,2.0NRT,299.89,8.25,D
30.71223,73.90775,343.51,0.43,0.46,2026-06-17,0837,N20,VIIRS,n,2.0NRT,303.7,10.36,D
30.72957,73.95079,351.26,0.43,0.46,2026-06-17,0837,N20,VIIRS,n,2.0NRT,302.3,13,D
30.72341,73.89266,341.96,0.43,0.46,2026-06-17,0837,N20,VIIRS,n,2.0NRT,300.79,6.88,D
30.75005,74.10442,330.96,0.44,0.46,2026-06-17,0837,N20,VIIRS,l,2.0NRT,302.18,1.61,D
30.70451,73.677,349.87,0.41,0.45,2026-06-17,0837,N20,VIIRS,n,2.0NRT,302.15,7.85,D
30.74364,73.96258,343.11,0.43,0.46,2026-06-17,0837,N20,VIIRS,n,2.0NRT,300.9,4.44,D
30.73361,73.86872,337.33,0.42,0.46,2026-06-17,0837,N20,VIIRS,n,2.0NRT,300.36,3.45,D
30.75206,73.96144,330.12,0.43,0.46,2026-06-17,0837,N20,VIIRS,l,2.0NRT,301,2.47,D
30.74342,73.95911,334.21,0.43,0.46,2026-06-17,0837,N20,VIIRS,n,2.0NRT,300.84,2.82,D
30.73444,73.86957,335.62,0.42,0.46,2026-06-17,0837,N20,VIIRS,n,2.0NRT,300.41,2.98,D
30.73221,73.84736,337.85,0.42,0.45,2026-06-17,0837,N20,VIIRS,n,2.0NRT,301.26,2.28,D
30.75574,73.91192,342.5,0.43,0.46,2026-06-17,0837,N20,VIIRS,n,2.0NRT,300.76,9.16,D
30.75529,73.90744,337.91,0.43,0.46,2026-06-17,0837,N20,VIIRS,n,2.0NRT,301.46,9.16,D
30.73007,73.66102,344.3,0.41,0.45,2026-06-17,0837,N20,VIIRS,n,2.0NRT,302.27,7.76,D
30.79205,74.23152,340.9,0.45,0.47,2026-06-17,0837,N20,VIIRS,n,2.0NRT,302.15,2.77,D
30.76678,73.9788,330.27,0.43,0.46,2026-06-17,0837,N20,VIIRS,l,2.0NRT,301.92,2.88,D
30.76632,73.97427,333.69,0.43,0.46,2026-06-17,0837,N20,VIIRS,n,2.0NRT,302.8,3.08,D
30.7742,74.00991,350.79,0.43,0.46,2026-06-17,0837,N20,VIIRS,n,2.0NRT,302.07,5.46,D
30.78349,74.05942,335.3,0.44,0.46,2026-06-17,0837,N20,VIIRS,n,2.0NRT,300.96,1.72,D
30.77843,74.00934,333.33,0.43,0.46,2026-06-17,0837,N20,VIIRS,n,2.0NRT,301.48,5.46,D
30.73979,73.63338,354.19,0.41,0.45,2026-06-17,0837,N20,VIIRS,n,2.0NRT,303.18,14.17,D
30.78311,74.01331,332.45,0.43,0.46,2026-06-17,0837,N20,VIIRS,n,2.0NRT,301.31,4.14,D
30.80126,74.15021,336.89,0.44,0.46,2026-06-17,0837,N20,VIIRS,n,2.0NRT,301.32,3.21,D
30.81348,74.22868,337.16,0.45,0.47,2026-06-17,0837,N20,VIIRS,n,2.0NRT,301.65,3.42,D
30.80039,74.09894,344.5,0.44,0.46,2026-06-17,0837,N20,VIIRS,n,2.0NRT,301.78,11.91,D
30.93265,75.37517,347.1,0.52,0.5,2026-06-17,0837,N20,VIIRS,n,2.0NRT,301.47,20.45,D
30.79957,74.0065,332.44,0.43,0.46,2026-06-17,0837,N20,VIIRS,n,2.0NRT,301.92,1.91,D
30.7482,73.51488,331.84,0.41,0.45,2026-06-17,0837,N20,VIIRS,l,2.0NRT,301.85,1.92,D
30.79913,73.96069,332.29,0.43,0.46,2026-06-17,0837,N20,VIIRS,n,2.0NRT,301.82,1.62,D
30.83014,74.22174,343.17,0.45,0.47,2026-06-17,0837,N20,VIIRS,n,2.0NRT,303.17,4.18,D
30.80243,73.9101,343.04,0.43,0.46,2026-06-17,0837,N20,VIIRS,n,2.0NRT,303.39,10.49,D
30.79778,73.82491,334.56,0.42,0.45,2026-06-17,0837,N20,VIIRS,n,2.0NRT,301.84,3.08,D
30.8311,74.10416,333.39,0.44,0.46,2026-06-17,0837,N20,VIIRS,n,2.0NRT,301.79,2.65,D
30.82305,73.98496,349.44,0.43,0.46,2026-06-17,0837,N20,VIIRS,n,2.0NRT,302.87,7.54,D
31.11763,74.64871,344.1,0.47,0.48,2026-06-17,0837,N20,VIIRS,n,2.0NRT,300.77,15.46,D
31.11713,74.64371,335.49,0.47,0.48,2026-06-17,0837,N20,VIIRS,n,2.0NRT,300.89,9.68,D
31.01676,73.51391,338.54,0.41,0.45,2026-06-17,0837,N20,VIIRS,n,2.0NRT,300.64,2.01,D
31.09859,74.21941,346.18,0.45,0.47,2026-06-17,0837,N20,VIIRS,n,2.0NRT,299.67,7.08,D
31.03145,73.50773,330.62,0.41,0.45,2026-06-17,0837,N20,VIIRS,n,2.0NRT,300.14,1.19,D
31.20948,75.31252,333.14,0.52,0.5,2026-06-17,0837,N20,VIIRS,n,2.0NRT,294.61,4.16,D
31.21507,75.32296,330.24,0.52,0.5,2026-06-17,0837,N20,VIIRS,n,2.0NRT,294.35,2.05,D
31.10801,74.09475,337.24,0.44,0.46,2026-06-17,0837,N20,VIIRS,n,2.0NRT,300.11,2.33,D
31.0533,73.55713,330.02,0.41,0.45,2026-06-17,0837,N20,VIIRS,l,2.0NRT,300.42,1.75,D
31.05969,73.57821,335.99,0.41,0.45,2026-06-17,0837,N20,VIIRS,n,2.0NRT,300.53,2,D
31.08589,73.54822,332.93,0.41,0.45,2026-06-17,0837,N20,VIIRS,n,2.0NRT,301.11,2.86,D
31.09002,73.54764,333.78,0.41,0.45,2026-06-17,0837,N20,VIIRS,n,2.0NRT,300.51,2.62,D
31.2758,75.12882,341.94,0.51,0.49,2026-06-17,0837,N20,VIIRS,n,2.0NRT,300.26,7.73,D
31.28035,75.12827,339.69,0.51,0.49,2026-06-17,0837,N20,VIIRS,n,2.0NRT,299.87,7.73,D
31.27983,75.12289,334.54,0.51,0.49,2026-06-17,0837,N20,VIIRS,n,2.0NRT,299.95,7.73,D
31.27923,75.06883,334.86,0.5,0.49,2026-06-17,0837,N20,VIIRS,n,2.0NRT,298.17,4.17,D
31.32544,75.45602,334.06,0.53,0.5,2026-06-17,0837,N20,VIIRS,n,2.0NRT,297.44,6.4,D
31.16261,73.70255,338.6,0.42,0.45,2026-06-17,0837,N20,VIIRS,n,2.0NRT,303.11,2.63,D
31.33458,75.2617,336.21,0.52,0.5,2026-06-17,0837,N20,VIIRS,n,2.0NRT,298.48,3.69,D
30.56553,73.69487,338.97,0.41,0.45,2026-06-17,0837,N20,VIIRS,n,2.0NRT,300.59,2.76,D
30.55363,73.58346,349.43,0.41,0.45,2026-06-17,0837,N20,VIIRS,n,2.0NRT,300.86,8.52,D
30.57797,73.73268,343.9,0.42,0.45,2026-06-17,0837,N20,VIIRS,n,2.0NRT,300.28,3.93,D
30.57566,73.71102,352.09,0.41,0.45,2026-06-17,0837,N20,VIIRS,n,2.0NRT,301.09,7.24,D
30.5752,73.70669,332.73,0.41,0.45,2026-06-17,0837,N20,VIIRS,n,2.0NRT,299.63,7.24,D
30.58859,73.75327,333.39,0.42,0.45,2026-06-17,0837,N20,VIIRS,n,2.0NRT,300.96,5.51,D
30.59508,73.77448,334.96,0.42,0.45,2026-06-17,0837,N20,VIIRS,n,2.0NRT,300.87,1.44,D
30.57603,73.59763,340.14,0.41,0.45,2026-06-17,0837,N20,VIIRS,n,2.0NRT,300.73,4.47,D
30.59171,73.66502,343.77,0.41,0.45,2026-06-17,0837,N20,VIIRS,n,2.0NRT,300.63,7.19,D
30.58798,73.63068,334.31,0.41,0.45,2026-06-17,0837,N20,VIIRS,n,2.0NRT,299.59,1.97,D
30.62457,73.93161,339.35,0.43,0.46,2026-06-17,0837,N20,VIIRS,n,2.0NRT,299.95,1.8,D
30.6518,74.14827,342.96,0.44,0.46,2026-06-17,0837,N20,VIIRS,n,2.0NRT,302.6,4.33,D
30.64677,74.01962,336.3,0.43,0.46,2026-06-17,0837,N20,VIIRS,n,2.0NRT,300.79,3.69,D
30.63621,73.92099,346.94,0.43,0.46,2026-06-17,0837,N20,VIIRS,n,2.0NRT,302.33,5.88,D
30.61342,73.71023,349.03,0.41,0.45,2026-06-17,0837,N20,VIIRS,n,2.0NRT,301.93,7.56,D
30.61059,73.68429,345.58,0.41,0.45,2026-06-17,0837,N20,VIIRS,n,2.0NRT,300.43,6.76,D
30.6555,74.14967,337.64,0.44,0.46,2026-06-17,0837,N20,VIIRS,n,2.0NRT,301.94,2.6,D
30.64056,73.99931,333.74,0.43,0.46,2026-06-17,0837,N20,VIIRS,n,2.0NRT,300.93,2.12,D
30.64705,74.02132,338.15,0.43,0.46,2026-06-17,0837,N20,VIIRS,n,2.0NRT,300.98,3.17,D
30.63712,73.92249,343.74,0.43,0.46,2026-06-17,0837,N20,VIIRS,n,2.0NRT,302.02,4.22,D
30.61565,73.71126,342.72,0.41,0.45,2026-06-17,0837,N20,VIIRS,n,2.0NRT,301.32,5.91,D
30.61298,73.68526,341.53,0.41,0.45,2026-06-17,0837,N20,VIIRS,n,2.0NRT,299.81,5.11,D
30.66337,74.0559,330.86,0.43,0.46,2026-06-17,0837,N20,VIIRS,l,2.0NRT,301.89,1.36,D
30.64621,73.8447,348.39,0.42,0.45,2026-06-17,0837,N20,VIIRS,n,2.0NRT,301.59,5.16,D
30.66131,73.95094,335.44,0.43,0.46,2026-06-17,0837,N20,VIIRS,n,2.0NRT,300.94,4.11,D
30.63998,73.74318,335.47,0.42,0.45,2026-06-17,0837,N20,VIIRS,n,2.0NRT,300.64,3.28,D
30.62718,73.50119,349.22,0.4,0.45,2026-06-17,0837,N20,VIIRS,n,2.0NRT,303.21,6.4,D
30.66303,73.76215,331.68,0.42,0.45,2026-06-17,0837,N20,VIIRS,n,2.0NRT,299.62,1.68,D
30.68519,73.89334,355.48,0.43,0.46,2026-06-17,0837,N20,VIIRS,n,2.0NRT,303.46,10.25,D
30.84247,74.13066,331.68,0.44,0.46,2026-06-17,0837,N20,VIIRS,l,2.0NRT,302.18,2.55,D
30.86019,74.26052,341.64,0.45,0.47,2026-06-17,0837,N20,VIIRS,n,2.0NRT,301.99,3.01,D
30.85959,74.17063,330.2,0.44,0.46,2026-06-17,0837,N20,VIIRS,l,2.0NRT,301.9,1.77,D
30.8224,73.81705,337.03,0.42,0.45,2026-06-17,0837,N20,VIIRS,n,2.0NRT,301.02,2.69,D
30.83084,73.85644,335.36,0.42,0.46,2026-06-17,0837,N20,VIIRS,n,2.0NRT,301.97,2.26,D
30.83713,73.82568,338.29,0.42,0.45,2026-06-17,0837,N20,VIIRS,n,2.0NRT,300.98,2.73,D
30.64293,73.85412,331.57,0.42,0.45,2026-06-17,0837,N20,VIIRS,l,2.0NRT,302.29,3,D
30.34949,75.48148,333.63,0.52,0.5,2026-06-17,0837,N20,VIIRS,n,2.0NRT,300.23,2.67,D
30.50709,76.18501,341.57,0.58,0.52,2026-06-17,0837,N20,VIIRS,n,2.0NRT,299.08,3.16,D
30.56129,75.7677,331.19,0.54,0.51,2026-06-17,0837,N20,VIIRS,n,2.0NRT,298.91,1.79,D
32.39697,74.35116,346.55,0.47,0.48,2026-06-17,0837,N20,VIIRS,n,2.0NRT,302.2,6.4,D
32.39678,74.34825,336.54,0.47,0.48,2026-06-17,0837,N20,VIIRS,n,2.0NRT,301.75,3.96,D
32.39728,74.35329,341.19,0.47,0.48,2026-06-17,0837,N20,VIIRS,n,2.0NRT,301.34,3.96,D
32.17844,73.80125,330.92,0.44,0.46,2026-06-17,0837,N20,VIIRS,l,2.0NRT,304.68,5.06,D
32.03137,74.01074,334.13,0.45,0.47,2026-06-17,0837,N20,VIIRS,l,2.0NRT,304.82,2.83,D
32.02934,74.01421,336.42,0.45,0.47,2026-06-17,0837,N20,VIIRS,n,2.0NRT,304.37,3.27,D
31.90244,74.20873,331.82,0.46,0.47,2026-06-17,0837,N20,VIIRS,l,2.0NRT,302.9,2.54,D
31.90858,74.36208,332.79,0.47,0.48,2026-06-17,0837,N20,VIIRS,n,2.0NRT,302.18,2.51,D
31.86072,74.1407,339.63,0.45,0.47,2026-06-17,0837,N20,VIIRS,n,2.0NRT,304.31,3.81,D
31.17884,75.28056,340.95,0.52,0.5,2026-06-17,0837,N20,VIIRS,n,2.0NRT,296.14,4.06,D
30.98195,73.65926,334.93,0.42,0.45,2026-06-17,0837,N20,VIIRS,n,2.0NRT,302.01,2.12,D
31.14264,75.29039,332.78,0.52,0.5,2026-06-17,0837,N20,VIIRS,n,2.0NRT,295.65,3.78,D
31.02925,74.16104,332.02,0.44,0.46,2026-06-17,0837,N20,VIIRS,n,2.0NRT,301.59,1.76,D
30.98172,74.16263,342.71,0.44,0.46,2026-06-17,0837,N20,VIIRS,n,2.0NRT,302.6,6.2,D
30.98305,74.16103,347.89,0.44,0.46,2026-06-17,0837,N20,VIIRS,n,2.0NRT,302.68,5.64,D
30.88097,73.55824,336.86,0.41,0.45,2026-06-17,0837,N20,VIIRS,n,2.0NRT,300.4,5.51,D
30.9327,74.09254,333.32,0.44,0.46,2026-06-17,0837,N20,VIIRS,n,2.0NRT,301.27,1.83,D
30.86861,73.55997,339.01,0.41,0.45,2026-06-17,0837,N20,VIIRS,n,2.0NRT,301.44,2.85,D
30.95144,74.58749,335.54,0.47,0.48,2026-06-17,0837,N20,VIIRS,n,2.0NRT,302.11,2.11,D
30.87655,73.87907,331.03,0.43,0.46,2026-06-17,0837,N20,VIIRS,l,2.0NRT,302.01,1.96,D
30.83862,73.79852,330.49,0.42,0.45,2026-06-17,0837,N20,VIIRS,l,2.0NRT,301.38,3.32,D
30.84176,73.82955,333.18,0.42,0.45,2026-06-17,0837,N20,VIIRS,n,2.0NRT,301.2,2.73,D
30.88619,73.97366,350.67,0.43,0.46,2026-06-17,0837,N20,VIIRS,n,2.0NRT,302.77,7.05,D
30.86769,73.87573,333.22,0.43,0.46,2026-06-17,0837,N20,VIIRS,n,2.0NRT,301.15,2.71,D
30.85374,73.86404,331.93,0.43,0.46,2026-06-17,0837,N20,VIIRS,n,2.0NRT,300.65,2.97,D
30.82658,73.81648,340.94,0.42,0.45,2026-06-17,0837,N20,VIIRS,n,2.0NRT,300.72,2.69,D
30.82611,73.81206,330.27,0.42,0.45,2026-06-17,0837,N20,VIIRS,l,2.0NRT,301,2.56,D
30.86734,73.99922,332.78,0.43,0.46,2026-06-17,0837,N20,VIIRS,n,2.0NRT,300.53,1.3,D
30.88177,74.3007,330.53,0.45,0.47,2026-06-17,0837,N20,VIIRS,l,2.0NRT,301.68,1.14,D
30.83979,73.90051,341.04,0.43,0.46,2026-06-17,0837,N20,VIIRS,n,2.0NRT,302.54,3.45,D
30.86901,74.13652,336.24,0.44,0.46,2026-06-17,0837,N20,VIIRS,n,2.0NRT,301.65,2.45,D
30.84056,73.82807,335.05,0.42,0.45,2026-06-17,0837,N20,VIIRS,n,2.0NRT,301.22,2.65,D
30.84008,73.82365,338.67,0.42,0.45,2026-06-17,0837,N20,VIIRS,n,2.0NRT,300.87,2.65,D
30.8377,73.80152,338.34,0.42,0.45,2026-06-17,0837,N20,VIIRS,n,2.0NRT,301.17,3.84,D
30.8833,74.29311,332.31,0.45,0.47,2026-06-17,0837,N20,VIIRS,n,2.0NRT,301.02,3.66,D
30.86778,74.13397,336.63,0.44,0.46,2026-06-17,0837,N20,VIIRS,n,2.0NRT,302.56,2.45,D
30.8551,73.56149,318.76,0.4,0.37,2026-06-17,2101,N20,VIIRS,n,2.0NRT,295.16,1.27,N
28.7418,76.92909,304.62,0.57,0.43,2026-06-17,2101,N20,VIIRS,n,2.0NRT,292.39,1.11,N
28.34534,77.25831,308.7,0.4,0.45,2026-06-17,2101,N20,VIIRS,n,2.0NRT,292.97,1,N
31.59299,76.56235,308.55,0.49,0.41,2026-06-17,2101,N20,VIIRS,n,2.0NRT,291.51,1.87,N
28.34071,77.21898,304.97,0.4,0.44,2026-06-17,2101,N20,VIIRS,n,2.0NRT,292.05,0.45,N
27.66794,76.12863,308.46,0.54,0.42,2026-06-17,2101,N20,VIIRS,n,2.0NRT,294.59,1.85,N
31.25922,76.92767,304.22,0.52,0.41,2026-06-17,2101,N20,VIIRS,n,2.0NRT,289.96,1.14,N
30.8568,73.56438,318.29,0.4,0.37,2026-06-17,2101,N20,VIIRS,n,2.0NRT,294.82,0.92,N
30.05223,76.74559,332.06,0.5,0.41,2026-06-18,0818,N20,VIIRS,l,2.0NRT,302.37,2.26,D
30.05346,76.74796,333.25,0.5,0.41,2026-06-18,0818,N20,VIIRS,n,2.0NRT,302.37,1.66,D
30.28143,76.25774,332.28,0.48,0.4,2026-06-18,0818,N20,VIIRS,n,2.0NRT,301.61,1.64,D
30.01718,73.79617,338.07,0.4,0.37,2026-06-18,0818,N20,VIIRS,n,2.0NRT,300.98,3.39,D
30.41053,76.18818,332.97,0.48,0.4,2026-06-18,0818,N20,VIIRS,n,2.0NRT,302.36,2.24,D
30.45994,76.55504,335.65,0.49,0.41,2026-06-18,0818,N20,VIIRS,n,2.0NRT,305.12,4.95,D
30.40145,75.84496,342.13,0.46,0.39,2026-06-18,0818,N20,VIIRS,n,2.0NRT,301.62,5.56,D
30.49733,73.50296,342.82,0.39,0.36,2026-06-18,0818,N20,VIIRS,n,2.0NRT,307.89,6.32,D
30.54557,73.77154,333.31,0.4,0.37,2026-06-18,0818,N20,VIIRS,l,2.0NRT,303.75,2.58,D
30.54487,73.74207,331.67,0.4,0.37,2026-06-18,0818,N20,VIIRS,n,2.0NRT,301.53,1.91,D
30.54429,73.73795,340.7,0.4,0.37,2026-06-18,0818,N20,VIIRS,n,2.0NRT,303.12,4.97,D
30.5314,73.62232,335.28,0.4,0.37,2026-06-18,0818,N20,VIIRS,n,2.0NRT,303.39,3.41,D
30.57172,73.85998,332.61,0.4,0.37,2026-06-18,0818,N20,VIIRS,l,2.0NRT,304.08,1.57,D
30.52181,73.50665,330.61,0.39,0.36,2026-06-18,0818,N20,VIIRS,l,2.0NRT,302.44,1.28,D
30.57508,73.85935,341.5,0.4,0.37,2026-06-18,0818,N20,VIIRS,n,2.0NRT,306.16,4.24,D
30.5745,73.8552,336.11,0.4,0.37,2026-06-18,0818,N20,VIIRS,n,2.0NRT,305.54,4.24,D
30.54491,73.64502,337.37,0.4,0.37,2026-06-18,0818,N20,VIIRS,n,2.0NRT,302.58,8.92,D
30.58134,73.87946,339.26,0.4,0.37,2026-06-18,0818,N20,VIIRS,n,2.0NRT,303.87,1.97,D
30.57844,73.85872,338.07,0.4,0.37,2026-06-18,0818,N20,VIIRS,n,2.0NRT,303.9,4.24,D
30.54825,73.64439,347.12,0.4,0.37,2026-06-18,0818,N20,VIIRS,n,2.0NRT,303.8,8.92,D
30.54593,73.62798,331.64,0.4,0.37,2026-06-18,0818,N20,VIIRS,n,2.0NRT,300.2,1.22,D
30.58179,73.85809,339.68,0.4,0.37,2026-06-18,0818,N20,VIIRS,n,2.0NRT,304.35,8.96,D
30.57076,73.7795,330.07,0.4,0.37,2026-06-18,0818,N20,VIIRS,l,2.0NRT,300.94,1.79,D
30.54926,73.62735,331.89,0.4,0.37,2026-06-18,0818,N20,VIIRS,l,2.0NRT,302.49,2.86,D
30.5978,73.92328,337.92,0.4,0.37,2026-06-18,0818,N20,VIIRS,n,2.0NRT,302.13,2.97,D
30.6086,73.95117,330.43,0.4,0.37,2026-06-18,0818,N20,VIIRS,l,2.0NRT,302.8,2.13,D
30.58184,73.76049,331.12,0.4,0.37,2026-06-18,0818,N20,VIIRS,l,2.0NRT,302.52,2.09,D
30.61197,73.95055,335.93,0.4,0.37,2026-06-18,0818,N20,VIIRS,n,2.0NRT,301.93,2.13,D
30.61139,73.94638,330.3,0.4,0.37,2026-06-18,0818,N20,VIIRS,l,2.0NRT,301.96,2.58,D
30.60033,73.8674,333.48,0.4,0.37,2026-06-18,0818,N20,VIIRS,n,2.0NRT,301.12,1.69,D
30.58693,73.77222,338.88,0.4,0.37,2026-06-18,0818,N20,VIIRS,n,2.0NRT,303.17,5.83,D
30.58635,73.7681,338.08,0.4,0.37,2026-06-18,0818,N20,VIIRS,n,2.0NRT,304.21,5.83,D
30.58562,73.73862,335.72,0.4,0.37,2026-06-18,0818,N20,VIIRS,n,2.0NRT,301.24,2.31,D
30.5798,73.69746,333.38,0.4,0.37,2026-06-18,0818,N20,VIIRS,n,2.0NRT,301.64,4.04,D
30.58606,73.7174,336.28,0.4,0.37,2026-06-18,0818,N20,VIIRS,n,2.0NRT,300.91,4.05,D
30.61798,73.91953,339.26,0.4,0.37,2026-06-18,0818,N20,VIIRS,n,2.0NRT,303,2.98,D
30.58065,73.6551,337.67,0.4,0.37,2026-06-18,0818,N20,VIIRS,n,2.0NRT,298.3,3.02,D
30.57773,73.63459,333,0.4,0.37,2026-06-18,0818,N20,VIIRS,n,2.0NRT,302.26,3.35,D
30.6266,73.95639,330.58,0.4,0.37,2026-06-18,0818,N20,VIIRS,l,2.0NRT,302.98,1.65,D
30.61085,73.84416,334.69,0.4,0.37,2026-06-18,0818,N20,VIIRS,n,2.0NRT,301.69,1.09,D
30.58107,73.63396,340.61,0.4,0.37,2026-06-18,0818,N20,VIIRS,n,2.0NRT,301.16,3.35,D
30.61187,73.82697,347.09,0.4,0.37,2026-06-18,0818,N20,VIIRS,n,2.0NRT,304.82,5.68,D
30.60953,73.81041,331.04,0.4,0.37,2026-06-18,0818,N20,VIIRS,n,2.0NRT,300.42,1.76,D
30.62676,73.88377,337.17,0.4,0.37,2026-06-18,0818,N20,VIIRS,n,2.0NRT,302.7,1.81,D
30.61331,73.78848,332.14,0.4,0.37,2026-06-18,0818,N20,VIIRS,l,2.0NRT,302.49,2.18,D
30.6465,73.9998,339.49,0.4,0.37,2026-06-18,0818,N20,VIIRS,n,2.0NRT,302.14,1.93,D
30.64065,73.95806,345.12,0.4,0.37,2026-06-18,0818,N20,VIIRS,n,2.0NRT,303.94,5.03,D
30.62369,73.83751,333.64,0.4,0.37,2026-06-18,0818,N20,VIIRS,n,2.0NRT,302.49,1.61,D
30.62193,73.82508,331.19,0.4,0.37,2026-06-18,0818,N20,VIIRS,l,2.0NRT,301.77,1.33,D
30.58664,73.55301,337.19,0.39,0.36,2026-06-18,0818,N20,VIIRS,n,2.0NRT,302.59,5.35,D
30.66775,74.07754,337.55,0.4,0.37,2026-06-18,0818,N20,VIIRS,n,2.0NRT,303.42,3.91,D
30.63668,73.85635,337.04,0.4,0.37,2026-06-18,0818,N20,VIIRS,n,2.0NRT,303.64,2.39,D
30.66717,74.07334,348.96,0.4,0.37,2026-06-18,0818,N20,VIIRS,n,2.0NRT,305.64,7.78,D
28.72744,76.73983,337.89,0.48,0.4,2026-06-18,0818,N20,VIIRS,n,2.0NRT,305.86,5.45,D
29.65482,77.05176,330.28,0.51,0.41,2026-06-18,0818,N20,VIIRS,l,2.0NRT,301.31,3.67,D
29.696,76.88291,332.06,0.5,0.41,2026-06-18,0818,N20,VIIRS,n,2.0NRT,301.21,4.22,D
29.40215,74.42857,342.53,0.4,0.37,2026-06-18,0818,N20,VIIRS,n,2.0NRT,304.19,16.25,D
30.00734,76.84788,338.72,0.5,0.41,2026-06-18,0818,N20,VIIRS,n,2.0NRT,302.89,4.55,D
30.03243,76.92954,337.67,0.51,0.41,2026-06-18,0818,N20,VIIRS,n,2.0NRT,303.54,3.82,D
30.0552,77.0559,330.65,0.52,0.41,2026-06-18,0818,N20,VIIRS,l,2.0NRT,301.12,2.48,D
30.35205,73.62194,330.6,0.39,0.37,2026-06-18,0818,N20,VIIRS,l,2.0NRT,303.55,0.83,D
30.64701,75.93639,338.59,0.47,0.39,2026-06-18,0818,N20,VIIRS,n,2.0NRT,299.92,4.05,D
30.69748,76.34814,339.63,0.49,0.4,2026-06-18,0818,N20,VIIRS,n,2.0NRT,304.55,4.27,D
30.64339,75.93698,331.18,0.47,0.39,2026-06-18,0818,N20,VIIRS,n,2.0NRT,298.11,3.06,D
30.27084,73.71647,338.32,0.4,0.37,2026-06-18,0818,N20,VIIRS,n,2.0NRT,302.52,3.73,D
30.56109,76.02306,333.66,0.47,0.4,2026-06-18,0818,N20,VIIRS,n,2.0NRT,300.92,2.52,D
30.54328,76.24246,344.84,0.48,0.4,2026-06-18,0818,N20,VIIRS,n,2.0NRT,305.89,23.08,D
30.45291,75.62611,338.76,0.45,0.39,2026-06-18,0818,N20,VIIRS,n,2.0NRT,303.3,4.35,D
30.45369,75.62385,332.46,0.45,0.39,2026-06-18,0818,N20,VIIRS,l,2.0NRT,304.19,3.24,D
30.4543,75.62853,333.59,0.45,0.39,2026-06-18,0818,N20,VIIRS,n,2.0NRT,301.95,2.25,D
30.46224,76.21732,336.41,0.48,0.4,2026-06-18,0818,N20,VIIRS,n,2.0NRT,300.83,4.15,D
30.50716,73.63548,337.19,0.4,0.37,2026-06-18,0818,N20,VIIRS,n,2.0NRT,302.8,3.46,D
30.50282,73.65313,338.3,0.4,0.37,2026-06-18,0818,N20,VIIRS,n,2.0NRT,302.78,2.55,D
30.53505,73.87968,336.89,0.4,0.37,2026-06-18,0818,N20,VIIRS,n,2.0NRT,301.85,2.49,D
30.4778,73.50272,333.48,0.39,0.36,2026-06-18,0818,N20,VIIRS,l,2.0NRT,304.17,2.08,D
30.48952,73.58424,347.67,0.39,0.36,2026-06-18,0818,N20,VIIRS,n,2.0NRT,304.51,14.3,D
30.52056,73.80174,341.81,0.4,0.37,2026-06-18,0818,N20,VIIRS,n,2.0NRT,303.32,3.79,D
30.48619,73.58488,342.76,0.39,0.36,2026-06-18,0818,N20,VIIRS,n,2.0NRT,302.96,8.33,D
30.51838,73.81063,332.9,0.4,0.37,2026-06-18,0818,N20,VIIRS,n,2.0NRT,300.83,2.72,D
30.5086,73.7659,336.44,0.4,0.37,2026-06-18,0818,N20,VIIRS,n,2.0NRT,300.84,1.45,D
30.51928,73.86562,352.4,0.4,0.37,2026-06-18,0818,N20,VIIRS,n,2.0NRT,304.07,8.87,D
30.46115,73.50589,333.35,0.39,0.36,2026-06-18,0818,N20,VIIRS,n,2.0NRT,302.98,2.78,D
30.45782,73.50652,348.43,0.39,0.36,2026-06-18,0818,N20,VIIRS,n,2.0NRT,304.27,2.78,D
30.50716,73.90189,336.26,0.4,0.37,2026-06-18,0818,N20,VIIRS,n,2.0NRT,302.51,1.93,D
30.46884,73.65534,337.53,0.4,0.37,2026-06-18,0818,N20,VIIRS,n,2.0NRT,302.55,2.97,D
30.47875,73.72508,330.33,0.4,0.37,2026-06-18,0818,N20,VIIRS,l,2.0NRT,300.6,4.68,D
30.48006,73.75859,334.61,0.4,0.37,2026-06-18,0818,N20,VIIRS,n,2.0NRT,302.24,1.9,D
30.45342,73.59528,336.63,0.39,0.37,2026-06-18,0818,N20,VIIRS,n,2.0NRT,302.71,1.89,D
30.4594,73.66133,338.53,0.4,0.37,2026-06-18,0818,N20,VIIRS,n,2.0NRT,303.07,2.55,D
30.48223,73.84707,337.97,0.4,0.37,2026-06-18,0818,N20,VIIRS,n,2.0NRT,303.3,3.24,D
30.42569,73.521,338.73,0.39,0.36,2026-06-18,0818,N20,VIIRS,n,2.0NRT,306.05,2.83,D
30.47403,73.88682,335.3,0.4,0.37,2026-06-18,0818,N20,VIIRS,n,2.0NRT,302.75,1.87,D
30.44864,73.73075,337.37,0.4,0.37,2026-06-18,0818,N20,VIIRS,n,2.0NRT,298.25,3.12,D
30.45527,73.82669,330.18,0.4,0.37,2026-06-18,0818,N20,VIIRS,l,2.0NRT,301.29,1.51,D
30.44555,73.78197,343.73,0.4,0.37,2026-06-18,0818,N20,VIIRS,n,2.0NRT,302.14,3.53,D
30.41687,73.62737,332.35,0.39,0.37,2026-06-18,0818,N20,VIIRS,l,2.0NRT,303.56,1.77,D
30.41353,73.628,330.71,0.39,0.37,2026-06-18,0818,N20,VIIRS,l,2.0NRT,303.8,1.77,D
30.69733,75.7681,331.88,0.46,0.39,2026-06-18,0818,N20,VIIRS,n,2.0NRT,299.67,4.68,D
30.40788,73.61231,337.77,0.39,0.37,2026-06-18,0818,N20,VIIRS,n,2.0NRT,302.9,3.56,D
30.4138,73.67837,334.13,0.4,0.37,2026-06-18,0818,N20,VIIRS,n,2.0NRT,302.24,2.14,D
30.39383,73.58564,331.68,0.39,0.36,2026-06-18,0818,N20,VIIRS,l,2.0NRT,302.96,2.33,D
30.39343,73.64766,334.95,0.39,0.37,2026-06-18,0818,N20,VIIRS,n,2.0NRT,303.01,2.45,D
30.58375,75.13103,335.6,0.43,0.38,2026-06-18,0818,N20,VIIRS,l,2.0NRT,307.43,3.69,D
30.34846,73.50142,333.66,0.39,0.36,2026-06-18,0818,N20,VIIRS,n,2.0NRT,302.41,2.28,D
30.36715,73.63165,336,0.39,0.37,2026-06-18,0818,N20,VIIRS,n,2.0NRT,303.39,1.87,D
30.34513,73.50206,341.13,0.39,0.36,2026-06-18,0818,N20,VIIRS,n,2.0NRT,303.18,3.83,D
30.33906,73.50739,335.88,0.39,0.36,2026-06-18,0818,N20,VIIRS,n,2.0NRT,303.08,4.45,D
30.68902,73.77525,331.98,0.4,0.37,2026-06-18,0820,N20,VIIRS,l,2.0NRT,303.08,0.96,D
30.65615,73.92096,335.93,0.4,0.37,2026-06-18,0820,N20,VIIRS,n,2.0NRT,302.3,1.05,D
30.66928,74.00526,334.49,0.4,0.37,2026-06-18,0820,N20,VIIRS,n,2.0NRT,302.43,6.5,D
30.60636,73.55437,341.99,0.39,0.37,2026-06-18,0820,N20,VIIRS,n,2.0NRT,305.25,4.89,D
30.67141,73.97054,347.65,0.4,0.37,2026-06-18,0820,N20,VIIRS,n,2.0NRT,301.84,4.86,D
30.69094,74.08733,336.31,0.4,0.37,2026-06-18,0820,N20,VIIRS,n,2.0NRT,303.09,1.66,D
30.6869,74.0579,336.13,0.4,0.37,2026-06-18,0820,N20,VIIRS,n,2.0NRT,303.44,2.96,D
30.67536,73.9741,343.12,0.4,0.37,2026-06-18,0820,N20,VIIRS,n,2.0NRT,302.86,5.82,D
30.64647,73.76627,335.57,0.4,0.37,2026-06-18,0820,N20,VIIRS,n,2.0NRT,301.31,1.9,D
30.89613,75.63098,334.97,0.46,0.39,2026-06-18,0820,N20,VIIRS,n,2.0NRT,300.77,2.71,D
30.64982,73.76564,335.12,0.4,0.37,2026-06-18,0820,N20,VIIRS,n,2.0NRT,300.9,1.36,D
30.62086,73.56001,347.08,0.39,0.37,2026-06-18,0820,N20,VIIRS,n,2.0NRT,303.45,10.15,D
30.66637,73.83479,335.24,0.4,0.37,2026-06-18,0820,N20,VIIRS,l,2.0NRT,306.29,4.58,D
30.62347,73.53011,338.01,0.39,0.36,2026-06-18,0820,N20,VIIRS,n,2.0NRT,302.9,2.8,D
30.70446,74.08483,336.51,0.4,0.37,2026-06-18,0820,N20,VIIRS,n,2.0NRT,302.6,2.55,D
30.67784,73.89234,337.66,0.4,0.37,2026-06-18,0820,N20,VIIRS,n,2.0NRT,304.41,3.41,D
30.70726,74.08,340.82,0.4,0.37,2026-06-18,0820,N20,VIIRS,n,2.0NRT,302.91,4.92,D
30.70668,74.07579,336.1,0.4,0.37,2026-06-18,0820,N20,VIIRS,n,2.0NRT,303.9,3.23,D
30.69857,74.01702,338.95,0.4,0.37,2026-06-18,0820,N20,VIIRS,n,2.0NRT,304.03,2.9,D
30.6812,73.89171,332.72,0.4,0.37,2026-06-18,0820,N20,VIIRS,l,2.0NRT,303.39,2.38,D
30.70195,74.01639,331.52,0.4,0.37,2026-06-18,0820,N20,VIIRS,l,2.0NRT,301.7,2.9,D
30.6689,73.77904,335.08,0.4,0.37,2026-06-18,0820,N20,VIIRS,n,2.0NRT,300.89,1.45,D
30.66716,73.76662,336.85,0.4,0.37,2026-06-18,0820,N20,VIIRS,n,2.0NRT,302.66,2.9,D
30.66426,73.74596,334.37,0.4,0.37,2026-06-18,0820,N20,VIIRS,n,2.0NRT,300.24,2.27,D
30.71054,74.05353,339.04,0.4,0.37,2026-06-18,0820,N20,VIIRS,n,2.0NRT,305.59,4.97,D
30.70996,74.04933,334.74,0.4,0.37,2026-06-18,0820,N20,VIIRS,n,2.0NRT,303.88,5.17,D
30.67051,73.766,343.68,0.4,0.37,2026-06-18,0820,N20,VIIRS,n,2.0NRT,302.86,4.47,D
30.63506,73.51532,337.35,0.39,0.36,2026-06-18,0820,N20,VIIRS,n,2.0NRT,301.88,3.84,D
30.71671,74.04807,334.12,0.4,0.37,2026-06-18,0820,N20,VIIRS,l,2.0NRT,304.19,2.14,D
30.67896,73.77715,331.32,0.4,0.37,2026-06-18,0820,N20,VIIRS,l,2.0NRT,301.9,2.16,D
30.67373,73.73994,331.58,0.4,0.37,2026-06-18,0820,N20,VIIRS,l,2.0NRT,302.13,3.12,D
30.69161,73.84283,332.35,0.4,0.37,2026-06-18,0820,N20,VIIRS,l,2.0NRT,303.58,1.79,D
30.69206,73.82146,336.21,0.4,0.37,2026-06-18,0820,N20,VIIRS,n,2.0NRT,305.73,3.16,D
30.69135,73.79182,348.62,0.4,0.37,2026-06-18,0820,N20,VIIRS,n,2.0NRT,304.51,5.24,D
30.71101,73.90752,335.13,0.4,0.37,2026-06-18,0820,N20,VIIRS,l,2.0NRT,305.91,2.84,D
30.69353,73.7829,348.32,0.4,0.37,2026-06-18,0820,N20,VIIRS,n,2.0NRT,305.3,7.71,D
30.69179,73.77049,335.08,0.4,0.37,2026-06-18,0820,N20,VIIRS,n,2.0NRT,303.28,2.35,D
30.73185,74.03236,338.18,0.4,0.37,2026-06-18,0820,N20,VIIRS,n,2.0NRT,305.06,2.28,D
30.71087,73.8819,335.89,0.4,0.37,2026-06-18,0820,N20,VIIRS,n,2.0NRT,301.89,1.42,D
30.67866,73.62905,342.47,0.4,0.37,2026-06-18,0820,N20,VIIRS,n,2.0NRT,297.93,3.78,D
30.71177,73.83907,345.18,0.4,0.37,2026-06-18,0820,N20,VIIRS,n,2.0NRT,306.05,5.73,D
30.73789,74.00112,346.47,0.4,0.37,2026-06-18,0820,N20,VIIRS,n,2.0NRT,304.69,8.86,D
30.73672,73.99274,346.99,0.4,0.37,2026-06-18,0820,N20,VIIRS,n,2.0NRT,303.52,4.42,D
30.71571,73.84259,332.05,0.4,0.37,2026-06-18,0820,N20,VIIRS,l,2.0NRT,302.49,1.07,D
30.71147,73.78803,336.24,0.4,0.37,2026-06-18,0820,N20,VIIRS,n,2.0NRT,304.59,1.32,D
30.70972,73.77561,331.35,0.4,0.37,2026-06-18,0820,N20,VIIRS,l,2.0NRT,302.66,1,D
30.92686,75.35696,347.55,0.44,0.39,2026-06-18,0820,N20,VIIRS,n,2.0NRT,306.48,6.18,D
30.74405,73.99568,340.23,0.4,0.37,2026-06-18,0820,N20,VIIRS,n,2.0NRT,304.46,4.32,D
30.73586,73.93713,343.32,0.4,0.37,2026-06-18,0820,N20,VIIRS,n,2.0NRT,303.03,5.52,D
30.68618,73.58546,332.94,0.4,0.37,2026-06-18,0820,N20,VIIRS,n,2.0NRT,300.59,1.85,D
30.9346,75.38889,332.71,0.45,0.39,2026-06-18,0820,N20,VIIRS,l,2.0NRT,305.24,4.49,D
30.7755,74.19736,335.41,0.41,0.37,2026-06-18,0820,N20,VIIRS,n,2.0NRT,303.09,1.77,D
30.71409,73.7578,337.18,0.4,0.37,2026-06-18,0820,N20,VIIRS,n,2.0NRT,303.52,2.5,D
30.7135,73.75367,340.2,0.4,0.37,2026-06-18,0820,N20,VIIRS,n,2.0NRT,304.83,2.5,D
30.93814,75.3883,335.08,0.45,0.39,2026-06-18,0820,N20,VIIRS,l,2.0NRT,306.48,4.8,D
30.74494,73.95259,337.09,0.4,0.37,2026-06-18,0820,N20,VIIRS,n,2.0NRT,302.11,3.05,D
30.76002,74.03576,331.86,0.4,0.37,2026-06-18,0820,N20,VIIRS,l,2.0NRT,302.29,2.62,D
30.75944,74.03156,336.57,0.4,0.37,2026-06-18,0820,N20,VIIRS,n,2.0NRT,303.4,3.13,D
30.70205,73.62462,347.73,0.4,0.37,2026-06-18,0820,N20,VIIRS,n,2.0NRT,304.66,5.51,D
30.75168,73.95133,334.5,0.4,0.37,2026-06-18,0820,N20,VIIRS,n,2.0NRT,300.42,0.94,D
30.73703,73.84712,339.18,0.4,0.37,2026-06-18,0820,N20,VIIRS,n,2.0NRT,304.87,2.35,D
30.73645,73.84297,333.15,0.4,0.37,2026-06-18,0820,N20,VIIRS,n,2.0NRT,303.11,2.35,D
30.70832,73.64453,342.32,0.4,0.37,2026-06-18,0820,N20,VIIRS,n,2.0NRT,300.31,10.21,D
30.70774,73.64042,335.86,0.4,0.37,2026-06-18,0820,N20,VIIRS,n,2.0NRT,300.14,4.41,D
30.79612,74.24584,332.25,0.41,0.37,2026-06-18,0820,N20,VIIRS,l,2.0NRT,304.03,1.38,D
30.79716,74.22821,342.07,0.41,0.37,2026-06-18,0820,N20,VIIRS,n,2.0NRT,303.41,3.56,D
30.79363,74.20273,334.69,0.41,0.37,2026-06-18,0820,N20,VIIRS,n,2.0NRT,302.9,1.55,D
30.77294,74.02906,334.19,0.4,0.37,2026-06-18,0820,N20,VIIRS,n,2.0NRT,301.77,3.37,D
30.71366,73.60977,340.34,0.4,0.37,2026-06-18,0820,N20,VIIRS,n,2.0NRT,303.83,3.97,D
30.75517,73.87789,339.14,0.4,0.37,2026-06-18,0820,N20,VIIRS,n,2.0NRT,305.19,2.49,D
30.75047,73.84462,336.89,0.4,0.37,2026-06-18,0820,N20,VIIRS,n,2.0NRT,304.98,5.63,D
30.74988,73.84046,343.19,0.4,0.37,2026-06-18,0820,N20,VIIRS,n,2.0NRT,304.89,5.63,D
30.72346,73.65436,345.54,0.4,0.37,2026-06-18,0820,N20,VIIRS,n,2.0NRT,303.39,5.51,D
30.81265,74.26466,343.06,0.41,0.37,2026-06-18,0820,N20,VIIRS,n,2.0NRT,303.85,6.39,D
30.76265,73.90645,334.64,0.4,0.37,2026-06-18,0820,N20,VIIRS,n,2.0NRT,302.84,2.28,D
30.75383,73.84399,349.14,0.4,0.37,2026-06-18,0820,N20,VIIRS,n,2.0NRT,306.12,5.63,D
30.81296,74.26536,338.35,0.41,0.37,2026-06-18,0820,N20,VIIRS,n,2.0NRT,303.72,7.93,D
30.78243,74.04089,337.21,0.4,0.37,2026-06-18,0820,N20,VIIRS,n,2.0NRT,300.53,3.16,D
30.75533,73.84431,338.63,0.4,0.37,2026-06-18,0820,N20,VIIRS,n,2.0NRT,302.69,3.01,D
30.81348,74.24342,333.58,0.41,0.37,2026-06-18,0820,N20,VIIRS,n,2.0NRT,301.84,1.81,D
30.80541,74.18391,330.32,0.41,0.37,2026-06-18,0820,N20,VIIRS,l,2.0NRT,302.79,1.57,D
30.78927,74.06553,331.9,0.4,0.37,2026-06-18,0820,N20,VIIRS,l,2.0NRT,303.54,2.73,D
30.7887,74.06132,349.36,0.4,0.37,2026-06-18,0820,N20,VIIRS,n,2.0NRT,305.17,7.59,D
30.79208,74.06069,338.23,0.4,0.37,2026-06-18,0820,N20,VIIRS,n,2.0NRT,303.94,3.12,D
30.7915,74.05647,335.33,0.4,0.37,2026-06-18,0820,N20,VIIRS,n,2.0NRT,301.19,3.12,D
30.77361,73.92645,338.74,0.4,0.37,2026-06-18,0820,N20,VIIRS,n,2.0NRT,304.57,2.1,D
30.79199,74.03481,335.86,0.4,0.37,2026-06-18,0820,N20,VIIRS,n,2.0NRT,302.35,2.69,D
30.78448,73.98024,334.75,0.4,0.37,2026-06-18,0820,N20,VIIRS,n,2.0NRT,304,1.55,D
30.80733,74.07082,334.62,0.41,0.37,2026-06-18,0820,N20,VIIRS,n,2.0NRT,302.84,2.02,D
30.8275,74.1929,338.87,0.41,0.37,2026-06-18,0820,N20,VIIRS,n,2.0NRT,303.15,3.69,D
30.82692,74.18865,341.03,0.41,0.37,2026-06-18,0820,N20,VIIRS,n,2.0NRT,304.49,3.69,D
30.79913,73.98611,332.07,0.4,0.37,2026-06-18,0820,N20,VIIRS,l,2.0NRT,303.18,0.82,D
30.79624,73.96516,338.61,0.4,0.37,2026-06-18,0820,N20,VIIRS,n,2.0NRT,304.73,2.59,D
30.8054,74.00647,340.25,0.4,0.37,2026-06-18,0820,N20,VIIRS,n,2.0NRT,304.66,3.05,D
30.80878,74.00584,332.59,0.4,0.37,2026-06-18,0820,N20,VIIRS,l,2.0NRT,303.61,3.05,D
30.8053,73.98067,339.27,0.4,0.37,2026-06-18,0820,N20,VIIRS,n,2.0NRT,304.92,4.83,D
30.85617,74.30125,343.03,0.41,0.37,2026-06-18,0820,N20,VIIRS,n,2.0NRT,304.81,11.48,D
30.83991,74.18192,335.62,0.41,0.37,2026-06-18,0820,N20,VIIRS,n,2.0NRT,303.24,1.39,D
30.81379,73.992,342.04,0.4,0.37,2026-06-18,0820,N20,VIIRS,n,2.0NRT,303.65,5.6,D
30.84679,74.20679,340.19,0.41,0.37,2026-06-18,0820,N20,VIIRS,n,2.0NRT,301.02,2.05,D
30.77822,73.71234,336.03,0.4,0.37,2026-06-18,0820,N20,VIIRS,n,2.0NRT,302.23,3.68,D
30.77763,73.70821,336.58,0.4,0.37,2026-06-18,0820,N20,VIIRS,n,2.0NRT,304.38,3.68,D
30.85019,74.20617,332.88,0.41,0.37,2026-06-18,0820,N20,VIIRS,n,2.0NRT,302.35,2.05,D
31.01805,75.45274,336.04,0.45,0.39,2026-06-18,0820,N20,VIIRS,n,2.0NRT,300.57,5.48,D
30.85533,74.2183,337.57,0.41,0.37,2026-06-18,0820,N20,VIIRS,n,2.0NRT,303.26,3.11,D
30.83438,74.06583,333.88,0.41,0.37,2026-06-18,0820,N20,VIIRS,n,2.0NRT,302.43,1.94,D
30.83077,74.01469,335.05,0.4,0.37,2026-06-18,0820,N20,VIIRS,n,2.0NRT,301.49,0.82,D
30.85571,74.17032,345.25,0.41,0.37,2026-06-18,0820,N20,VIIRS,n,2.0NRT,303.56,6.46,D
30.83939,74.05193,341.36,0.4,0.37,2026-06-18,0820,N20,VIIRS,n,2.0NRT,302.25,3.02,D
30.79045,73.70155,343.18,0.4,0.37,2026-06-18,0820,N20,VIIRS,n,2.0NRT,303.35,4.01,D
30.87252,74.26759,331.86,0.41,0.37,2026-06-18,0820,N20,VIIRS,l,2.0NRT,302.62,1.17,D
30.86026,74.17818,335.36,0.41,0.37,2026-06-18,0820,N20,VIIRS,n,2.0NRT,305.03,2.27,D
30.84557,74.04647,336.87,0.4,0.37,2026-06-18,0820,N20,VIIRS,n,2.0NRT,302.4,1.34,D
30.8199,73.86213,331.11,0.4,0.37,2026-06-18,0820,N20,VIIRS,n,2.0NRT,300.79,1.61,D
30.86997,74.19817,334.17,0.41,0.37,2026-06-18,0820,N20,VIIRS,n,2.0NRT,303.26,1.47,D
30.86646,74.17268,330.75,0.41,0.37,2026-06-18,0820,N20,VIIRS,l,2.0NRT,301.2,1.04,D
30.85479,74.08802,336.7,0.41,0.37,2026-06-18,0820,N20,VIIRS,n,2.0NRT,302.82,1.58,D
30.91377,74.49386,340.41,0.42,0.37,2026-06-18,0820,N20,VIIRS,n,2.0NRT,306.2,3.72,D
30.83408,73.88944,350.67,0.4,0.37,2026-06-18,0820,N20,VIIRS,n,2.0NRT,303.48,26.02,D
30.86845,74.1115,335.54,0.41,0.37,2026-06-18,0820,N20,VIIRS,n,2.0NRT,303.66,2.39,D
30.86786,74.10727,331.79,0.41,0.37,2026-06-18,0820,N20,VIIRS,l,2.0NRT,304.35,1.93,D
30.83803,73.893,342.05,0.4,0.37,2026-06-18,0820,N20,VIIRS,n,2.0NRT,303.01,4.35,D
30.83613,73.85481,340.61,0.4,0.37,2026-06-18,0820,N20,VIIRS,n,2.0NRT,302.87,3.29,D
30.84125,73.8667,333.08,0.4,0.37,2026-06-18,0820,N20,VIIRS,n,2.0NRT,302.32,4.41,D
30.84403,73.8619,348.93,0.4,0.37,2026-06-18,0820,N20,VIIRS,n,2.0NRT,303.51,9.24,D
30.94495,74.56849,333.45,0.42,0.38,2026-06-18,0820,N20,VIIRS,l,2.0NRT,304.16,2.86,D
30.94436,74.56413,335.86,0.42,0.38,2026-06-18,0820,N20,VIIRS,n,2.0NRT,303.54,2.86,D
30.85208,73.89465,343.07,0.4,0.37,2026-06-18,0820,N20,VIIRS,n,2.0NRT,302.92,4.53,D
30.84387,73.83626,337.15,0.4,0.37,2026-06-18,0820,N20,VIIRS,n,2.0NRT,301.51,2.61,D
30.84488,73.81899,342.45,0.4,0.37,2026-06-18,0820,N20,VIIRS,n,2.0NRT,303.38,3.66,D
30.86175,73.9143,339.97,0.4,0.37,2026-06-18,0820,N20,VIIRS,n,2.0NRT,302.83,3.07,D
30.89789,74.12344,342.21,0.41,0.37,2026-06-18,0820,N20,VIIRS,n,2.0NRT,304.7,3,D
30.8969,74.05974,341.17,0.41,0.37,2026-06-18,0820,N20,VIIRS,n,2.0NRT,302.94,4.47,D
30.88988,73.98328,337.79,0.4,0.37,2026-06-18,0820,N20,VIIRS,n,2.0NRT,303.67,4,D
30.82565,73.5224,338.12,0.39,0.37,2026-06-18,0820,N20,VIIRS,n,2.0NRT,304.65,5.05,D
30.88054,73.89041,339.62,0.4,0.37,2026-06-18,0820,N20,VIIRS,n,2.0NRT,302.96,3.97,D
30.87938,73.88205,336.35,0.4,0.37,2026-06-18,0820,N20,VIIRS,n,2.0NRT,302.74,4.15,D
30.89432,73.96523,334.68,0.4,0.37,2026-06-18,0820,N20,VIIRS,n,2.0NRT,303.1,2.97,D
30.88391,73.88979,334.79,0.4,0.37,2026-06-18,0820,N20,VIIRS,n,2.0NRT,303.05,2.37,D
30.88333,73.8856,337.05,0.4,0.37,2026-06-18,0820,N20,VIIRS,n,2.0NRT,304.86,2.37,D
30.88611,73.88078,334.45,0.4,0.37,2026-06-18,0820,N20,VIIRS,n,2.0NRT,301.18,3.77,D
31.06502,75.19962,335.82,0.44,0.38,2026-06-18,0820,N20,VIIRS,l,2.0NRT,306.07,9.69,D
30.95435,74.35505,339.55,0.41,0.37,2026-06-18,0820,N20,VIIRS,n,2.0NRT,304.16,2.92,D
30.90859,74.01865,345.95,0.4,0.37,2026-06-18,0820,N20,VIIRS,n,2.0NRT,303.57,8.16,D
30.89759,73.93877,336.75,0.4,0.37,2026-06-18,0820,N20,VIIRS,n,2.0NRT,301.03,2.44,D
31.06854,75.19902,347.35,0.44,0.38,2026-06-18,0820,N20,VIIRS,n,2.0NRT,302.89,9.69,D
30.93052,74.15342,334.61,0.41,0.37,2026-06-18,0820,N20,VIIRS,n,2.0NRT,303.36,3.37,D
30.92994,74.14916,336.12,0.41,0.37,2026-06-18,0820,N20,VIIRS,n,2.0NRT,304.27,3.21,D
30.91767,74.03426,341.69,0.4,0.37,2026-06-18,0820,N20,VIIRS,n,2.0NRT,305.33,10.44,D
30.90955,73.97531,335.34,0.4,0.37,2026-06-18,0820,N20,VIIRS,n,2.0NRT,303.07,2.28,D
30.94408,74.15092,330.47,0.41,0.37,2026-06-18,0820,N20,VIIRS,l,2.0NRT,302.98,1.23,D
30.93536,74.08731,331.99,0.41,0.37,2026-06-18,0820,N20,VIIRS,n,2.0NRT,301.59,6.76,D
30.93478,74.08308,339.88,0.41,0.37,2026-06-18,0820,N20,VIIRS,n,2.0NRT,305.45,6.76,D
30.8586,73.5372,336.28,0.4,0.37,2026-06-18,0820,N20,VIIRS,n,2.0NRT,298.88,3.43,D
30.94282,74.11633,330.36,0.41,0.37,2026-06-18,0820,N20,VIIRS,l,2.0NRT,303.14,1.48,D
31.09974,75.27391,337.91,0.44,0.39,2026-06-18,0820,N20,VIIRS,n,2.0NRT,303.55,5.93,D
31.3508,75.46425,336.47,0.45,0.39,2026-06-18,0820,N20,VIIRS,n,2.0NRT,301.78,3.61,D
31.3502,75.4595,335.02,0.45,0.39,2026-06-18,0820,N20,VIIRS,n,2.0NRT,302.08,3.44,D
31.32265,75.21462,342.31,0.44,0.39,2026-06-18,0820,N20,VIIRS,n,2.0NRT,301.46,6.1,D
31.31967,75.19141,335.04,0.44,0.39,2026-06-18,0820,N20,VIIRS,n,2.0NRT,301.53,2.76,D
31.34053,75.32608,335.66,0.45,0.39,2026-06-18,0820,N20,VIIRS,n,2.0NRT,299.86,1.67,D
31.12053,73.6367,353.11,0.4,0.37,2026-06-18,0820,N20,VIIRS,n,2.0NRT,303.66,11.61,D
31.10412,73.5208,335.55,0.4,0.37,2026-06-18,0820,N20,VIIRS,n,2.0NRT,303.91,4.07,D
31.37409,75.50408,342.62,0.46,0.39,2026-06-18,0820,N20,VIIRS,n,2.0NRT,302.32,9.04,D
31.37767,75.50348,346.34,0.46,0.39,2026-06-18,0820,N20,VIIRS,n,2.0NRT,300.95,9.84,D
31.37937,75.4594,335.84,0.45,0.39,2026-06-18,0820,N20,VIIRS,n,2.0NRT,299.44,3.91,D
31.33708,75.10336,336.93,0.44,0.38,2026-06-18,0820,N20,VIIRS,n,2.0NRT,302.44,6.01,D
31.33648,75.09875,338.05,0.44,0.38,2026-06-18,0820,N20,VIIRS,n,2.0NRT,304.72,5.3,D
31.13552,73.62107,330.87,0.4,0.37,2026-06-18,0820,N20,VIIRS,n,2.0NRT,299.77,2.11,D
31.36712,75.30714,334.97,0.45,0.39,2026-06-18,0820,N20,VIIRS,n,2.0NRT,302.24,2.1,D
31.43628,75.66765,342.71,0.46,0.39,2026-06-18,0820,N20,VIIRS,n,2.0NRT,299.92,4.29,D
31.43988,75.66704,345.29,0.46,0.39,2026-06-18,0820,N20,VIIRS,n,2.0NRT,301.32,6.83,D
31.51531,76.04328,335.56,0.48,0.4,2026-06-18,0820,N20,VIIRS,n,2.0NRT,300.09,3.5,D
31.42855,75.25516,332.12,0.45,0.39,2026-06-18,0820,N20,VIIRS,l,2.0NRT,303.62,1.34,D
31.41832,75.11903,337.48,0.44,0.38,2026-06-18,0820,N20,VIIRS,n,2.0NRT,305.43,3.06,D
31.41713,75.1098,336,0.44,0.38,2026-06-18,0820,N20,VIIRS,n,2.0NRT,305.16,3.72,D
31.43194,75.16876,336.92,0.44,0.39,2026-06-18,0820,N20,VIIRS,n,2.0NRT,303.33,5.22,D
31.43062,75.10275,333.66,0.44,0.38,2026-06-18,0820,N20,VIIRS,l,2.0NRT,305.07,3,D
31.44065,75.12462,339.52,0.44,0.38,2026-06-18,0820,N20,VIIRS,n,2.0NRT,306.09,3.38,D
31.45938,75.10246,335.27,0.44,0.38,2026-06-18,0820,N20,VIIRS,l,2.0NRT,305.84,1.9,D
31.49206,75.24626,340.08,0.45,0.39,2026-06-18,0820,N20,VIIRS,n,2.0NRT,304.53,2.74,D
31.48677,75.17558,342.72,0.44,0.39,2026-06-18,0820,N20,VIIRS,n,2.0NRT,303.98,9.81,D
31.48324,75.11922,335.56,0.44,0.38,2026-06-18,0820,N20,VIIRS,n,2.0NRT,303.41,1.96,D
31.48617,75.0856,331.39,0.44,0.38,2026-06-18,0820,N20,VIIRS,l,2.0NRT,304.17,2.09,D
31.5676,75.61835,331.53,0.46,0.39,2026-06-18,0820,N20,VIIRS,n,2.0NRT,300.55,2.5,D
31.51091,75.16663,346.92,0.44,0.39,2026-06-18,0820,N20,VIIRS,n,2.0NRT,304.55,7.05,D
31.52728,75.09736,335.47,0.44,0.38,2026-06-18,0820,N20,VIIRS,n,2.0NRT,302.17,3.32,D
31.53365,75.06316,337.56,0.44,0.38,2026-06-18,0820,N20,VIIRS,n,2.0NRT,304.94,9.2,D
31.56803,75.1615,333.84,0.44,0.39,2026-06-18,0820,N20,VIIRS,l,2.0NRT,305.16,16.75,D
31.5624,75.06287,339.22,0.44,0.38,2026-06-18,0820,N20,VIIRS,n,2.0NRT,303.52,5.3,D
31.58194,74.99032,340.6,0.44,0.38,2026-06-18,0820,N20,VIIRS,n,2.0NRT,306.06,7.4,D
31.60431,75.10927,335.15,0.44,0.39,2026-06-18,0820,N20,VIIRS,n,2.0NRT,303.35,6.8,D
31.62611,75.13878,336.43,0.44,0.39,2026-06-18,0820,N20,VIIRS,n,2.0NRT,301.94,2.8,D
31.63432,75.1183,334.72,0.44,0.39,2026-06-18,0820,N20,VIIRS,n,2.0NRT,301.27,2.62,D
31.72661,74.3867,339.29,0.42,0.38,2026-06-18,0820,N20,VIIRS,n,2.0NRT,308.63,5.86,D
31.66972,73.91277,338.14,0.41,0.37,2026-06-18,0820,N20,VIIRS,n,2.0NRT,306.79,3.52,D
31.69474,73.94318,335.69,0.41,0.37,2026-06-18,0820,N20,VIIRS,l,2.0NRT,305.99,3.46,D
31.93298,74.02454,339.03,0.41,0.37,2026-06-18,0820,N20,VIIRS,n,2.0NRT,307.22,2.35,D
32.06531,73.89143,339.22,0.41,0.37,2026-06-18,0820,N20,VIIRS,n,2.0NRT,306.38,4.82,D
32.06472,73.88713,336.09,0.41,0.37,2026-06-18,0820,N20,VIIRS,n,2.0NRT,305.41,3.38,D
32.09932,74.0405,337.24,0.41,0.37,2026-06-18,0820,N20,VIIRS,n,2.0NRT,304.78,6.25,D
32.09488,73.80209,340.4,0.41,0.37,2026-06-18,0820,N20,VIIRS,n,2.0NRT,306.15,3.57,D
32.29264,73.63873,345.99,0.4,0.37,2026-06-18,0820,N20,VIIRS,n,2.0NRT,307.89,8.18,D
32.42813,74.40834,332.15,0.43,0.38,2026-06-18,0820,N20,VIIRS,l,2.0NRT,305.25,2.18,D
31.29317,75.15343,340.99,0.44,0.38,2026-06-18,0820,N20,VIIRS,n,2.0NRT,305.69,12.03,D
30.66986,74.00945,337.8,0.4,0.37,2026-06-18,0820,N20,VIIRS,n,2.0NRT,303.03,6.61,D
30.67406,74.09792,339.53,0.4,0.37,2026-06-18,0820,N20,VIIRS,n,2.0NRT,303.16,2.32,D
30.63929,73.82608,344.13,0.4,0.37,2026-06-18,0820,N20,VIIRS,n,2.0NRT,303.17,2.61,D
30.59293,73.50147,338.36,0.39,0.36,2026-06-18,0820,N20,VIIRS,n,2.0NRT,301.91,4.59,D
31.09915,75.26927,334.41,0.44,0.39,2026-06-18,0820,N20,VIIRS,n,2.0NRT,302.88,3.21,D
30.94097,74.07759,338.87,0.41,0.37,2026-06-18,0820,N20,VIIRS,n,2.0NRT,303.45,1.88,D
30.92177,73.93857,345.82,0.4,0.37,2026-06-18,0820,N20,VIIRS,n,2.0NRT,304.4,5.8,D
30.94436,74.07697,337.65,0.41,0.37,2026-06-18,0820,N20,VIIRS,n,2.0NRT,301.97,1.48,D
31.10257,75.18373,331.97,0.44,0.38,2026-06-18,0820,N20,VIIRS,n,2.0NRT,301.32,1.36,D
30.97728,74.24094,339.17,0.41,0.37,2026-06-18,0820,N20,VIIRS,n,2.0NRT,306.59,4.71,D
31.11718,75.15771,330.68,0.44,0.38,2026-06-18,0820,N20,VIIRS,l,2.0NRT,304.06,1.52,D
31.15124,75.36506,338.96,0.45,0.39,2026-06-18,0820,N20,VIIRS,n,2.0NRT,303.86,4.58,D
31.06668,74.61539,331.69,0.42,0.38,2026-06-18,0820,N20,VIIRS,l,2.0NRT,302.87,2.09,D
31.01737,74.20295,340.06,0.41,0.37,2026-06-18,0820,N20,VIIRS,n,2.0NRT,304.2,4.1,D
30.93791,73.63639,336.97,0.4,0.37,2026-06-18,0820,N20,VIIRS,n,2.0NRT,300.79,1.36,D
31.06751,74.54343,331.98,0.42,0.38,2026-06-18,0820,N20,VIIRS,l,2.0NRT,303,1.66,D
31.06671,74.54463,333.85,0.42,0.38,2026-06-18,0820,N20,VIIRS,l,2.0NRT,304.72,1.8,D
31.08982,74.69363,339.09,0.42,0.38,2026-06-18,0820,N20,VIIRS,n,2.0NRT,303.9,9.3,D
31.09153,74.67975,336.64,0.42,0.38,2026-06-18,0820,N20,VIIRS,n,2.0NRT,303.36,1.24,D
31.09151,74.65263,338.06,0.42,0.38,2026-06-18,0820,N20,VIIRS,n,2.0NRT,304.71,2.99,D
31.18905,75.35546,342.8,0.45,0.39,2026-06-18,0820,N20,VIIRS,n,2.0NRT,301.43,8.88,D
31.18434,75.31804,330.99,0.45,0.39,2026-06-18,0820,N20,VIIRS,l,2.0NRT,301.21,2.02,D
31.09837,74.62432,335.61,0.42,0.38,2026-06-18,0820,N20,VIIRS,n,2.0NRT,303.49,2.07,D
31.18081,75.20474,332.86,0.44,0.38,2026-06-18,0820,N20,VIIRS,n,2.0NRT,302.23,0.63,D
31.11455,74.66659,331.72,0.42,0.38,2026-06-18,0820,N20,VIIRS,l,2.0NRT,301.77,2.4,D
31.19612,75.23997,335.33,0.44,0.39,2026-06-18,0820,N20,VIIRS,n,2.0NRT,304.15,4.2,D
31.20855,75.30913,338.34,0.45,0.39,2026-06-18,0820,N20,VIIRS,n,2.0NRT,302.99,6,D
31.20558,75.28582,338.72,0.44,0.39,2026-06-18,0820,N20,VIIRS,n,2.0NRT,302.17,5.69,D
31.20024,75.244,343.5,0.44,0.39,2026-06-18,0820,N20,VIIRS,n,2.0NRT,306.58,18.11,D
31.22816,75.43526,333.84,0.45,0.39,2026-06-18,0820,N20,VIIRS,n,2.0NRT,300.68,1.77,D
31.21384,75.29392,331.01,0.45,0.39,2026-06-18,0820,N20,VIIRS,l,2.0NRT,303.1,1.92,D
31.23409,75.42462,336.09,0.45,0.39,2026-06-18,0820,N20,VIIRS,n,2.0NRT,302.86,4.42,D
31.21739,75.29331,330.83,0.45,0.39,2026-06-18,0820,N20,VIIRS,l,2.0NRT,303.98,1.92,D
31.29984,75.92195,337.71,0.47,0.4,2026-06-18,0820,N20,VIIRS,n,2.0NRT,298.87,4.43,D
31.23758,75.36633,335.12,0.45,0.39,2026-06-18,0820,N20,VIIRS,n,2.0NRT,303.06,2.57,D
31.23329,75.27631,335.38,0.44,0.39,2026-06-18,0820,N20,VIIRS,n,2.0NRT,303.1,1.95,D
31.23269,75.27165,332.31,0.44,0.39,2026-06-18,0820,N20,VIIRS,l,2.0NRT,305.1,1.95,D
31.24729,75.21693,335.55,0.44,0.39,2026-06-18,0820,N20,VIIRS,n,2.0NRT,302.76,2.6,D
31.23227,75.10168,345.94,0.44,0.38,2026-06-18,0820,N20,VIIRS,n,2.0NRT,302.96,10.94,D
31.05038,73.71363,337.51,0.4,0.37,2026-06-18,0820,N20,VIIRS,n,2.0NRT,303.28,2.34,D
31.26937,75.30347,344.49,0.45,0.39,2026-06-18,0820,N20,VIIRS,n,2.0NRT,302.79,7.53,D
31.04885,73.65424,342.58,0.4,0.37,2026-06-18,0820,N20,VIIRS,n,2.0NRT,303.85,7.81,D
31.06254,73.66473,338.63,0.4,0.37,2026-06-18,0820,N20,VIIRS,n,2.0NRT,303.59,4.95,D
31.3062,75.42823,336.75,0.45,0.39,2026-06-18,0820,N20,VIIRS,n,2.0NRT,301,3.92,D
31.27556,75.18484,337.24,0.44,0.38,2026-06-18,0820,N20,VIIRS,n,2.0NRT,301.33,4.6,D
31.08072,73.72107,335.79,0.4,0.37,2026-06-18,0820,N20,VIIRS,n,2.0NRT,301.55,3.28,D
31.08014,73.7169,330.93,0.4,0.37,2026-06-18,0820,N20,VIIRS,l,2.0NRT,302.61,2.59,D
31.09766,73.6453,339.74,0.4,0.37,2026-06-18,0820,N20,VIIRS,n,2.0NRT,302.08,3.28,D
31.07956,73.51701,342.13,0.4,0.37,2026-06-18,0820,N20,VIIRS,n,2.0NRT,303.67,5.48,D
31.11779,73.73974,339.15,0.4,0.37,2026-06-18,0820,N20,VIIRS,n,2.0NRT,302.49,3.47,D
28.77608,76.95042,313.9,0.39,0.36,2026-06-18,2044,N20,VIIRS,n,2.0NRT,288.95,0.73,N
28.74572,76.92779,318.21,0.39,0.36,2026-06-18,2044,N20,VIIRS,n,2.0NRT,293.35,2.07,N
29.36088,76.95911,314.04,0.39,0.36,2026-06-18,2044,N20,VIIRS,n,2.0NRT,294.59,2.09,N
29.46095,76.88936,306.42,0.39,0.36,2026-06-18,2044,N20,VIIRS,n,2.0NRT,294.02,1.4,N
28.8367,77.14085,318.76,0.39,0.36,2026-06-18,2044,N20,VIIRS,n,2.0NRT,293.34,3.1,N
28.8021,77.04134,308.98,0.39,0.36,2026-06-18,2044,N20,VIIRS,n,2.0NRT,294.12,1.43,N
28.80145,77.04528,310.04,0.39,0.36,2026-06-18,2044,N20,VIIRS,n,2.0NRT,294.47,1.43,N
28.78661,76.94858,307.5,0.39,0.36,2026-06-18,2044,N20,VIIRS,n,2.0NRT,292.17,0.91,N
31.18694,75.48947,332.86,0.39,0.36,2026-06-19,0758,N20,VIIRS,l,2.0NRT,301.15,2.2,D
31.26967,75.15955,335.97,0.4,0.37,2026-06-19,0758,N20,VIIRS,l,2.0NRT,302.51,2.99,D
31.40301,75.49751,335.6,0.39,0.36,2026-06-19,0758,N20,VIIRS,n,2.0NRT,299.94,2.13,D
29.93038,77.01582,346.77,0.38,0.36,2026-06-19,0801,N20,VIIRS,n,2.0NRT,304.57,5.28,D
30.92512,77.34303,299.81,0.49,0.4,2026-06-19,2023,N20,VIIRS,n,2.0NRT,286.72,0.64,N
29.90872,74.94849,305.07,0.42,0.45,2026-06-19,2023,N20,VIIRS,n,2.0NRT,294.77,1.04,N
28.85403,77.14754,308.9,0.47,0.4,2026-06-19,2023,N20,VIIRS,n,2.0NRT,295.04,0.76,N
28.8504,77.14693,307,0.47,0.4,2026-06-19,2023,N20,VIIRS,n,2.0NRT,294.93,0.52,N
28.83645,77.13965,310.42,0.47,0.4,2026-06-19,2023,N20,VIIRS,n,2.0NRT,295.2,0.97,N
28.77917,76.94817,304.53,0.48,0.4,2026-06-19,2023,N20,VIIRS,n,2.0NRT,294.42,0.9,N
28.7443,76.92728,307.83,0.48,0.4,2026-06-19,2023,N20,VIIRS,n,2.0NRT,295.07,1.74,N
28.33745,77.22075,310.25,0.46,0.39,2026-06-19,2023,N20,VIIRS,n,2.0NRT,294.33,1.95,N
32.29942,74.31638,304.17,0.49,0.48,2026-06-19,2023,N20,VIIRS,n,2.0NRT,291.97,0.75,N
30.92362,77.34509,299.14,0.49,0.4,2026-06-19,2023,N20,VIIRS,n,2.0NRT,287.32,0.35,N
29.51478,77.01373,333.44,0.54,0.42,2026-06-20,0739,N20,VIIRS,n,2.0NRT,302.39,10.84,D
29.64027,76.84773,338.61,0.55,0.42,2026-06-20,0739,N20,VIIRS,n,2.0NRT,305.89,3.2,D
29.96748,76.91916,337.11,0.53,0.42,2026-06-20,0739,N20,VIIRS,n,2.0NRT,305.16,4.12,D
30.02677,76.93818,342.58,0.53,0.42,2026-06-20,0739,N20,VIIRS,n,2.0NRT,305.07,13.1,D
29.76884,75.7667,336.96,0.41,0.45,2026-06-20,0739,N20,VIIRS,n,2.0NRT,298.85,3.94,D
30.08429,76.85301,346.97,0.54,0.42,2026-06-20,0739,N20,VIIRS,n,2.0NRT,305.68,9.52,D
30.21859,76.73058,333.47,0.54,0.42,2026-06-20,0739,N20,VIIRS,l,2.0NRT,304.95,2.1,D
30.21953,76.72726,335.75,0.54,0.42,2026-06-20,0739,N20,VIIRS,n,2.0NRT,305.54,2.7,D
30.2503,76.2664,341.08,0.57,0.43,2026-06-20,0739,N20,VIIRS,n,2.0NRT,303.75,4.52,D
30.16845,75.36868,340.08,0.43,0.46,2026-06-20,0739,N20,VIIRS,n,2.0NRT,301.71,5.34,D
30.23415,75.47771,335.7,0.42,0.45,2026-06-20,0739,N20,VIIRS,n,2.0NRT,302.29,2.52,D
29.47675,77.01363,331.66,0.54,0.42,2026-06-20,0739,N20,VIIRS,n,2.0NRT,300.74,1.73,D
29.51583,77.01915,336.76,0.54,0.42,2026-06-20,0739,N20,VIIRS,n,2.0NRT,302.37,14.88,D
30.59677,73.62109,331.3,0.52,0.5,2026-06-20,0741,N20,VIIRS,n,2.0NRT,298.41,2.7,D
31.036,75.67435,341.86,0.39,0.44,2026-06-20,0741,N20,VIIRS,n,2.0NRT,304.45,3.95,D
30.68504,73.85149,341.79,0.51,0.49,2026-06-20,0741,N20,VIIRS,n,2.0NRT,298.12,8.41,D
30.63776,73.54653,330.47,0.53,0.5,2026-06-20,0741,N20,VIIRS,n,2.0NRT,298.79,2.83,D
30.84776,74.28807,337.74,0.47,0.48,2026-06-20,0741,N20,VIIRS,n,2.0NRT,297.01,3.6,D
30.6867,73.55116,338.08,0.53,0.5,2026-06-20,0741,N20,VIIRS,n,2.0NRT,299.92,4.77,D
30.86875,74.34343,332.06,0.47,0.48,2026-06-20,0741,N20,VIIRS,n,2.0NRT,296.79,1.76,D
30.86494,74.28316,330.7,0.47,0.48,2026-06-20,0741,N20,VIIRS,n,2.0NRT,299.39,1.58,D
30.75874,73.74897,338.76,0.51,0.49,2026-06-20,0741,N20,VIIRS,n,2.0NRT,300.52,4.91,D
30.76318,73.74767,339,0.51,0.49,2026-06-20,0741,N20,VIIRS,n,2.0NRT,299.91,4.91,D
30.76183,73.6981,344.44,0.51,0.5,2026-06-20,0741,N20,VIIRS,n,2.0NRT,300.18,7.02,D
30.76627,73.69679,335.27,0.51,0.5,2026-06-20,0741,N20,VIIRS,n,2.0NRT,301.66,4.28,D
30.76844,73.685,341.59,0.52,0.5,2026-06-20,0741,N20,VIIRS,n,2.0NRT,300.26,4.49,D
30.7673,73.67975,341.41,0.52,0.5,2026-06-20,0741,N20,VIIRS,n,2.0NRT,302.65,5.21,D
30.90443,74.29747,335.32,0.47,0.48,2026-06-20,0741,N20,VIIRS,n,2.0NRT,300.97,3.13,D
31.16229,75.50581,332.32,0.4,0.44,2026-06-20,0741,N20,VIIRS,n,2.0NRT,300.32,1.53,D
31.16628,75.50471,331.87,0.4,0.44,2026-06-20,0741,N20,VIIRS,l,2.0NRT,302.17,1.53,D
31.13301,75.21871,341.27,0.42,0.45,2026-06-20,0741,N20,VIIRS,n,2.0NRT,295.11,5.31,D
31.20061,75.42236,338.84,0.4,0.45,2026-06-20,0741,N20,VIIRS,n,2.0NRT,294.49,2.57,D
31.20462,75.42126,341.07,0.4,0.45,2026-06-20,0741,N20,VIIRS,n,2.0NRT,298.67,3.98,D
31.22267,75.30139,342.13,0.41,0.45,2026-06-20,0741,N20,VIIRS,n,2.0NRT,298.83,5.16,D
31.24729,75.339,342.12,0.41,0.45,2026-06-20,0741,N20,VIIRS,n,2.0NRT,300.07,5.01,D
31.32581,75.68139,331.33,0.39,0.44,2026-06-20,0741,N20,VIIRS,l,2.0NRT,303.79,1.36,D
31.30111,75.41732,337.54,0.4,0.44,2026-06-20,0741,N20,VIIRS,n,2.0NRT,301.08,3.12,D
31.45554,75.89535,334.25,0.57,0.43,2026-06-20,0741,N20,VIIRS,n,2.0NRT,302.68,8.08,D
31.45438,75.88949,332.61,0.57,0.43,2026-06-20,0741,N20,VIIRS,n,2.0NRT,301.56,8.08,D
31.36308,75.34744,339.11,0.41,0.45,2026-06-20,0741,N20,VIIRS,n,2.0NRT,296.6,1.86,D
31.40982,75.53908,334.79,0.4,0.44,2026-06-20,0741,N20,VIIRS,n,2.0NRT,301.91,2.32,D
31.36651,75.34351,331.23,0.41,0.45,2026-06-20,0741,N20,VIIRS,n,2.0NRT,298.25,1.54,D
31.41041,75.53584,335.34,0.4,0.44,2026-06-20,0741,N20,VIIRS,n,2.0NRT,300.4,2.98,D
31.42104,75.56719,332.1,0.39,0.44,2026-06-20,0741,N20,VIIRS,l,2.0NRT,303.38,2.5,D
30.99817,73.50481,331.62,0.52,0.5,2026-06-20,0741,N20,VIIRS,n,2.0NRT,299.64,2.7,D
31.37056,75.48953,343.36,0.4,0.44,2026-06-20,0741,N20,VIIRS,n,2.0NRT,300.76,5.29,D
30.38968,76.06241,339.74,0.39,0.44,2026-06-20,0741,N20,VIIRS,n,2.0NRT,305.89,3.16,D
30.29716,75.49203,330.1,0.42,0.45,2026-06-20,0741,N20,VIIRS,l,2.0NRT,303.28,3.1,D
30.42701,75.88553,332.09,0.39,0.44,2026-06-20,0741,N20,VIIRS,l,2.0NRT,304.69,3.86,D
30.53116,76.20168,336.57,0.57,0.43,2026-06-20,0741,N20,VIIRS,n,2.0NRT,306.36,3.94,D
30.58412,76.30703,332.36,0.56,0.43,2026-06-20,0741,N20,VIIRS,l,2.0NRT,304.62,1.16,D
30.60054,76.26657,331.93,0.56,0.43,2026-06-20,0741,N20,VIIRS,l,2.0NRT,303.61,2.15,D
30.57986,76.16254,340.75,0.57,0.43,2026-06-20,0741,N20,VIIRS,n,2.0NRT,304.39,5.37,D
30.60441,76.26555,335.55,0.56,0.43,2026-06-20,0741,N20,VIIRS,n,2.0NRT,304.2,3.53,D
30.52985,75.70435,338.08,0.4,0.44,2026-06-20,0741,N20,VIIRS,n,2.0NRT,301.79,3.07,D
30.53385,75.70328,341.55,0.4,0.44,2026-06-20,0741,N20,VIIRS,n,2.0NRT,301.55,8.69,D
31.20174,77.0788,336.92,0.5,0.41,2026-06-20,0741,N20,VIIRS,n,2.0NRT,302.75,4.19,D
30.51182,73.71523,332.53,0.52,0.5,2026-06-20,0741,N20,VIIRS,n,2.0NRT,296.24,2.36,D
30.91867,75.5975,351.14,0.4,0.44,2026-06-20,0741,N20,VIIRS,n,2.0NRT,301.23,15.99,D
30.51263,73.67561,330.16,0.52,0.5,2026-06-20,0741,N20,VIIRS,n,2.0NRT,297.69,2.9,D
30.89555,75.44204,346.5,0.41,0.45,2026-06-20,0741,N20,VIIRS,n,2.0NRT,288.27,6.73,D
30.52853,73.70474,341.29,0.52,0.5,2026-06-20,0741,N20,VIIRS,n,2.0NRT,297.65,4.82,D
30.57348,73.75872,345.18,0.52,0.5,2026-06-20,0741,N20,VIIRS,n,2.0NRT,299.32,7.72,D
30.9346,75.38253,334.82,0.41,0.45,2026-06-20,0741,N20,VIIRS,n,2.0NRT,290.9,2.91,D
30.60423,73.84754,336.09,0.51,0.49,2026-06-20,0741,N20,VIIRS,n,2.0NRT,293.86,5.14,D
31.00965,75.56529,330.47,0.4,0.44,2026-06-20,0741,N20,VIIRS,l,2.0NRT,301.79,1.22,D
30.94787,75.26399,345.27,0.42,0.45,2026-06-20,0741,N20,VIIRS,n,2.0NRT,303.84,7.68,D
30.63927,75.90955,342.19,0.39,0.44,2026-06-20,0741,N20,VIIRS,n,2.0NRT,303.6,3.9,D
30.64624,75.86132,331.26,0.39,0.44,2026-06-20,0741,N20,VIIRS,l,2.0NRT,301.54,1.91,D
30.89498,77.09493,334.24,0.51,0.41,2026-06-20,0741,N20,VIIRS,l,2.0NRT,304.67,5.15,D
30.65416,75.8592,331.5,0.39,0.44,2026-06-20,0741,N20,VIIRS,l,2.0NRT,303.51,3.28,D
30.8987,77.09413,341.65,0.51,0.41,2026-06-20,0741,N20,VIIRS,n,2.0NRT,305.06,5.97,D
30.66186,75.52124,354.08,0.41,0.45,2026-06-20,0741,N20,VIIRS,n,2.0NRT,302.57,12.44,D
30.62057,75.29999,342.37,0.42,0.45,2026-06-20,0741,N20,VIIRS,n,2.0NRT,300.56,5.8,D
30.86917,76.28755,345.83,0.55,0.43,2026-06-20,0741,N20,VIIRS,n,2.0NRT,304.53,10.52,D
30.76136,75.74164,335.92,0.4,0.44,2026-06-20,0741,N20,VIIRS,n,2.0NRT,302.37,3.03,D
30.74634,75.37536,341.83,0.41,0.45,2026-06-20,0741,N20,VIIRS,n,2.0NRT,294.04,6.27,D
30.83107,75.60341,342.23,0.4,0.44,2026-06-20,0741,N20,VIIRS,n,2.0NRT,302.62,5.39,D
30.83024,75.59929,333.27,0.4,0.44,2026-06-20,0741,N20,VIIRS,l,2.0NRT,304.68,5.11,D
30.4023,73.52177,333.21,0.54,0.51,2026-06-20,0741,N20,VIIRS,n,2.0NRT,297.1,4.55,D
30.89974,75.62861,334.64,0.4,0.44,2026-06-20,0741,N20,VIIRS,n,2.0NRT,299.1,2.1,D
30.7993,75.1209,339.38,0.43,0.46,2026-06-20,0741,N20,VIIRS,n,2.0NRT,300.6,4.56,D
30.90771,75.62643,354.08,0.4,0.44,2026-06-20,0741,N20,VIIRS,n,2.0NRT,303.21,20.51,D
31.19802,77.07954,339.92,0.5,0.41,2026-06-20,0741,N20,VIIRS,n,2.0NRT,302.11,3.78,D
31.46363,75.52979,343.28,0.39,0.44,2026-06-20,0741,N20,VIIRS,n,2.0NRT,302.61,21.4,D
31.46282,75.52574,336.1,0.39,0.44,2026-06-20,0741,N20,VIIRS,n,2.0NRT,300.04,12.25,D
31.44838,75.41288,345.87,0.4,0.44,2026-06-20,0741,N20,VIIRS,n,2.0NRT,301.86,8.42,D
31.4997,75.60532,349.86,0.39,0.44,2026-06-20,0741,N20,VIIRS,n,2.0NRT,303.51,8.38,D
31.49627,75.54652,337.86,0.39,0.44,2026-06-20,0741,N20,VIIRS,n,2.0NRT,299.79,4.33,D
31.44907,75.31187,342.01,0.41,0.45,2026-06-20,0741,N20,VIIRS,n,2.0NRT,300.11,2.32,D
31.43352,75.2141,342.93,0.41,0.45,2026-06-20,0741,N20,VIIRS,n,2.0NRT,301.7,8.8,D
31.41247,75.08943,343.02,0.42,0.45,2026-06-20,0741,N20,VIIRS,n,2.0NRT,300.46,4.42,D
31.43016,75.1343,333.57,0.42,0.45,2026-06-20,0741,N20,VIIRS,n,2.0NRT,299.7,2.65,D
31.43287,75.13354,332.92,0.41,0.45,2026-06-20,0741,N20,VIIRS,n,2.0NRT,299.8,1.61,D
31.44423,75.08514,338.26,0.42,0.45,2026-06-20,0741,N20,VIIRS,n,2.0NRT,298.31,1.89,D
31.47145,75.15429,348.33,0.41,0.45,2026-06-20,0741,N20,VIIRS,n,2.0NRT,299.92,6.91,D
31.41386,74.87754,331.37,0.43,0.46,2026-06-20,0741,N20,VIIRS,l,2.0NRT,302.43,1.48,D
31.49206,75.23349,341.6,0.41,0.45,2026-06-20,0741,N20,VIIRS,n,2.0NRT,298.93,3.77,D
31.49608,75.23237,335.01,0.41,0.45,2026-06-20,0741,N20,VIIRS,n,2.0NRT,296.74,1.72,D
31.46925,75.01895,330.5,0.42,0.45,2026-06-20,0741,N20,VIIRS,n,2.0NRT,296.09,1.77,D
31.49594,75.1069,336.24,0.42,0.45,2026-06-20,0741,N20,VIIRS,n,2.0NRT,293.84,3.9,D
31.52426,75.22453,334.12,0.41,0.45,2026-06-20,0741,N20,VIIRS,n,2.0NRT,300.38,3.98,D
31.5234,75.22031,346.46,0.41,0.45,2026-06-20,0741,N20,VIIRS,n,2.0NRT,300.62,5.47,D
31.5,75.10577,334.97,0.42,0.45,2026-06-20,0741,N20,VIIRS,n,2.0NRT,293.59,3.9,D
31.29009,74.1028,333.7,0.48,0.48,2026-06-20,0741,N20,VIIRS,n,2.0NRT,300.18,3.2,D
31.26626,73.86231,333.02,0.49,0.49,2026-06-20,0741,N20,VIIRS,n,2.0NRT,301.02,4.35,D
31.51527,75.03343,342.75,0.42,0.45,2026-06-20,0741,N20,VIIRS,n,2.0NRT,294.15,11.02,D
31.64829,75.45818,330.55,0.39,0.44,2026-06-20,0741,N20,VIIRS,n,2.0NRT,299.66,1.57,D
31.62156,75.26534,341.32,0.4,0.45,2026-06-20,0741,N20,VIIRS,n,2.0NRT,297.18,6.46,D
31.59301,74.91699,338.01,0.42,0.45,2026-06-20,0741,N20,VIIRS,n,2.0NRT,302.2,1.62,D
31.65354,75.1721,336.73,0.41,0.45,2026-06-20,0741,N20,VIIRS,n,2.0NRT,286.08,3.58,D
31.62141,74.95037,331.1,0.42,0.45,2026-06-20,0741,N20,VIIRS,n,2.0NRT,300.6,3.16,D
31.61959,74.95209,335.17,0.42,0.45,2026-06-20,0741,N20,VIIRS,n,2.0NRT,299.95,2.71,D
31.52054,74.12846,348,0.47,0.48,2026-06-20,0741,N20,VIIRS,n,2.0NRT,306.34,7.45,D
31.61919,74.53292,331.91,0.44,0.46,2026-06-20,0741,N20,VIIRS,l,2.0NRT,305.1,1.49,D
31.6389,74.20861,333.01,0.46,0.47,2026-06-20,0741,N20,VIIRS,n,2.0NRT,300.43,1.81,D
31.87666,74.60667,336.43,0.43,0.46,2026-06-20,0741,N20,VIIRS,n,2.0NRT,300.54,3.66,D
31.85847,74.0771,332.32,0.46,0.47,2026-06-20,0741,N20,VIIRS,l,2.0NRT,305.49,2.55,D
32.17101,74.28665,333.42,0.45,0.47,2026-06-20,0741,N20,VIIRS,l,2.0NRT,305.58,3.72,D
32.10503,74.18011,307.11,0.48,0.65,2026-06-20,2146,N20,VIIRS,n,2.0NRT,291.22,2.9,N
31.54625,75.05116,333.14,0.39,0.59,2026-06-21,0722,N20,VIIRS,n,2.0NRT,299.07,2.47,D
30.85743,76.26926,334.35,0.34,0.56,2026-06-21,0722,N20,VIIRS,n,2.0NRT,301.71,2.09,D
30.6764,75.33392,330.55,0.39,0.59,2026-06-21,0722,N20,VIIRS,l,2.0NRT,300.68,1.89,D
30.90829,76.2566,367,0.34,0.56,2026-06-21,0722,N20,VIIRS,h,2.0NRT,301.47,4.8,D
30.91114,76.25589,345.72,0.34,0.56,2026-06-21,0722,N20,VIIRS,n,2.0NRT,300.16,2.44,D
30.82049,75.67911,333.34,0.37,0.58,2026-06-21,0722,N20,VIIRS,n,2.0NRT,299.29,1.95,D
30.81523,75.61162,332.96,0.37,0.58,2026-06-21,0722,N20,VIIRS,n,2.0NRT,300.14,1.61,D
30.80968,75.58887,353,0.38,0.58,2026-06-21,0722,N20,VIIRS,n,2.0NRT,297.96,6.36,D
30.72099,75.20441,367,0.4,0.6,2026-06-21,0722,N20,VIIRS,h,2.0NRT,301.31,8.2,D
30.72199,75.20841,330.51,0.4,0.6,2026-06-21,0722,N20,VIIRS,n,2.0NRT,299.51,5.74,D
30.92153,75.98296,330.69,0.35,0.57,2026-06-21,0722,N20,VIIRS,l,2.0NRT,302.13,1.7,D
30.39984,73.83717,337.31,0.49,0.65,2026-06-21,0722,N20,VIIRS,n,2.0NRT,296.57,3.12,D
30.44828,73.74289,334.62,0.49,0.65,2026-06-21,0722,N20,VIIRS,n,2.0NRT,295.88,2.34,D
30.92578,75.54268,344.78,0.38,0.58,2026-06-21,0722,N20,VIIRS,n,2.0NRT,302.14,3.07,D
31.04405,75.87291,338.53,0.36,0.57,2026-06-21,0722,N20,VIIRS,n,2.0NRT,300.53,2.52,D
30.92686,75.38441,330.75,0.38,0.59,2026-06-21,0722,N20,VIIRS,n,2.0NRT,300.25,2.09,D
30.49464,73.62974,337.38,0.5,0.66,2026-06-21,0722,N20,VIIRS,n,2.0NRT,295.25,5.51,D
30.49336,73.62476,337.66,0.5,0.66,2026-06-21,0722,N20,VIIRS,n,2.0NRT,295.36,5.64,D
30.9364,75.37703,334.68,0.38,0.59,2026-06-21,0722,N20,VIIRS,n,2.0NRT,301.93,3.06,D
31.04503,75.87308,339.72,0.36,0.57,2026-06-21,0722,N20,VIIRS,n,2.0NRT,300.96,3.12,D
30.92478,75.38617,331.77,0.38,0.59,2026-06-21,0722,N20,VIIRS,n,2.0NRT,299.74,2.7,D
30.49737,73.62711,343.02,0.5,0.66,2026-06-21,0722,N20,VIIRS,n,2.0NRT,294,9.1,D
30.98804,75.48188,353.8,0.38,0.59,2026-06-21,0722,N20,VIIRS,n,2.0NRT,299.89,6.44,D
30.63005,74.0392,333.39,0.47,0.64,2026-06-21,0722,N20,VIIRS,n,2.0NRT,295.75,3.62,D
31.16586,76.14773,336.39,0.34,0.56,2026-06-21,0722,N20,VIIRS,n,2.0NRT,300.69,2,D
31.16503,76.14425,335.76,0.34,0.56,2026-06-21,0722,N20,VIIRS,n,2.0NRT,302.72,2,D
30.9565,75.26158,346.29,0.39,0.59,2026-06-21,0722,N20,VIIRS,n,2.0NRT,300.21,3.02,D
30.60166,73.85769,343.19,0.48,0.65,2026-06-21,0722,N20,VIIRS,n,2.0NRT,296.56,4.89,D
30.70111,74.19638,330.15,0.46,0.63,2026-06-21,0722,N20,VIIRS,n,2.0NRT,297.82,1.28,D
30.56764,73.67838,335.66,0.49,0.65,2026-06-21,0722,N20,VIIRS,n,2.0NRT,296.74,4.94,D
30.85733,73.91759,337.87,0.47,0.64,2026-06-21,0722,N20,VIIRS,n,2.0NRT,295.57,2.81,D
31.26118,75.51006,334.29,0.37,0.58,2026-06-21,0722,N20,VIIRS,n,2.0NRT,298.33,1.66,D
31.38934,75.92986,344.27,0.35,0.57,2026-06-21,0722,N20,VIIRS,n,2.0NRT,300.63,3.64,D
31.3859,75.93048,347.73,0.35,0.57,2026-06-21,0722,N20,VIIRS,n,2.0NRT,300.93,3.5,D
31.22268,75.27046,331.99,0.38,0.59,2026-06-21,0722,N20,VIIRS,n,2.0NRT,297.29,2.86,D
31.37976,75.79341,336.26,0.35,0.57,2026-06-21,0722,N20,VIIRS,n,2.0NRT,298.69,2.45,D
31.09598,74.63055,335.37,0.42,0.61,2026-06-21,0722,N20,VIIRS,n,2.0NRT,296.7,3.95,D
31.57132,76.54733,338.06,0.32,0.54,2026-06-21,0722,N20,VIIRS,n,2.0NRT,299.94,4.28,D
30.87874,73.74107,330.37,0.48,0.65,2026-06-21,0722,N20,VIIRS,n,2.0NRT,295.32,3.98,D
31.24561,75.15699,353.71,0.39,0.59,2026-06-21,0722,N20,VIIRS,n,2.0NRT,299.68,8.89,D
30.83454,73.54867,331.81,0.49,0.65,2026-06-21,0722,N20,VIIRS,n,2.0NRT,295.54,3.91,D
31.31121,75.35398,349.14,0.38,0.59,2026-06-21,0722,N20,VIIRS,n,2.0NRT,298.9,4.79,D
31.31079,75.19054,332.07,0.39,0.59,2026-06-21,0722,N20,VIIRS,n,2.0NRT,300.31,2.91,D
31.31986,75.20441,339.23,0.39,0.59,2026-06-21,0722,N20,VIIRS,n,2.0NRT,300.6,4.27,D
31.32796,75.21439,335.94,0.38,0.59,2026-06-21,0722,N20,VIIRS,n,2.0NRT,298.34,2.89,D
31.31282,75.18688,331.07,0.39,0.59,2026-06-21,0722,N20,VIIRS,n,2.0NRT,299.58,3.09,D
31.32589,75.21635,335.38,0.38,0.59,2026-06-21,0722,N20,VIIRS,n,2.0NRT,298.4,2.43,D
31.32199,75.20076,331.12,0.38,0.59,2026-06-21,0722,N20,VIIRS,n,2.0NRT,298.93,4.57,D
31.38025,75.20672,352.52,0.38,0.59,2026-06-21,0722,N20,VIIRS,n,2.0NRT,299.51,4.85,D
31.4971,75.66158,331.08,0.36,0.57,2026-06-21,0722,N20,VIIRS,n,2.0NRT,300.16,2.31,D
31.4763,75.55307,333.73,0.36,0.58,2026-06-21,0722,N20,VIIRS,n,2.0NRT,299.52,1.96,D
31.06185,73.70692,336.08,0.48,0.64,2026-06-21,0722,N20,VIIRS,n,2.0NRT,296.01,3.84,D
31.50782,75.20662,342.19,0.38,0.59,2026-06-21,0722,N20,VIIRS,n,2.0NRT,299.92,2.76,D
31.52064,75.18974,339.3,0.38,0.59,2026-06-21,0722,N20,VIIRS,n,2.0NRT,298.21,4.89,D
31.51244,75.08669,342.86,0.39,0.59,2026-06-21,0722,N20,VIIRS,n,2.0NRT,299.87,3.31,D
31.53443,75.13025,339.61,0.38,0.59,2026-06-21,0722,N20,VIIRS,n,2.0NRT,298.91,3.07,D
31.55428,75.24243,330.09,0.38,0.59,2026-06-21,0722,N20,VIIRS,n,2.0NRT,297.35,1.85,D
31.51533,75.08707,337.76,0.39,0.59,2026-06-21,0722,N20,VIIRS,n,2.0NRT,298.87,3.02,D
31.53238,75.13232,340.27,0.38,0.59,2026-06-21,0722,N20,VIIRS,n,2.0NRT,298.38,2.55,D
31.56849,75.0948,347.07,0.39,0.59,2026-06-21,0722,N20,VIIRS,n,2.0NRT,298.98,5.18,D
31.56751,75.09088,330.52,0.39,0.59,2026-06-21,0722,N20,VIIRS,n,2.0NRT,299.18,4.32,D
31.61678,75.07253,342.15,0.39,0.59,2026-06-21,0722,N20,VIIRS,n,2.0NRT,299,3.82,D
31.74143,74.31944,332.27,0.42,0.61,2026-06-21,0722,N20,VIIRS,n,2.0NRT,298.02,1.61,D
31.82746,74.15025,331.83,0.43,0.62,2026-06-21,0722,N20,VIIRS,n,2.0NRT,299.63,1.55,D
31.85706,74.17316,333.85,0.43,0.62,2026-06-21,0722,N20,VIIRS,n,2.0NRT,299.51,3.01,D
31.85596,74.16882,331.58,0.43,0.62,2026-06-21,0722,N20,VIIRS,n,2.0NRT,299.06,3.75,D
31.85959,74.1689,343.17,0.43,0.62,2026-06-21,0722,N20,VIIRS,n,2.0NRT,299.2,4.43,D
32.14926,75.29263,331.91,0.36,0.58,2026-06-21,0722,N20,VIIRS,n,2.0NRT,299.63,3.59,D
32.14834,75.28891,342.14,0.36,0.58,2026-06-21,0722,N20,VIIRS,n,2.0NRT,301.42,3.59,D
32.14742,75.28519,337.83,0.36,0.58,2026-06-21,0722,N20,VIIRS,n,2.0NRT,300.42,3.08,D
32.14649,75.28146,331.16,0.36,0.58,2026-06-21,0722,N20,VIIRS,n,2.0NRT,300.14,3.08,D
31.9171,74.04357,367,0.43,0.62,2026-06-21,0722,N20,VIIRS,h,2.0NRT,299.33,12.1,D
31.91474,74.04465,338.76,0.43,0.62,2026-06-21,0722,N20,VIIRS,n,2.0NRT,298.44,4.4,D
31.92023,74.04274,353.08,0.43,0.62,2026-06-21,0722,N20,VIIRS,n,2.0NRT,299,7.45,D
32.08851,73.89291,330.09,0.44,0.62,2026-06-21,0722,N20,VIIRS,n,2.0NRT,298.02,1.68,D
32.49756,75.01592,330.84,0.37,0.58,2026-06-21,0722,N20,VIIRS,n,2.0NRT,299.82,1.9,D
32.39837,74.37772,332.82,0.4,0.6,2026-06-21,0722,N20,VIIRS,n,2.0NRT,300.89,3.02,D
31.22832,75.51276,351.98,0.37,0.58,2026-06-21,0722,N20,VIIRS,n,2.0NRT,300.8,4.12,D
29.52122,76.93588,330.41,0.34,0.56,2026-06-21,0722,N20,VIIRS,n,2.0NRT,300.01,0.71,D
29.56285,77.00559,332,0.33,0.55,2026-06-21,0722,N20,VIIRS,n,2.0NRT,300.25,2.17,D
29.91201,77.082,345.9,0.32,0.55,2026-06-21,0722,N20,VIIRS,n,2.0NRT,300.52,4.27,D
30.01371,77.04386,333.41,0.32,0.55,2026-06-21,0722,N20,VIIRS,n,2.0NRT,300.57,2,D
29.99129,76.83553,330.77,0.33,0.55,2026-06-21,0722,N20,VIIRS,n,2.0NRT,297.41,2.57,D
29.79267,75.67179,367,0.39,0.6,2026-06-21,0722,N20,VIIRS,h,2.0NRT,302.43,7.23,D
29.79437,75.67159,367,0.39,0.6,2026-06-21,0722,N20,VIIRS,h,2.0NRT,304.77,11.25,D
30.12681,76.80734,367,0.33,0.55,2026-06-21,0722,N20,VIIRS,h,2.0NRT,298.84,4.41,D
30.12758,76.81068,336.1,0.33,0.55,2026-06-21,0722,N20,VIIRS,n,2.0NRT,296.29,4.41,D
29.97354,76.06259,333.1,0.37,0.58,2026-06-21,0722,N20,VIIRS,n,2.0NRT,301.01,3.07,D
30.26642,76.20072,351.37,0.36,0.57,2026-06-21,0722,N20,VIIRS,n,2.0NRT,302.25,4.86,D
30.27489,76.19033,367,0.36,0.57,2026-06-21,0722,N20,VIIRS,h,2.0NRT,300.78,6.2,D
30.51302,76.93153,333.6,0.32,0.55,2026-06-21,0722,N20,VIIRS,l,2.0NRT,305.13,1.17,D
30.45655,76.4208,339.57,0.34,0.56,2026-06-21,0722,N20,VIIRS,n,2.0NRT,299.65,4.1,D
30.45551,76.20988,336.06,0.35,0.57,2026-06-21,0722,N20,VIIRS,n,2.0NRT,300.81,2.79,D
30.4571,76.20989,340.31,0.35,0.57,2026-06-21,0722,N20,VIIRS,n,2.0NRT,302.38,3.65,D
30.3318,75.65252,333,0.38,0.59,2026-06-21,0722,N20,VIIRS,n,2.0NRT,300.28,2.21,D
30.51715,76.30105,367,0.35,0.57,2026-06-21,0722,N20,VIIRS,h,2.0NRT,299.24,7.38,D
30.53993,76.19136,343.94,0.35,0.57,2026-06-21,0722,N20,VIIRS,n,2.0NRT,298.21,3.79,D
30.63646,76.31549,332.89,0.34,0.56,2026-06-21,0722,N20,VIIRS,n,2.0NRT,301.26,1.01,D
30.61971,76.17719,353.26,0.35,0.57,2026-06-21,0722,N20,VIIRS,n,2.0NRT,296.49,4.7,D
30.61885,76.17364,332.76,0.35,0.57,2026-06-21,0722,N20,VIIRS,n,2.0NRT,298.62,5.67,D
30.51604,75.70049,332.52,0.38,0.58,2026-06-21,0722,N20,VIIRS,n,2.0NRT,300.04,4.92,D
30.70313,76.08587,331.09,0.35,0.57,2026-06-21,0722,N20,VIIRS,n,2.0NRT,299.53,1.34,D
30.77355,76.33566,333.17,0.34,0.56,2026-06-21,0722,N20,VIIRS,n,2.0NRT,302.99,3.07,D
30.77273,76.3322,346.19,0.34,0.56,2026-06-21,0722,N20,VIIRS,n,2.0NRT,302.59,3.07,D
30.50004,75.15898,344.02,0.41,0.6,2026-06-21,0722,N20,VIIRS,n,2.0NRT,301,3.99,D
30.66451,75.78733,343.25,0.37,0.58,2026-06-21,0722,N20,VIIRS,n,2.0NRT,300.09,3.87,D
30.77663,76.14282,367,0.35,0.57,2026-06-21,0722,N20,VIIRS,h,2.0NRT,299.16,8.75,D
30.82098,76.33173,338.79,0.34,0.56,2026-06-21,0722,N20,VIIRS,n,2.0NRT,301.83,1.77,D
30.77343,76.14524,342.34,0.35,0.57,2026-06-21,0722,N20,VIIRS,n,2.0NRT,298.83,5.83,D
30.77257,76.14172,352.77,0.35,0.57,2026-06-21,0722,N20,VIIRS,n,2.0NRT,300.33,5.83,D
30.82316,76.3285,341.47,0.34,0.56,2026-06-21,0722,N20,VIIRS,n,2.0NRT,304.95,4.7,D
30.84059,76.35629,338.96,0.34,0.56,2026-06-21,0722,N20,VIIRS,n,2.0NRT,301.96,1.89,D
30.78937,76.12114,340.82,0.35,0.57,2026-06-21,0722,N20,VIIRS,n,2.0NRT,297.64,3.87,D
30.84741,76.27246,354.86,0.34,0.56,2026-06-21,0722,N20,VIIRS,n,2.0NRT,300.76,5.15,D
30.84658,76.26899,341.51,0.34,0.56,2026-06-21,0722,N20,VIIRS,n,2.0NRT,302.81,5.15,D
30.71301,75.69281,345.24,0.37,0.58,2026-06-21,0722,N20,VIIRS,n,2.0NRT,302.35,5.04,D
30.60715,75.26205,344.02,0.4,0.6,2026-06-21,0722,N20,VIIRS,n,2.0NRT,299.33,3.18,D
30.56957,73.66155,342.67,0.49,0.65,2026-06-21,0722,N20,VIIRS,n,2.0NRT,296.56,8.21,D
31.03214,75.45499,330.68,0.38,0.59,2026-06-21,0722,N20,VIIRS,n,2.0NRT,299.72,1.04,D
30.65846,73.95763,355.44,0.47,0.64,2026-06-21,0722,N20,VIIRS,n,2.0NRT,299.52,6.56,D
30.66414,73.95566,355.8,0.47,0.64,2026-06-21,0722,N20,VIIRS,n,2.0NRT,298.31,8.04,D
30.613,73.73221,335.2,0.49,0.65,2026-06-21,0722,N20,VIIRS,n,2.0NRT,295.23,5.92,D
30.61174,73.72731,341.23,0.49,0.65,2026-06-21,0722,N20,VIIRS,n,2.0NRT,296.47,5.97,D
30.60493,73.62762,344.9,0.49,0.65,2026-06-21,0722,N20,VIIRS,n,2.0NRT,295.01,4.87,D
30.57396,73.50754,332.81,0.5,0.66,2026-06-21,0722,N20,VIIRS,n,2.0NRT,296.74,3.19,D
30.6639,73.95769,367,0.47,0.64,2026-06-21,0722,N20,VIIRS,h,2.0NRT,296.96,8.36,D
30.66266,73.95294,338.05,0.47,0.64,2026-06-21,0722,N20,VIIRS,n,2.0NRT,298.26,8.78,D
30.61015,73.73013,367,0.49,0.65,2026-06-21,0722,N20,VIIRS,h,2.0NRT,296.4,9.26,D
30.5711,73.51118,339.4,0.5,0.66,2026-06-21,0722,N20,VIIRS,n,2.0NRT,296.38,4.13,D
30.68315,73.88903,330.42,0.47,0.64,2026-06-21,0722,N20,VIIRS,n,2.0NRT,297.79,3.62,D
30.70369,73.94405,349.61,0.47,0.64,2026-06-21,0722,N20,VIIRS,n,2.0NRT,297.81,5.03,D
31.06232,75.31155,331.02,0.38,0.59,2026-06-21,0722,N20,VIIRS,n,2.0NRT,297.62,2.23,D
30.80906,74.18605,367,0.45,0.63,2026-06-21,0722,N20,VIIRS,h,2.0NRT,298.72,19.19,D
31.09476,75.30499,345.91,0.38,0.59,2026-06-21,0722,N20,VIIRS,n,2.0NRT,298.6,4.1,D
30.74305,73.90468,333.42,0.47,0.64,2026-06-21,0722,N20,VIIRS,n,2.0NRT,295.74,2.25,D
31.09524,75.28377,333.2,0.39,0.59,2026-06-21,0722,N20,VIIRS,n,2.0NRT,299.37,3.19,D
30.70855,73.72268,367,0.49,0.65,2026-06-21,0722,N20,VIIRS,h,2.0NRT,297.11,11.96,D
31.42358,76.59364,331.59,0.32,0.54,2026-06-21,0722,N20,VIIRS,n,2.0NRT,300.94,1.2,D
31.17309,75.5115,344.7,0.37,0.58,2026-06-21,0722,N20,VIIRS,n,2.0NRT,300.04,4.99,D
31.11338,75.26501,349.13,0.39,0.59,2026-06-21,0722,N20,VIIRS,n,2.0NRT,300.77,5.61,D
30.84033,74.16537,332.99,0.45,0.63,2026-06-21,0722,N20,VIIRS,n,2.0NRT,297.14,2.56,D
31.16729,75.46425,349.06,0.38,0.58,2026-06-21,0722,N20,VIIRS,n,2.0NRT,299.71,6.4,D
31.13337,75.30061,367,0.38,0.59,2026-06-21,0722,N20,VIIRS,h,2.0NRT,300.3,7.49,D
31.12483,75.26541,367,0.39,0.59,2026-06-21,0722,N20,VIIRS,h,2.0NRT,301.24,10.7,D
31.13243,75.29671,334.24,0.38,0.59,2026-06-21,0722,N20,VIIRS,n,2.0NRT,299.16,7.49,D
30.79012,73.91936,334.06,0.47,0.64,2026-06-21,0722,N20,VIIRS,n,2.0NRT,296.06,2.21,D
31.17189,75.51088,350.06,0.37,0.58,2026-06-21,0722,N20,VIIRS,n,2.0NRT,300.59,5.46,D
31.11062,75.26518,348.94,0.39,0.59,2026-06-21,0722,N20,VIIRS,n,2.0NRT,300.36,5.19,D
30.7334,73.79951,334.09,0.48,0.65,2026-06-21,0722,N20,VIIRS,n,2.0NRT,296.97,2.83,D
30.71295,73.7222,338.95,0.48,0.65,2026-06-21,0722,N20,VIIRS,n,2.0NRT,294.68,1.29,D
31.13087,75.30067,367,0.38,0.59,2026-06-21,0722,N20,VIIRS,h,2.0NRT,301.39,8.16,D
31.1221,75.2656,367,0.39,0.59,2026-06-21,0722,N20,VIIRS,h,2.0NRT,300.71,11.57,D
31.171,75.46204,353.38,0.37,0.58,2026-06-21,0722,N20,VIIRS,n,2.0NRT,299.47,6.03,D
31.12989,75.2968,331.18,0.38,0.59,2026-06-21,0722,N20,VIIRS,n,2.0NRT,299.52,8.16,D
31.18607,75.47759,330.11,0.37,0.58,2026-06-21,0722,N20,VIIRS,n,2.0NRT,299.95,2.55,D
30.79001,73.92027,336.93,0.47,0.64,2026-06-21,0722,N20,VIIRS,n,2.0NRT,296.04,2.89,D
31.19126,75.47588,345.06,0.37,0.58,2026-06-21,0722,N20,VIIRS,n,2.0NRT,299.24,2.55,D
31.15527,75.33041,334.6,0.38,0.59,2026-06-21,0722,N20,VIIRS,n,2.0NRT,296.43,4.3,D
31.15431,75.32655,341.05,0.38,0.59,2026-06-21,0722,N20,VIIRS,n,2.0NRT,297.79,6.2,D
31.13983,75.26825,342.94,0.39,0.59,2026-06-21,0722,N20,VIIRS,n,2.0NRT,300.89,6.38,D
30.7157,73.56583,338.27,0.49,0.65,2026-06-21,0722,N20,VIIRS,n,2.0NRT,295.42,4.56,D
31.3211,75.91738,331.74,0.35,0.57,2026-06-21,0722,N20,VIIRS,n,2.0NRT,301.11,2.06,D
31.239,75.53362,350.96,0.37,0.58,2026-06-21,0722,N20,VIIRS,n,2.0NRT,300.35,4.74,D
31.17368,75.24428,335.31,0.39,0.59,2026-06-21,0722,N20,VIIRS,n,2.0NRT,300.33,2.09,D
31.23147,75.43394,341.96,0.38,0.58,2026-06-21,0722,N20,VIIRS,n,2.0NRT,297.9,3.35,D
31.20282,75.29364,367,0.38,0.59,2026-06-21,0722,N20,VIIRS,h,2.0NRT,300.24,10.8,D
31.18654,75.22725,367,0.39,0.59,2026-06-21,0722,N20,VIIRS,h,2.0NRT,301.46,15.65,D
31.20186,75.28974,335.55,0.38,0.59,2026-06-21,0722,N20,VIIRS,n,2.0NRT,299.63,10.8,D
30.41748,76.38733,343.51,0.71,0.75,2026-06-21,0902,N20,VIIRS,n,2.0NRT,297.92,8.08,D
29.15835,75.67031,347.75,0.63,0.72,2026-06-21,0902,N20,VIIRS,n,2.0NRT,298.11,9.53,D
29.15869,75.67691,331.44,0.63,0.72,2026-06-21,0902,N20,VIIRS,n,2.0NRT,297.91,7.56,D
30.39127,73.72087,335.79,0.49,0.65,2026-06-21,0905,N20,VIIRS,n,2.0NRT,295.26,3.24,D
30.57512,76.88216,336.08,0.76,0.77,2026-06-21,0905,N20,VIIRS,n,2.0NRT,298.07,4.31,D
30.61611,76.16134,332.67,0.69,0.74,2026-06-21,0905,N20,VIIRS,n,2.0NRT,295.62,3.24,D
30.61435,76.11726,339.69,0.69,0.74,2026-06-21,0905,N20,VIIRS,n,2.0NRT,296.94,5.15,D
30.60872,75.81583,330.68,0.66,0.73,2026-06-21,0905,N20,VIIRS,n,2.0NRT,298.84,5.51,D
30.49705,73.53069,331.94,0.48,0.65,2026-06-21,0905,N20,VIIRS,n,2.0NRT,292.81,3.89,D
30.60399,75.26765,338.86,0.61,0.71,2026-06-21,0905,N20,VIIRS,n,2.0NRT,297.2,3.51,D
30.54608,73.6404,334.62,0.49,0.65,2026-06-21,0905,N20,VIIRS,n,2.0NRT,294.33,5.15,D
30.70283,76.08409,332.92,0.69,0.74,2026-06-21,0905,N20,VIIRS,n,2.0NRT,296.27,5.11,D
30.54774,73.63963,333.81,0.49,0.65,2026-06-21,0905,N20,VIIRS,n,2.0NRT,294.69,3.44,D
30.55961,73.74344,332.59,0.5,0.66,2026-06-21,0905,N20,VIIRS,n,2.0NRT,295.19,6.5,D
30.70268,76.07891,331.81,0.69,0.74,2026-06-21,0905,N20,VIIRS,n,2.0NRT,296.21,4.44,D
30.60845,73.95959,352.82,0.51,0.66,2026-06-21,0905,N20,VIIRS,n,2.0NRT,295.93,6.72,D
30.60815,73.95418,334.99,0.51,0.66,2026-06-21,0905,N20,VIIRS,n,2.0NRT,296.35,6.72,D
30.61095,73.89442,341.93,0.51,0.66,2026-06-21,0905,N20,VIIRS,n,2.0NRT,296.07,3.88,D
30.59514,73.62067,341.06,0.49,0.65,2026-06-21,0905,N20,VIIRS,n,2.0NRT,295.55,5.08,D
30.61922,73.93173,334.61,0.51,0.66,2026-06-21,0905,N20,VIIRS,n,2.0NRT,294.79,3.6,D
30.60209,73.63574,334.75,0.49,0.65,2026-06-21,0905,N20,VIIRS,n,2.0NRT,294.69,5.52,D
30.63088,73.9201,332.08,0.51,0.66,2026-06-21,0905,N20,VIIRS,n,2.0NRT,294.7,4.82,D
30.6284,73.87711,334.59,0.51,0.66,2026-06-21,0905,N20,VIIRS,n,2.0NRT,293.79,3.37,D
30.6171,73.58292,336.14,0.49,0.65,2026-06-21,0905,N20,VIIRS,n,2.0NRT,295.79,4,D
31.20141,75.24431,367,0.62,0.71,2026-06-21,0905,N20,VIIRS,h,2.0NRT,299.38,15.01,D
31.28983,75.42741,342.61,0.63,0.72,2026-06-21,0905,N20,VIIRS,n,2.0NRT,299.31,5.94,D
31.29307,75.42521,345.61,0.63,0.72,2026-06-21,0905,N20,VIIRS,n,2.0NRT,299.5,6.48,D
31.33757,75.6864,350.72,0.66,0.73,2026-06-21,0905,N20,VIIRS,n,2.0NRT,296.17,10.94,D
31.34004,75.27515,367,0.62,0.72,2026-06-21,0905,N20,VIIRS,h,2.0NRT,297.74,13.48,D
31.34439,75.27504,367,0.62,0.72,2026-06-21,0905,N20,VIIRS,h,2.0NRT,297.37,14.77,D
31.40623,75.48165,332.77,0.64,0.72,2026-06-21,0905,N20,VIIRS,n,2.0NRT,296.57,6.61,D
31.49988,75.07983,335.43,0.61,0.71,2026-06-21,0905,N20,VIIRS,n,2.0NRT,295.19,4.88,D
31.59566,75.43668,336.59,0.64,0.72,2026-06-21,0905,N20,VIIRS,n,2.0NRT,297.17,4.36,D
31.59224,75.43712,336.85,0.64,0.72,2026-06-21,0905,N20,VIIRS,n,2.0NRT,296.97,5.97,D
31.60955,75.20593,354.59,0.62,0.71,2026-06-21,0905,N20,VIIRS,n,2.0NRT,294.72,13.22,D
31.86356,74.06679,350.61,0.53,0.67,2026-06-21,0905,N20,VIIRS,n,2.0NRT,297.36,7.11,D
31.94299,74.26579,334.49,0.55,0.68,2026-06-21,0905,N20,VIIRS,n,2.0NRT,297.92,3.18,D
31.93977,74.26505,331.17,0.55,0.68,2026-06-21,0905,N20,VIIRS,n,2.0NRT,297.65,2.45,D
30.58122,73.69461,342.3,0.49,0.65,2026-06-21,0905,N20,VIIRS,n,2.0NRT,294.69,7.01,D
30.35021,73.64074,334.64,0.49,0.65,2026-06-21,0905,N20,VIIRS,n,2.0NRT,295.04,4.48,D
30.77985,74.05955,334.02,0.52,0.67,2026-06-21,0905,N20,VIIRS,n,2.0NRT,295.47,5.07,D
30.79224,74.05871,330.16,0.52,0.67,2026-06-21,0905,N20,VIIRS,n,2.0NRT,295.21,3.84,D
30.91526,76.21096,338.34,0.7,0.75,2026-06-21,0905,N20,VIIRS,n,2.0NRT,297.01,8.7,D
30.82427,73.96289,335.06,0.51,0.66,2026-06-21,0905,N20,VIIRS,n,2.0NRT,294.42,4.61,D
30.8693,73.99289,331.67,0.52,0.67,2026-06-21,0905,N20,VIIRS,n,2.0NRT,293.84,2.49,D
30.87973,73.95925,332.06,0.51,0.66,2026-06-21,0905,N20,VIIRS,n,2.0NRT,293.88,2.97,D
30.87933,73.95811,333.61,0.51,0.66,2026-06-21,0905,N20,VIIRS,n,2.0NRT,293.27,4.77,D
31.02573,74.24003,341.35,0.54,0.68,2026-06-21,0905,N20,VIIRS,n,2.0NRT,293.19,5.67,D
31.02317,74.23714,343.02,0.54,0.68,2026-06-21,0905,N20,VIIRS,n,2.0NRT,294.47,4.82,D
31.14001,75.3101,367,0.62,0.72,2026-06-21,0905,N20,VIIRS,h,2.0NRT,297.66,15.02,D
31.08036,73.50404,332.65,0.49,0.65,2026-06-21,0905,N20,VIIRS,n,2.0NRT,295.32,3.46,D
31.13784,75.31385,344.8,0.62,0.72,2026-06-21,0905,N20,VIIRS,n,2.0NRT,296.52,10.85,D
31.19628,76.1443,332.9,0.7,0.75,2026-06-21,0905,N20,VIIRS,n,2.0NRT,296.68,4.3,D
31.08268,73.50473,331.65,0.49,0.65,2026-06-21,0905,N20,VIIRS,n,2.0NRT,295.09,1.99,D
31.18974,75.43903,332.64,0.63,0.72,2026-06-21,0905,N20,VIIRS,n,2.0NRT,298.1,3.95,D
30.78729,74.0619,335.45,0.52,0.67,2026-06-21,0905,N20,VIIRS,n,2.0NRT,295.29,5.67,D
30.7517,73.67078,330.45,0.49,0.65,2026-06-21,0905,N20,VIIRS,n,2.0NRT,295.97,1.53,D
30.91614,76.21217,340.52,0.7,0.75,2026-06-21,0905,N20,VIIRS,n,2.0NRT,297.25,8.36,D
30.64425,73.83317,338.12,0.5,0.66,2026-06-21,0905,N20,VIIRS,n,2.0NRT,294.82,3.64,D
30.70082,74.05767,341.71,0.52,0.67,2026-06-21,0905,N20,VIIRS,n,2.0NRT,296.26,7.32,D
30.69292,73.92685,341.18,0.51,0.66,2026-06-21,0905,N20,VIIRS,n,2.0NRT,295.4,2.24,D
30.7003,74.06203,336.02,0.52,0.67,2026-06-21,0905,N20,VIIRS,n,2.0NRT,295.68,5.29,D
30.7,74.05653,332.37,0.52,0.67,2026-06-21,0905,N20,VIIRS,n,2.0NRT,296.17,4.93,D
30.69291,73.92557,339.8,0.51,0.66,2026-06-21,0905,N20,VIIRS,n,2.0NRT,295.57,2.99,D
30.67074,73.53115,335.8,0.48,0.65,2026-06-21,0905,N20,VIIRS,n,2.0NRT,295.66,3.27,D
30.71164,73.92973,335.13,0.51,0.66,2026-06-21,0905,N20,VIIRS,n,2.0NRT,295.46,3.57,D
30.69417,73.6225,342.27,0.49,0.65,2026-06-21,0905,N20,VIIRS,n,2.0NRT,294.72,4.27,D
30.74392,73.95477,332.49,0.51,0.66,2026-06-21,0905,N20,VIIRS,n,2.0NRT,297.07,1.52,D
30.69876,77.21923,303.46,0.58,0.7,2026-06-21,1947,N20,VIIRS,n,2.0NRT,282.38,3.02,N
29.98099,76.02798,315.47,0.37,0.58,2026-06-21,2125,N20,VIIRS,n,2.0NRT,287.9,2.81,N
31.44358,75.5509,343.7,0.68,0.74,2026-06-22,0703,N20,VIIRS,n,2.0NRT,290.51,13.05,D
31.59492,75.4537,337.98,0.68,0.74,2026-06-22,0703,N20,VIIRS,n,2.0NRT,290.65,7.72,D
31.83657,74.15279,332.14,0.56,0.52,2026-06-22,0843,N20,VIIRS,n,2.0NRT,300.7,2.27,D
31.97287,75.86607,345.77,0.36,0.57,2026-06-22,0843,N20,VIIRS,n,2.0NRT,301,2.97,D
31.97315,75.86986,330.39,0.36,0.57,2026-06-22,0843,N20,VIIRS,n,2.0NRT,298.42,2.97,D
31.74282,76.17405,331.35,0.37,0.58,2026-06-22,0843,N20,VIIRS,n,2.0NRT,298.12,1.38,D
31.58421,75.40052,337.85,0.33,0.55,2026-06-22,0843,N20,VIIRS,n,2.0NRT,299.66,2,D
31.47816,75.46555,337.64,0.33,0.56,2026-06-22,0843,N20,VIIRS,n,2.0NRT,296.43,2.47,D
31.47547,75.46413,345.55,0.33,0.55,2026-06-22,0843,N20,VIIRS,n,2.0NRT,298.06,3.35,D
31.47396,75.77322,344.32,0.35,0.57,2026-06-22,0843,N20,VIIRS,n,2.0NRT,298.38,2.14,D
31.47425,75.7769,332.12,0.35,0.57,2026-06-22,0843,N20,VIIRS,n,2.0NRT,296,2.14,D
30.55038,73.94984,331.88,0.53,0.5,2026-06-22,0843,N20,VIIRS,n,2.0NRT,299.47,3.07,D
30.5097,73.71246,331.8,0.51,0.49,2026-06-22,0843,N20,VIIRS,n,2.0NRT,299.79,2.26,D
30.47426,73.52975,341.84,0.5,0.49,2026-06-22,0843,N20,VIIRS,n,2.0NRT,300.59,8.67,D
30.48837,73.73131,341.4,0.51,0.5,2026-06-22,0843,N20,VIIRS,n,2.0NRT,300.23,3.59,D
30.45831,73.50539,340.15,0.5,0.49,2026-06-22,0843,N20,VIIRS,n,2.0NRT,301.64,2.74,D
30.43609,73.57875,333.99,0.5,0.49,2026-06-22,0843,N20,VIIRS,n,2.0NRT,299.73,3.97,D
30.4366,73.584,332.58,0.5,0.49,2026-06-22,0843,N20,VIIRS,n,2.0NRT,299.81,3.97,D
30.43711,73.58924,339.54,0.5,0.49,2026-06-22,0843,N20,VIIRS,n,2.0NRT,299.65,3.93,D
30.39836,73.6633,340.01,0.51,0.49,2026-06-22,0843,N20,VIIRS,n,2.0NRT,298.81,4.72,D
30.34684,73.55276,332.95,0.5,0.49,2026-06-22,0843,N20,VIIRS,n,2.0NRT,301.53,2.26,D
30.34544,73.5558,333.05,0.5,0.49,2026-06-22,0843,N20,VIIRS,n,2.0NRT,301.45,2.1,D
30.45806,75.9063,339.08,0.35,0.56,2026-06-22,0843,N20,VIIRS,n,2.0NRT,283.66,5.62,D
32.05293,75.80651,331.85,0.35,0.57,2026-06-22,0843,N20,VIIRS,n,2.0NRT,298.08,1.8,D
30.56362,73.69247,343.1,0.51,0.49,2026-06-22,0843,N20,VIIRS,n,2.0NRT,300.59,5.43,D
30.5542,73.53829,333.67,0.5,0.49,2026-06-22,0843,N20,VIIRS,n,2.0NRT,299.55,3.09,D
30.59542,73.7375,330.97,0.51,0.5,2026-06-22,0843,N20,VIIRS,n,2.0NRT,298.94,2.24,D
30.6159,73.91161,330.23,0.53,0.5,2026-06-22,0843,N20,VIIRS,n,2.0NRT,299.86,3.13,D
30.62414,73.89947,331.59,0.53,0.5,2026-06-22,0843,N20,VIIRS,n,2.0NRT,300.67,3.58,D
30.62675,73.87688,355.54,0.52,0.5,2026-06-22,0843,N20,VIIRS,n,2.0NRT,299.27,15.88,D
30.62696,73.67935,339.14,0.51,0.49,2026-06-22,0843,N20,VIIRS,n,2.0NRT,298.77,3.29,D
30.64571,73.6825,331.34,0.51,0.49,2026-06-22,0843,N20,VIIRS,n,2.0NRT,300.46,2.02,D
30.64363,73.61266,333.93,0.51,0.49,2026-06-22,0843,N20,VIIRS,n,2.0NRT,299.27,3.45,D
30.64613,73.59091,344.17,0.5,0.49,2026-06-22,0843,N20,VIIRS,n,2.0NRT,300.4,7.77,D
30.65459,73.53657,331.53,0.5,0.49,2026-06-22,0843,N20,VIIRS,n,2.0NRT,300.25,1.52,D
30.68309,73.64015,333.05,0.51,0.49,2026-06-22,0843,N20,VIIRS,n,2.0NRT,299.78,2.34,D
30.67855,73.64071,332.19,0.51,0.49,2026-06-22,0843,N20,VIIRS,n,2.0NRT,299.67,2.34,D
31.48168,76.01322,331.58,0.36,0.57,2026-06-22,0843,N20,VIIRS,n,2.0NRT,297.56,4.42,D
31.38917,75.91249,334.85,0.35,0.57,2026-06-22,0843,N20,VIIRS,n,2.0NRT,297.73,2.29,D
31.35539,75.48056,342.91,0.33,0.55,2026-06-22,0843,N20,VIIRS,n,2.0NRT,295.44,2.98,D
31.3723,75.69179,334.31,0.34,0.56,2026-06-22,0843,N20,VIIRS,n,2.0NRT,299.8,1.66,D
31.38438,75.91357,367,0.35,0.57,2026-06-22,0843,N20,VIIRS,h,2.0NRT,297.53,6.25,D
31.344,75.4675,345.99,0.33,0.55,2026-06-22,0843,N20,VIIRS,n,2.0NRT,296.49,3.63,D
31.31429,75.8978,332.06,0.35,0.57,2026-06-22,0843,N20,VIIRS,n,2.0NRT,298.27,1.37,D
31.25099,75.63066,332.36,0.34,0.56,2026-06-22,0843,N20,VIIRS,n,2.0NRT,298.53,4.8,D
31.25127,75.63426,356.06,0.34,0.56,2026-06-22,0843,N20,VIIRS,n,2.0NRT,298.48,6.07,D
31.21065,75.25797,347.22,0.32,0.55,2026-06-22,0843,N20,VIIRS,n,2.0NRT,296.63,4.35,D
31.22852,75.47899,344.44,0.33,0.55,2026-06-22,0843,N20,VIIRS,n,2.0NRT,297.44,5.53,D
31.2288,75.48249,367,0.33,0.55,2026-06-22,0843,N20,VIIRS,h,2.0NRT,297.1,5.53,D
31.17787,75.23053,338.39,0.32,0.55,2026-06-22,0843,N20,VIIRS,n,2.0NRT,296.72,2.79,D
31.06558,74.62166,335.3,0.59,0.53,2026-06-22,0843,N20,VIIRS,n,2.0NRT,298.09,3.12,D
30.93509,74.1763,334.64,0.55,0.51,2026-06-22,0843,N20,VIIRS,n,2.0NRT,298.48,2.39,D
30.93354,74.17789,332.83,0.55,0.51,2026-06-22,0843,N20,VIIRS,n,2.0NRT,299.17,3.55,D
30.99835,75.38102,337.15,0.33,0.55,2026-06-22,0843,N20,VIIRS,n,2.0NRT,295.19,1.93,D
30.85655,74.1692,335.43,0.55,0.51,2026-06-22,0843,N20,VIIRS,n,2.0NRT,298.37,3.6,D
30.77728,73.8964,342.18,0.53,0.5,2026-06-22,0843,N20,VIIRS,n,2.0NRT,298.74,5.15,D
30.75512,73.96095,339.37,0.53,0.5,2026-06-22,0843,N20,VIIRS,n,2.0NRT,299.47,4.48,D
30.72722,73.70886,341.84,0.51,0.5,2026-06-22,0843,N20,VIIRS,n,2.0NRT,299.84,5.67,D
30.72899,73.87975,330.18,0.53,0.5,2026-06-22,0843,N20,VIIRS,n,2.0NRT,299.45,3.44,D
30.68666,73.52002,332.54,0.5,0.49,2026-06-22,0843,N20,VIIRS,n,2.0NRT,300.87,2.78,D
30.67925,73.63873,346.58,0.51,0.49,2026-06-22,0843,N20,VIIRS,n,2.0NRT,300.31,6.71,D
30.17344,73.88311,341.51,0.52,0.5,2026-06-22,0843,N20,VIIRS,n,2.0NRT,301.39,9.04,D
30.17344,73.88598,340.73,0.52,0.5,2026-06-22,0843,N20,VIIRS,n,2.0NRT,300.86,7.49,D
30.54608,73.61124,343.86,0.5,0.49,2026-06-22,0843,N20,VIIRS,n,2.0NRT,300.11,4.86,D
30.55886,73.69571,340.02,0.51,0.49,2026-06-22,0843,N20,VIIRS,n,2.0NRT,300.36,6.67,D
30.56342,73.69517,347.79,0.51,0.49,2026-06-22,0843,N20,VIIRS,n,2.0NRT,300.83,6.67,D
30.55298,73.54122,336.93,0.5,0.49,2026-06-22,0843,N20,VIIRS,n,2.0NRT,300.11,2.38,D
31.26152,76.92533,304.43,0.42,0.45,2026-06-22,2108,N20,VIIRS,n,2.0NRT,289.23,0.8,N
32.43244,76.03453,300.2,0.54,0.42,2026-06-22,2108,N20,VIIRS,n,2.0NRT,288.64,0.91,N
32.19601,76.31531,300.74,0.56,0.43,2026-06-22,2108,N20,VIIRS,n,2.0NRT,289.8,0.69,N
31.79041,77.01215,297.1,0.41,0.45,2026-06-22,2108,N20,VIIRS,n,2.0NRT,285.72,0.21,N
31.63427,76.54323,313.89,0.39,0.44,2026-06-22,2108,N20,VIIRS,n,2.0NRT,291.38,1.56,N
32.08671,74.16449,310.29,0.45,0.39,2026-06-22,2108,N20,VIIRS,n,2.0NRT,296.86,2.76,N
32.08766,74.16193,310.4,0.45,0.39,2026-06-22,2108,N20,VIIRS,n,2.0NRT,296.62,1.58,N
32.0868,74.16663,307.91,0.45,0.39,2026-06-22,2108,N20,VIIRS,n,2.0NRT,296.65,1.58,N
31.59697,76.55398,313.3,0.39,0.44,2026-06-22,2108,N20,VIIRS,n,2.0NRT,291.19,1.77,N
31.33345,77.37739,343.98,0.44,0.46,2026-06-22,2108,N20,VIIRS,n,2.0NRT,288.02,5.61,N
31.33365,77.3763,337.44,0.44,0.46,2026-06-22,2108,N20,VIIRS,n,2.0NRT,289.03,3.88,N
31.33283,77.3802,298.06,0.44,0.46,2026-06-22,2108,N20,VIIRS,n,2.0NRT,286.63,4.09,N
31.3294,77.37561,298.7,0.44,0.46,2026-06-22,2108,N20,VIIRS,n,2.0NRT,286.82,3.88,N
31.31026,77.27904,324.32,0.44,0.46,2026-06-22,2108,N20,VIIRS,n,2.0NRT,287.35,1.61,N
31.30941,77.28304,311.58,0.44,0.46,2026-06-22,2108,N20,VIIRS,n,2.0NRT,287.35,1.61,N
31.30606,77.27821,310.75,0.44,0.46,2026-06-22,2108,N20,VIIRS,n,2.0NRT,287.77,1.61,N
31.30522,77.28212,299.81,0.44,0.46,2026-06-22,2108,N20,VIIRS,n,2.0NRT,287.3,1.61,N
31.29194,77.34457,313.8,0.44,0.46,2026-06-22,2108,N20,VIIRS,n,2.0NRT,288.33,1.4,N
31.29112,77.34846,305.25,0.44,0.46,2026-06-22,2108,N20,VIIRS,n,2.0NRT,287.63,1.4,N
32.00459,73.65844,328.82,0.43,0.38,2026-06-22,2108,N20,VIIRS,n,2.0NRT,295.74,1.86,N
31.32709,76.89386,301.1,0.42,0.45,2026-06-22,2108,N20,VIIRS,n,2.0NRT,289.08,0.47,N
31.32787,76.89514,301.83,0.42,0.45,2026-06-22,2108,N20,VIIRS,n,2.0NRT,289.83,0.71,N
30.95368,77.33708,299.05,0.45,0.47,2026-06-22,2108,N20,VIIRS,n,2.0NRT,286.77,1.1,N
29.47672,76.8589,308.21,0.45,0.47,2026-06-22,2108,N20,VIIRS,n,2.0NRT,295.25,2.44,N
28.88262,77.03226,309.03,0.47,0.48,2026-06-22,2108,N20,VIIRS,n,2.0NRT,293.55,1.13,N
28.74497,76.92742,305.49,0.47,0.48,2026-06-22,2108,N20,VIIRS,n,2.0NRT,293.12,1.06,N
28.37422,77.22603,306.13,0.5,0.49,2026-06-22,2108,N20,VIIRS,n,2.0NRT,294,1.36,N
27.66623,76.13123,307.74,0.44,0.46,2026-06-22,2108,N20,VIIRS,n,2.0NRT,293.96,1.76,N
28.88679,77.18929,332.68,0.41,0.45,2026-06-23,0824,N20,VIIRS,n,2.0NRT,300.76,3.06,D
30.93014,73.98663,339.03,0.45,0.39,2026-06-23,0826,N20,VIIRS,n,2.0NRT,302.71,3.3,D
31.30444,77.28617,333.34,0.45,0.47,2026-06-23,0826,N20,VIIRS,n,2.0NRT,300.73,2.64,D
30.94803,74.10053,336.23,0.46,0.39,2026-06-23,0826,N20,VIIRS,n,2.0NRT,301.9,2.96,D
30.96724,74.19575,337.75,0.46,0.39,2026-06-23,0826,N20,VIIRS,n,2.0NRT,304.78,1.46,D
31.3344,77.45662,341.54,0.46,0.47,2026-06-23,0826,N20,VIIRS,n,2.0NRT,301.73,6.97,D
31.33838,77.45249,342.51,0.46,0.47,2026-06-23,0826,N20,VIIRS,n,2.0NRT,304.73,6.97,D
30.96962,74.12637,336.07,0.46,0.39,2026-06-23,0826,N20,VIIRS,n,2.0NRT,302.36,2.66,D
31.33402,77.27831,349.81,0.45,0.47,2026-06-23,0826,N20,VIIRS,n,2.0NRT,301.18,10.38,D
31.1282,75.34595,331.2,0.52,0.42,2026-06-23,0826,N20,VIIRS,l,2.0NRT,304.81,3.54,D
31.13262,75.28391,341.61,0.52,0.42,2026-06-23,0826,N20,VIIRS,n,2.0NRT,305.24,5.71,D
31.1275,75.24031,336.36,0.52,0.41,2026-06-23,0826,N20,VIIRS,n,2.0NRT,305.31,3.42,D
31.15317,75.39273,338.81,0.53,0.42,2026-06-23,0826,N20,VIIRS,n,2.0NRT,303.36,6.33,D
31.01061,74.21825,332.49,0.46,0.39,2026-06-23,0826,N20,VIIRS,l,2.0NRT,304.23,2.82,D
31.157,75.39214,333.73,0.53,0.42,2026-06-23,0826,N20,VIIRS,n,2.0NRT,303.06,6.33,D
31.1699,75.43536,332.4,0.53,0.42,2026-06-23,0826,N20,VIIRS,l,2.0NRT,302.48,4.66,D
30.95867,73.67104,337.25,0.44,0.39,2026-06-23,0826,N20,VIIRS,n,2.0NRT,303.61,2.87,D
31.18736,75.48384,339.92,0.53,0.42,2026-06-23,0826,N20,VIIRS,n,2.0NRT,304.18,6.3,D
31.16837,75.323,337.39,0.52,0.42,2026-06-23,0826,N20,VIIRS,n,2.0NRT,304.6,5.77,D
31.03292,74.21953,332.27,0.47,0.39,2026-06-23,0826,N20,VIIRS,l,2.0NRT,302.98,3.29,D
31.0323,74.21467,336.5,0.46,0.39,2026-06-23,0826,N20,VIIRS,n,2.0NRT,303.78,5.79,D
32.37872,73.82189,342.35,0.46,0.39,2026-06-23,0826,N20,VIIRS,n,2.0NRT,311.76,9.87,D
32.39032,74.86465,344.14,0.51,0.41,2026-06-23,0826,N20,VIIRS,n,2.0NRT,306.59,10.56,D
32.33509,74.43391,340.49,0.49,0.4,2026-06-23,0826,N20,VIIRS,n,2.0NRT,309.32,7.87,D
32.26413,74.12737,339.3,0.47,0.4,2026-06-23,0826,N20,VIIRS,n,2.0NRT,308.36,6.11,D
32.31435,75.30557,343.92,0.54,0.42,2026-06-23,0826,N20,VIIRS,n,2.0NRT,306.53,8.63,D
31.0971,74.68464,340.6,0.49,0.4,2026-06-23,0826,N20,VIIRS,n,2.0NRT,306.04,10.9,D
32.12783,73.9249,335.76,0.46,0.39,2026-06-23,0826,N20,VIIRS,l,2.0NRT,305.83,3.23,D
31.07671,73.71901,343.58,0.44,0.39,2026-06-23,0826,N20,VIIRS,n,2.0NRT,303.62,3.73,D
31.06006,73.67442,339.91,0.44,0.39,2026-06-23,0826,N20,VIIRS,n,2.0NRT,306.01,4.34,D
31.27611,75.42297,340.6,0.53,0.42,2026-06-23,0826,N20,VIIRS,n,2.0NRT,306.63,4.92,D
31.23178,75.21117,339.3,0.52,0.41,2026-06-23,0826,N20,VIIRS,n,2.0NRT,302.51,8.9,D
31.23565,75.27727,337.28,0.52,0.42,2026-06-23,0826,N20,VIIRS,n,2.0NRT,303.29,7.96,D
31.25043,75.40424,333.86,0.53,0.42,2026-06-23,0826,N20,VIIRS,l,2.0NRT,304.02,3.57,D
31.03598,73.71172,338.41,0.44,0.39,2026-06-23,0826,N20,VIIRS,n,2.0NRT,303.57,3.45,D
31.19505,75.09589,335.36,0.51,0.41,2026-06-23,0826,N20,VIIRS,n,2.0NRT,301.71,4.44,D
31.00767,73.68815,335.3,0.44,0.39,2026-06-23,0826,N20,VIIRS,n,2.0NRT,300.82,2.39,D
31.1169,74.62943,333.17,0.49,0.4,2026-06-23,0826,N20,VIIRS,l,2.0NRT,304.04,3.99,D
31.20459,75.55395,331.08,0.54,0.42,2026-06-23,0826,N20,VIIRS,l,2.0NRT,304.23,2.28,D
31.09294,74.61777,337.45,0.48,0.4,2026-06-23,0826,N20,VIIRS,n,2.0NRT,305.19,2.72,D
32.49392,74.21358,335.69,0.48,0.4,2026-06-23,0826,N20,VIIRS,l,2.0NRT,306.62,2.61,D
31.17122,75.32629,337.29,0.52,0.42,2026-06-23,0826,N20,VIIRS,n,2.0NRT,303.48,8.81,D
31.03655,74.2114,334.46,0.47,0.39,2026-06-23,0826,N20,VIIRS,l,2.0NRT,304.64,1.91,D
31.18483,75.48246,335.19,0.53,0.42,2026-06-23,0826,N20,VIIRS,n,2.0NRT,304.7,5.48,D
31.18545,75.48808,337.24,0.53,0.42,2026-06-23,0826,N20,VIIRS,n,2.0NRT,305.48,5.48,D
31.02991,74.21747,344.1,0.47,0.39,2026-06-23,0826,N20,VIIRS,n,2.0NRT,304.43,7.36,D
31.09456,74.68213,341.31,0.49,0.4,2026-06-23,0826,N20,VIIRS,n,2.0NRT,305.8,7.09,D
31.17219,75.32242,336.55,0.52,0.42,2026-06-23,0826,N20,VIIRS,n,2.0NRT,303.46,5.77,D
29.58673,77.07235,342.64,0.41,0.45,2026-06-23,0826,N20,VIIRS,n,2.0NRT,303.85,3.33,D
29.63032,77.01003,332.65,0.41,0.45,2026-06-23,0826,N20,VIIRS,n,2.0NRT,300.54,1.76,D
29.63293,77.01098,331.89,0.41,0.45,2026-06-23,0826,N20,VIIRS,n,2.0NRT,301.41,0.79,D
30.45222,73.79408,351.25,0.44,0.39,2026-06-23,0826,N20,VIIRS,n,2.0NRT,311.47,12.94,D
30.43122,73.6299,337.19,0.44,0.38,2026-06-23,0826,N20,VIIRS,l,2.0NRT,307.43,4.89,D
30.45692,73.80267,335.44,0.44,0.39,2026-06-23,0826,N20,VIIRS,n,2.0NRT,304.2,3,D
30.43239,73.52827,343.17,0.43,0.38,2026-06-23,0826,N20,VIIRS,n,2.0NRT,306.92,4.4,D
30.45985,73.62959,340.63,0.44,0.38,2026-06-23,0826,N20,VIIRS,n,2.0NRT,307.77,3.92,D
30.78023,76.28442,337.18,0.39,0.44,2026-06-23,0826,N20,VIIRS,n,2.0NRT,302.28,4.09,D
30.77979,76.28036,341.66,0.39,0.44,2026-06-23,0826,N20,VIIRS,n,2.0NRT,302.28,4.09,D
30.79363,76.22093,338.4,0.38,0.44,2026-06-23,0826,N20,VIIRS,n,2.0NRT,302.04,3.27,D
30.49031,73.67075,331.78,0.44,0.38,2026-06-23,0826,N20,VIIRS,l,2.0NRT,304.18,0.73,D
30.80859,76.17291,337.17,0.57,0.43,2026-06-23,0826,N20,VIIRS,n,2.0NRT,302.88,5.26,D
30.53244,73.88419,338.01,0.45,0.39,2026-06-23,0826,N20,VIIRS,n,2.0NRT,305.7,3.73,D
30.50913,73.7048,334.06,0.44,0.38,2026-06-23,0826,N20,VIIRS,l,2.0NRT,304.62,2.23,D
30.8159,76.16576,332.01,0.57,0.43,2026-06-23,0826,N20,VIIRS,l,2.0NRT,302.46,3.47,D
30.54133,73.89691,339.64,0.45,0.39,2026-06-23,0826,N20,VIIRS,n,2.0NRT,306.51,1.98,D
30.5238,73.70694,336.02,0.44,0.38,2026-06-23,0826,N20,VIIRS,n,2.0NRT,304.71,2.55,D
30.71644,75.20965,333.55,0.51,0.41,2026-06-23,0826,N20,VIIRS,l,2.0NRT,304.18,3.04,D
30.52552,73.69265,344.02,0.44,0.38,2026-06-23,0826,N20,VIIRS,n,2.0NRT,307.91,6.39,D
30.56573,73.94513,340.79,0.45,0.39,2026-06-23,0826,N20,VIIRS,n,2.0NRT,307.73,7.87,D
30.56928,73.94453,346.53,0.45,0.39,2026-06-23,0826,N20,VIIRS,n,2.0NRT,308.42,7.87,D
30.52406,73.60001,342.69,0.44,0.38,2026-06-23,0826,N20,VIIRS,n,2.0NRT,307.93,4.66,D
30.71607,75.20769,330.21,0.51,0.41,2026-06-23,0826,N20,VIIRS,l,2.0NRT,303.2,2.43,D
30.56868,73.94668,337.53,0.45,0.39,2026-06-23,0826,N20,VIIRS,n,2.0NRT,306.76,8.63,D
30.56809,73.94202,335.17,0.45,0.39,2026-06-23,0826,N20,VIIRS,l,2.0NRT,308.31,8.63,D
30.52496,73.60162,346.97,0.44,0.38,2026-06-23,0826,N20,VIIRS,n,2.0NRT,309.48,5.91,D
30.57465,73.90755,336.76,0.45,0.39,2026-06-23,0826,N20,VIIRS,n,2.0NRT,305.92,3.56,D
30.54539,73.67709,343.1,0.44,0.38,2026-06-23,0826,N20,VIIRS,n,2.0NRT,314.84,33,D
30.52326,73.50504,339.03,0.43,0.38,2026-06-23,0826,N20,VIIRS,n,2.0NRT,306.87,3.07,D
30.58526,73.96301,339.02,0.45,0.39,2026-06-23,0826,N20,VIIRS,n,2.0NRT,307.43,3.15,D
30.54891,73.67648,347.1,0.44,0.38,2026-06-23,0826,N20,VIIRS,n,2.0NRT,305.85,33,D
30.52674,73.50443,339.27,0.43,0.38,2026-06-23,0826,N20,VIIRS,n,2.0NRT,305.66,3.07,D
30.75116,75.31169,336.77,0.52,0.41,2026-06-23,0826,N20,VIIRS,n,2.0NRT,304.95,3.44,D
30.56296,73.75829,334.25,0.44,0.38,2026-06-23,0826,N20,VIIRS,l,2.0NRT,308.03,1.26,D
30.68043,73.91988,339.65,0.45,0.39,2026-06-23,0826,N20,VIIRS,n,2.0NRT,304.31,4.18,D
30.87965,75.4621,337.78,0.53,0.42,2026-06-23,0826,N20,VIIRS,n,2.0NRT,302.63,9.48,D
30.67698,73.77798,335.98,0.44,0.39,2026-06-23,0826,N20,VIIRS,n,2.0NRT,303.79,7.7,D
30.72787,74.12422,334.5,0.46,0.39,2026-06-23,0826,N20,VIIRS,n,2.0NRT,301.93,2.18,D
30.72194,74.01852,330.87,0.45,0.39,2026-06-23,0826,N20,VIIRS,l,2.0NRT,302.46,1.15,D
30.69526,73.80795,335.76,0.44,0.39,2026-06-23,0826,N20,VIIRS,n,2.0NRT,303.87,2.66,D
30.72909,74.04632,334.82,0.45,0.39,2026-06-23,0826,N20,VIIRS,n,2.0NRT,300.64,8.4,D
30.7059,73.86308,337.96,0.45,0.39,2026-06-23,0826,N20,VIIRS,n,2.0NRT,304.84,1.23,D
30.6982,73.80271,336.4,0.44,0.39,2026-06-23,0826,N20,VIIRS,n,2.0NRT,302.77,2.18,D
30.66695,73.55989,337.72,0.44,0.38,2026-06-23,0826,N20,VIIRS,n,2.0NRT,305.29,6.22,D
30.99118,76.2511,333.39,0.39,0.44,2026-06-23,0826,N20,VIIRS,n,2.0NRT,303.23,1.9,D
30.91546,75.53579,338.02,0.53,0.42,2026-06-23,0826,N20,VIIRS,n,2.0NRT,304.76,3.13,D
30.7261,73.96486,346.4,0.45,0.39,2026-06-23,0826,N20,VIIRS,n,2.0NRT,302.9,8.06,D
30.6958,73.72764,333.86,0.44,0.38,2026-06-23,0826,N20,VIIRS,l,2.0NRT,304.84,2.5,D
30.98167,76.0898,337.46,0.57,0.43,2026-06-23,0826,N20,VIIRS,n,2.0NRT,305.73,12.08,D
30.94961,75.80197,336.2,0.55,0.43,2026-06-23,0826,N20,VIIRS,l,2.0NRT,306.89,4.05,D
30.73382,73.96836,334.08,0.45,0.39,2026-06-23,0826,N20,VIIRS,n,2.0NRT,303.92,2.31,D
30.73738,73.96776,334.4,0.45,0.39,2026-06-23,0826,N20,VIIRS,n,2.0NRT,303.4,2.31,D
30.92064,75.4446,337.35,0.53,0.42,2026-06-23,0826,N20,VIIRS,n,2.0NRT,303.38,3.17,D
30.73137,73.89214,338.6,0.45,0.39,2026-06-23,0826,N20,VIIRS,n,2.0NRT,304.62,3.26,D
30.92447,75.44401,334.55,0.53,0.42,2026-06-23,0826,N20,VIIRS,n,2.0NRT,302.17,3.17,D
30.69503,73.58288,339.17,0.44,0.38,2026-06-23,0826,N20,VIIRS,n,2.0NRT,306.72,3.95,D
30.71041,73.67351,344.92,0.44,0.38,2026-06-23,0826,N20,VIIRS,n,2.0NRT,306.22,4.73,D
30.78975,74.26617,339.15,0.46,0.39,2026-06-23,0826,N20,VIIRS,n,2.0NRT,302.93,4.47,D
30.73783,73.85767,335.51,0.45,0.39,2026-06-23,0826,N20,VIIRS,n,2.0NRT,303.29,2.11,D
30.79336,74.26556,335.77,0.46,0.39,2026-06-23,0826,N20,VIIRS,n,2.0NRT,303.24,3,D
30.74859,73.91312,337.55,0.45,0.39,2026-06-23,0826,N20,VIIRS,n,2.0NRT,303.85,1.51,D
30.74499,73.88506,332.12,0.45,0.39,2026-06-23,0826,N20,VIIRS,l,2.0NRT,303.21,0.6,D
30.80782,74.26317,332.48,0.46,0.39,2026-06-23,0826,N20,VIIRS,l,2.0NRT,302.85,2.51,D
30.81682,74.24686,334.18,0.46,0.39,2026-06-23,0826,N20,VIIRS,n,2.0NRT,302.93,1.9,D
30.78685,74.01244,348.46,0.45,0.39,2026-06-23,0826,N20,VIIRS,n,2.0NRT,303.94,10.14,D
30.94783,75.27889,334,0.52,0.41,2026-06-23,0826,N20,VIIRS,l,2.0NRT,305.92,4.09,D
30.82043,74.24625,336.77,0.46,0.39,2026-06-23,0826,N20,VIIRS,n,2.0NRT,302.64,1.96,D
30.76553,73.81969,341.52,0.45,0.39,2026-06-23,0826,N20,VIIRS,n,2.0NRT,303.73,7.2,D
30.93548,74.05864,333.94,0.46,0.39,2026-06-23,0826,N20,VIIRS,n,2.0NRT,301.99,2.39,D
31.28944,77.35474,332.39,0.45,0.47,2026-06-23,0826,N20,VIIRS,l,2.0NRT,303.05,4.51,D
30.54672,76.07655,334.42,0.56,0.43,2026-06-23,0826,N20,VIIRS,n,2.0NRT,302.87,5.73,D
30.38367,76.0034,332.01,0.56,0.43,2026-06-23,0826,N20,VIIRS,n,2.0NRT,304.57,2.78,D
30.38307,76.00192,330.33,0.56,0.43,2026-06-23,0826,N20,VIIRS,l,2.0NRT,305.07,2.27,D
30.53869,76.14969,333.09,0.57,0.43,2026-06-23,0826,N20,VIIRS,n,2.0NRT,302.26,3.23,D
30.54606,76.07067,334.17,0.56,0.43,2026-06-23,0826,N20,VIIRS,n,2.0NRT,303.15,4.15,D
30.67609,77.00156,342.8,0.42,0.45,2026-06-23,0826,N20,VIIRS,n,2.0NRT,309.26,11.69,D
30.67562,76.99711,339.08,0.42,0.45,2026-06-23,0826,N20,VIIRS,l,2.0NRT,312.03,11.69,D
30.52114,75.40934,336.21,0.52,0.42,2026-06-23,0826,N20,VIIRS,n,2.0NRT,306.97,2.4,D
30.31914,73.57032,349.6,0.43,0.38,2026-06-23,0826,N20,VIIRS,n,2.0NRT,306.95,6.31,D
30.37281,73.6255,336.92,0.44,0.38,2026-06-23,0826,N20,VIIRS,n,2.0NRT,306.38,2.44,D
30.41001,73.80055,339.29,0.44,0.38,2026-06-23,0826,N20,VIIRS,n,2.0NRT,309.15,4.12,D
30.64966,75.72016,339.37,0.54,0.42,2026-06-23,0826,N20,VIIRS,n,2.0NRT,303.19,4.07,D
30.71713,76.27786,331.56,0.39,0.44,2026-06-23,0826,N20,VIIRS,l,2.0NRT,302.4,1.66,D
30.40149,73.65292,336.54,0.44,0.38,2026-06-23,0826,N20,VIIRS,l,2.0NRT,307.52,4.25,D
30.57941,73.85925,334.92,0.45,0.39,2026-06-23,0826,N20,VIIRS,l,2.0NRT,307.87,4,D
30.56238,73.72557,345.1,0.44,0.38,2026-06-23,0826,N20,VIIRS,n,2.0NRT,308.37,4.03,D
30.55886,73.6981,340.33,0.44,0.38,2026-06-23,0826,N20,VIIRS,n,2.0NRT,306.24,3.12,D
30.85898,76.20821,346.92,0.38,0.44,2026-06-23,0826,N20,VIIRS,n,2.0NRT,303.11,5.32,D
30.5859,73.88187,332.97,0.45,0.39,2026-06-23,0826,N20,VIIRS,l,2.0NRT,304.06,1.45,D
30.6072,73.99284,343.22,0.45,0.39,2026-06-23,0826,N20,VIIRS,n,2.0NRT,307.04,5.02,D
30.61077,73.99224,335.52,0.45,0.39,2026-06-23,0826,N20,VIIRS,l,2.0NRT,307.81,5.02,D
30.60542,73.95004,344.46,0.45,0.39,2026-06-23,0826,N20,VIIRS,n,2.0NRT,304.83,3.46,D
30.58237,73.76907,346.38,0.44,0.39,2026-06-23,0826,N20,VIIRS,n,2.0NRT,306.38,8.99,D
30.56528,73.60856,333.96,0.44,0.38,2026-06-23,0826,N20,VIIRS,l,2.0NRT,306.6,3.87,D
30.86511,76.04221,333.21,0.57,0.43,2026-06-23,0826,N20,VIIRS,l,2.0NRT,306.38,2.95,D
30.62802,74.04224,340.64,0.45,0.39,2026-06-23,0826,N20,VIIRS,n,2.0NRT,306.77,4.13,D
30.57524,73.63006,339.78,0.44,0.38,2026-06-23,0826,N20,VIIRS,n,2.0NRT,308.02,6.28,D
30.61073,73.87766,335.18,0.45,0.39,2026-06-23,0826,N20,VIIRS,n,2.0NRT,303.92,1.52,D
30.5817,73.65221,334.46,0.44,0.38,2026-06-23,0826,N20,VIIRS,l,2.0NRT,307.48,3.97,D
30.61427,73.87705,332.19,0.45,0.39,2026-06-23,0826,N20,VIIRS,l,2.0NRT,303.33,1.04,D
30.57812,73.59706,344.7,0.44,0.38,2026-06-23,0826,N20,VIIRS,n,2.0NRT,309.63,3.82,D
30.89679,76.21913,350.45,0.39,0.44,2026-06-23,0826,N20,VIIRS,n,2.0NRT,303.44,5.32,D
30.89634,76.2151,344.69,0.39,0.44,2026-06-23,0826,N20,VIIRS,n,2.0NRT,302.15,5.32,D
30.60117,73.74706,341.05,0.44,0.38,2026-06-23,0826,N20,VIIRS,n,2.0NRT,306.96,6.2,D
31.01237,77.14437,342.75,0.44,0.46,2026-06-23,0826,N20,VIIRS,n,2.0NRT,296.39,5.62,D
30.65543,74.05695,333.16,0.45,0.39,2026-06-23,0826,N20,VIIRS,n,2.0NRT,301.57,1.49,D
30.60873,73.69422,340.73,0.44,0.38,2026-06-23,0826,N20,VIIRS,n,2.0NRT,307.67,6.98,D
30.60397,73.65769,336.98,0.44,0.38,2026-06-23,0826,N20,VIIRS,n,2.0NRT,304.87,6.15,D
30.60337,73.65313,346.97,0.44,0.38,2026-06-23,0826,N20,VIIRS,n,2.0NRT,308.28,6.15,D
30.58853,73.53976,341.03,0.43,0.38,2026-06-23,0826,N20,VIIRS,n,2.0NRT,306.84,9.28,D
30.60563,73.61553,350.6,0.44,0.38,2026-06-23,0826,N20,VIIRS,n,2.0NRT,310.68,11.59,D
30.85653,75.61539,333.6,0.54,0.42,2026-06-23,0826,N20,VIIRS,n,2.0NRT,303.71,3.31,D
30.648,73.88561,334.36,0.45,0.39,2026-06-23,0826,N20,VIIRS,l,2.0NRT,305.86,2.84,D
30.67871,74.06755,335.46,0.45,0.39,2026-06-23,0826,N20,VIIRS,n,2.0NRT,300.89,2.89,D
30.66658,73.97324,331.77,0.45,0.39,2026-06-23,0826,N20,VIIRS,l,2.0NRT,304.55,2.59,D
30.67857,74.00966,336.82,0.45,0.39,2026-06-23,0826,N20,VIIRS,n,2.0NRT,304.18,2.66,D
30.66159,73.87856,347.25,0.45,0.39,2026-06-23,0826,N20,VIIRS,n,2.0NRT,305.42,9.04,D
30.64152,73.66991,334.43,0.44,0.38,2026-06-23,0826,N20,VIIRS,l,2.0NRT,307.46,2.07,D
30.62411,73.53822,340.28,0.43,0.38,2026-06-23,0826,N20,VIIRS,n,2.0NRT,307.41,3.76,D
30.68089,74.01096,333.42,0.45,0.39,2026-06-23,0826,N20,VIIRS,l,2.0NRT,303.47,1.74,D
30.64179,73.67127,335.63,0.44,0.38,2026-06-23,0826,N20,VIIRS,l,2.0NRT,306.65,3.12,D
30.62435,73.53487,339.88,0.43,0.38,2026-06-23,0826,N20,VIIRS,n,2.0NRT,307.08,4.23,D
30.6892,74.01921,353.43,0.45,0.39,2026-06-23,0826,N20,VIIRS,n,2.0NRT,309.25,34.61,D
30.68861,74.01448,340.54,0.45,0.39,2026-06-23,0826,N20,VIIRS,n,2.0NRT,308.21,30.04,D
30.65639,73.75792,334.65,0.44,0.39,2026-06-23,0826,N20,VIIRS,n,2.0NRT,304.37,1.66,D
30.81753,74.24419,331.12,0.46,0.39,2026-06-23,0826,N20,VIIRS,l,2.0NRT,301.95,2.44,D
30.78926,74.01422,341.37,0.45,0.39,2026-06-23,0826,N20,VIIRS,n,2.0NRT,302.35,4.01,D
30.76525,73.82175,333.71,0.45,0.39,2026-06-23,0826,N20,VIIRS,n,2.0NRT,303.49,3.55,D
30.76467,73.81711,338.05,0.45,0.39,2026-06-23,0826,N20,VIIRS,n,2.0NRT,304.43,3.55,D
30.82174,74.24844,337.39,0.46,0.39,2026-06-23,0826,N20,VIIRS,n,2.0NRT,302.18,2.44,D
30.94739,75.28257,337.03,0.52,0.41,2026-06-23,0826,N20,VIIRS,n,2.0NRT,303.63,5.2,D
30.75775,73.67664,335.53,0.44,0.38,2026-06-23,0826,N20,VIIRS,n,2.0NRT,304.27,3.92,D
30.98512,75.47814,331.72,0.53,0.42,2026-06-23,0826,N20,VIIRS,l,2.0NRT,304.36,2.67,D
30.83929,74.15194,340.82,0.46,0.39,2026-06-23,0826,N20,VIIRS,n,2.0NRT,302.77,7.54,D
30.79597,73.80701,338.42,0.45,0.39,2026-06-23,0826,N20,VIIRS,n,2.0NRT,304.48,4.26,D
30.86447,74.32585,336.16,0.47,0.4,2026-06-23,0826,N20,VIIRS,l,2.0NRT,307.24,4.88,D
30.80839,73.87637,337.83,0.45,0.39,2026-06-23,0826,N20,VIIRS,n,2.0NRT,303.19,6.06,D
31.00755,75.50306,332.99,0.53,0.42,2026-06-23,0826,N20,VIIRS,n,2.0NRT,302.73,2.8,D
30.85427,74.21341,338.87,0.46,0.39,2026-06-23,0826,N20,VIIRS,n,2.0NRT,302.35,3.62,D
30.80602,73.82907,336.66,0.45,0.39,2026-06-23,0826,N20,VIIRS,n,2.0NRT,302.96,0.66,D
30.85128,74.15975,337.07,0.46,0.39,2026-06-23,0826,N20,VIIRS,n,2.0NRT,302.09,3.4,D
30.83097,73.99753,335.65,0.45,0.39,2026-06-23,0826,N20,VIIRS,n,2.0NRT,302.57,4.82,D
31.19016,77.12583,338.88,0.44,0.46,2026-06-23,0826,N20,VIIRS,n,2.0NRT,301.58,2.91,D
31.08858,76.04848,334.94,0.57,0.43,2026-06-23,0826,N20,VIIRS,n,2.0NRT,304.45,3.03,D
30.84945,74.02833,330.15,0.46,0.39,2026-06-23,0826,N20,VIIRS,l,2.0NRT,302.23,2.59,D
31.20623,77.11497,332.79,0.44,0.46,2026-06-23,0826,N20,VIIRS,n,2.0NRT,301.07,5.53,D
30.89955,74.34004,345.86,0.47,0.4,2026-06-23,0826,N20,VIIRS,n,2.0NRT,307.56,7.66,D
30.8571,73.94488,336.36,0.45,0.39,2026-06-23,0826,N20,VIIRS,n,2.0NRT,303.19,3.38,D
30.90555,74.29911,341.51,0.47,0.4,2026-06-23,0826,N20,VIIRS,n,2.0NRT,304.42,8.29,D
30.86972,74.01522,335.13,0.45,0.39,2026-06-23,0826,N20,VIIRS,n,2.0NRT,301.95,2.39,D
30.84743,73.84108,335.18,0.45,0.39,2026-06-23,0826,N20,VIIRS,n,2.0NRT,302.57,3.01,D
30.80383,73.50544,335.73,0.43,0.38,2026-06-23,0826,N20,VIIRS,n,2.0NRT,304.87,3.95,D
30.90796,74.28876,333.6,0.47,0.39,2026-06-23,0826,N20,VIIRS,n,2.0NRT,302.98,5.71,D
31.2333,77.08617,340.84,0.43,0.46,2026-06-23,0826,N20,VIIRS,n,2.0NRT,300.94,3.75,D
30.87137,73.94248,333.95,0.45,0.39,2026-06-23,0826,N20,VIIRS,n,2.0NRT,303.63,1.82,D
30.92313,74.32116,335.12,0.47,0.4,2026-06-23,0826,N20,VIIRS,n,2.0NRT,303.3,1.73,D
30.89423,74.03538,335.44,0.46,0.39,2026-06-23,0826,N20,VIIRS,n,2.0NRT,300.74,4.33,D
31.06454,75.38712,335.36,0.53,0.42,2026-06-23,0826,N20,VIIRS,n,2.0NRT,305.83,3.91,D
30.90086,74.05858,331.22,0.46,0.39,2026-06-23,0826,N20,VIIRS,l,2.0NRT,301.84,2.06,D
30.90803,74.05739,336.6,0.46,0.39,2026-06-23,0826,N20,VIIRS,n,2.0NRT,301.16,2.33,D
30.84134,73.54537,337.02,0.44,0.38,2026-06-23,0826,N20,VIIRS,n,2.0NRT,304.65,3.46,D
30.89502,73.96837,331.9,0.45,0.39,2026-06-23,0826,N20,VIIRS,n,2.0NRT,301.31,2.92,D
30.84181,73.54593,336.8,0.44,0.38,2026-06-23,0826,N20,VIIRS,n,2.0NRT,304.05,3.12,D
30.90979,74.05808,335.57,0.46,0.39,2026-06-23,0826,N20,VIIRS,n,2.0NRT,301.02,1.76,D
30.88801,73.8829,340.99,0.45,0.39,2026-06-23,0826,N20,VIIRS,n,2.0NRT,303.28,8.25,D
30.89866,73.9099,332.36,0.45,0.39,2026-06-23,0826,N20,VIIRS,n,2.0NRT,301.92,3.97,D
30.92588,74.09935,336.15,0.46,0.39,2026-06-23,0826,N20,VIIRS,n,2.0NRT,302.51,2.14,D
31.07988,73.69152,331.4,0.44,0.39,2026-06-23,0826,N20,VIIRS,l,2.0NRT,303.12,1.26,D
31.32171,75.71461,333.09,0.55,0.43,2026-06-23,0826,N20,VIIRS,l,2.0NRT,305.2,3.28,D
31.30755,75.44434,342.23,0.53,0.42,2026-06-23,0826,N20,VIIRS,n,2.0NRT,303.29,6.34,D
31.29937,75.37174,332.34,0.53,0.42,2026-06-23,0826,N20,VIIRS,n,2.0NRT,301.8,3.2,D
31.31141,75.44374,342.27,0.53,0.42,2026-06-23,0826,N20,VIIRS,n,2.0NRT,303.38,6.84,D
31.30202,75.32622,343.1,0.53,0.42,2026-06-23,0826,N20,VIIRS,n,2.0NRT,303.25,7.52,D
31.33714,75.42841,332.89,0.53,0.42,2026-06-23,0826,N20,VIIRS,l,2.0NRT,304.1,2.77,D
31.33586,75.41722,341.57,0.53,0.42,2026-06-23,0826,N20,VIIRS,n,2.0NRT,304.34,8.31,D
31.3909,75.87078,331.15,0.56,0.43,2026-06-23,0826,N20,VIIRS,l,2.0NRT,304.96,1.1,D
31.33972,75.41663,339.13,0.53,0.42,2026-06-23,0826,N20,VIIRS,n,2.0NRT,304.68,5.1,D
31.41398,75.89744,345.72,0.56,0.43,2026-06-23,0826,N20,VIIRS,n,2.0NRT,304.65,11.84,D
31.38157,75.47308,342.87,0.54,0.42,2026-06-23,0826,N20,VIIRS,n,2.0NRT,305.83,7.39,D
31.15978,73.58318,334.27,0.44,0.38,2026-06-23,0826,N20,VIIRS,l,2.0NRT,305.32,3.46,D
31.3682,75.19303,331.65,0.52,0.41,2026-06-23,0826,N20,VIIRS,l,2.0NRT,304.74,3.58,D
31.37729,75.17871,332.13,0.52,0.41,2026-06-23,0826,N20,VIIRS,l,2.0NRT,303.19,3.54,D
31.42146,75.43101,338.58,0.53,0.42,2026-06-23,0826,N20,VIIRS,n,2.0NRT,306.17,5.22,D
31.42152,75.39677,334.08,0.53,0.42,2026-06-23,0826,N20,VIIRS,n,2.0NRT,301.77,3.83,D
31.46589,75.47588,333.05,0.54,0.42,2026-06-23,0826,N20,VIIRS,n,2.0NRT,301.47,3.2,D
31.59725,76.5547,349.76,0.41,0.45,2026-06-23,0826,N20,VIIRS,n,2.0NRT,301.28,4.88,D
31.52256,75.20386,334.9,0.52,0.42,2026-06-23,0826,N20,VIIRS,n,2.0NRT,303.79,3.23,D
31.5049,75.0513,337.31,0.51,0.41,2026-06-23,0826,N20,VIIRS,n,2.0NRT,302.64,3.61,D
31.61297,75.68521,339.26,0.55,0.43,2026-06-23,0826,N20,VIIRS,n,2.0NRT,301.89,3.72,D
31.54395,74.99036,340.47,0.51,0.41,2026-06-23,0826,N20,VIIRS,n,2.0NRT,303.43,12.1,D
31.65575,75.64085,334.17,0.55,0.43,2026-06-23,0826,N20,VIIRS,l,2.0NRT,307.68,4.42,D
31.62029,75.25344,342.4,0.53,0.42,2026-06-23,0826,N20,VIIRS,n,2.0NRT,304.65,10.76,D
31.68055,75.64896,340.29,0.55,0.43,2026-06-23,0826,N20,VIIRS,n,2.0NRT,308.39,11.26,D
31.61845,74.50851,335.7,0.49,0.4,2026-06-23,0826,N20,VIIRS,n,2.0NRT,303.92,1.67,D
31.66575,73.91546,335.81,0.46,0.39,2026-06-23,0826,N20,VIIRS,n,2.0NRT,304.29,3.12,D
31.7424,74.48619,338.75,0.49,0.4,2026-06-23,0826,N20,VIIRS,n,2.0NRT,303.22,4.33,D
31.74609,74.48559,344.76,0.49,0.4,2026-06-23,0826,N20,VIIRS,n,2.0NRT,301.39,4.19,D
31.90267,74.7713,336.1,0.5,0.41,2026-06-23,0826,N20,VIIRS,n,2.0NRT,303.81,3,D
31.85957,74.07426,338.84,0.47,0.4,2026-06-23,0826,N20,VIIRS,n,2.0NRT,306.25,15.82,D
31.85896,74.06932,337.68,0.47,0.4,2026-06-23,0826,N20,VIIRS,l,2.0NRT,309.6,15.82,D
31.86258,74.06872,348.36,0.47,0.4,2026-06-23,0826,N20,VIIRS,n,2.0NRT,308.19,14.34,D
32.10726,75.77032,331.74,0.57,0.43,2026-06-23,0826,N20,VIIRS,l,2.0NRT,305.66,7.04,D
32.1082,75.52393,338.46,0.55,0.43,2026-06-23,0826,N20,VIIRS,n,2.0NRT,305.26,4.83,D
32.00523,73.66171,336.78,0.45,0.39,2026-06-23,0826,N20,VIIRS,n,2.0NRT,302.61,4.45,D
32.04099,73.91705,333.86,0.46,0.39,2026-06-23,0826,N20,VIIRS,l,2.0NRT,306.02,2.78,D
32.01357,73.67004,351.61,0.45,0.39,2026-06-23,0826,N20,VIIRS,n,2.0NRT,308.67,13.47,D
32.01713,73.66943,342.32,0.45,0.39,2026-06-23,0826,N20,VIIRS,n,2.0NRT,304.9,13.47,D
32.33164,76.0946,347.13,0.4,0.44,2026-06-23,0826,N20,VIIRS,n,2.0NRT,299.21,7.93,D
32.14573,76.32166,304.21,0.39,0.36,2026-06-23,2046,N20,VIIRS,n,2.0NRT,291.52,0.84,N
32.14902,76.32241,308.63,0.39,0.36,2026-06-23,2046,N20,VIIRS,n,2.0NRT,291.42,0.84,N
28.83741,77.13914,312.09,0.42,0.38,2026-06-23,2049,N20,VIIRS,n,2.0NRT,294.55,1.99,N
31.05207,76.92001,301.48,0.4,0.37,2026-06-23,2049,N20,VIIRS,n,2.0NRT,287.56,0.86,N
31.59074,76.55926,304.73,0.39,0.36,2026-06-23,2049,N20,VIIRS,n,2.0NRT,286.59,0.8,N
31.91095,74.54698,308.49,0.39,0.36,2026-06-23,2049,N20,VIIRS,n,2.0NRT,294.6,0.47,N
31.48587,75.08872,330.97,0.38,0.36,2026-06-24,0805,N20,VIIRS,l,2.0NRT,303.79,2.33,D
31.49923,75.06524,334.79,0.38,0.36,2026-06-24,0805,N20,VIIRS,n,2.0NRT,302.69,2.53,D
32.00842,75.60175,344,0.39,0.36,2026-06-24,0805,N20,VIIRS,n,2.0NRT,302.17,3.37,D
31.34437,75.22936,337.47,0.38,0.36,2026-06-24,0805,N20,VIIRS,n,2.0NRT,302.97,2.54,D
31.34765,75.22868,340.55,0.38,0.36,2026-06-24,0805,N20,VIIRS,n,2.0NRT,302.23,5.41,D
31.46372,75.54807,332.85,0.38,0.36,2026-06-24,0805,N20,VIIRS,n,2.0NRT,302.29,2.82,D
31.42027,75.12683,336.54,0.38,0.36,2026-06-24,0805,N20,VIIRS,n,2.0NRT,303.09,9.54,D
31.48654,75.47341,332.14,0.38,0.36,2026-06-24,0805,N20,VIIRS,l,2.0NRT,303.75,1.68,D
31.49384,75.14085,334.27,0.38,0.36,2026-06-24,0805,N20,VIIRS,n,2.0NRT,303.6,1.88,D
31.24429,75.22047,333.34,0.38,0.36,2026-06-24,0805,N20,VIIRS,n,2.0NRT,301.53,2.04,D
31.24185,75.20446,332.19,0.38,0.36,2026-06-24,0805,N20,VIIRS,l,2.0NRT,302.21,1.91,D
31.25186,75.24779,336.82,0.38,0.36,2026-06-24,0805,N20,VIIRS,n,2.0NRT,302.77,3.51,D
31.25514,75.24711,335.44,0.38,0.36,2026-06-24,0805,N20,VIIRS,n,2.0NRT,301.78,1.17,D
31.48988,76.63937,334.94,0.4,0.37,2026-06-24,0805,N20,VIIRS,n,2.0NRT,300.58,13.33,D
31.28886,75.22363,336.5,0.38,0.36,2026-06-24,0805,N20,VIIRS,n,2.0NRT,302.3,2.83,D
31.32696,75.38507,332.56,0.38,0.36,2026-06-24,0805,N20,VIIRS,l,2.0NRT,304.74,2.08,D
31.32797,75.30226,334.97,0.38,0.36,2026-06-24,0805,N20,VIIRS,n,2.0NRT,302.24,2.4,D
31.32747,75.23215,340.57,0.38,0.36,2026-06-24,0805,N20,VIIRS,n,2.0NRT,303.04,6.33,D
31.32074,75.18811,335.56,0.38,0.36,2026-06-24,0805,N20,VIIRS,n,2.0NRT,303.16,2.35,D
31.32181,75.15071,338.62,0.38,0.36,2026-06-24,0805,N20,VIIRS,n,2.0NRT,302.76,4.41,D
31.18609,75.24042,348.32,0.38,0.36,2026-06-24,0805,N20,VIIRS,n,2.0NRT,305.25,3.97,D
31.18938,75.23974,337.09,0.38,0.36,2026-06-24,0805,N20,VIIRS,n,2.0NRT,303.64,3.97,D
31.21143,75.31767,333.85,0.38,0.36,2026-06-24,0805,N20,VIIRS,n,2.0NRT,298.6,2.86,D
31.20497,75.25301,341.88,0.38,0.36,2026-06-24,0805,N20,VIIRS,n,2.0NRT,304.81,7.75,D
31.21174,75.07455,330.61,0.38,0.36,2026-06-24,0805,N20,VIIRS,l,2.0NRT,302.29,1.97,D
30.98563,75.48708,344.21,0.38,0.36,2026-06-24,0805,N20,VIIRS,n,2.0NRT,305.49,17.38,D
30.88,76.21738,334.7,0.39,0.36,2026-06-24,0805,N20,VIIRS,n,2.0NRT,299.18,12.32,D
30.74082,75.21976,343.62,0.38,0.36,2026-06-24,0805,N20,VIIRS,n,2.0NRT,308.09,9.56,D
30.86803,75.65413,330.83,0.38,0.36,2026-06-24,0805,N20,VIIRS,l,2.0NRT,303.62,0.82,D
30.88837,75.60896,338.08,0.38,0.36,2026-06-24,0805,N20,VIIRS,n,2.0NRT,302.53,2.74,D
30.73954,74.13659,331.94,0.39,0.36,2026-06-24,0805,N20,VIIRS,l,2.0NRT,300.28,0.98,D
30.97335,75.47312,340.02,0.38,0.36,2026-06-24,0805,N20,VIIRS,n,2.0NRT,301.53,4.7,D
31.21452,76.84757,330.37,0.4,0.37,2026-06-24,0805,N20,VIIRS,l,2.0NRT,301.03,4.34,D
31.36598,77.46487,331.89,0.41,0.37,2026-06-24,0805,N20,VIIRS,n,2.0NRT,301.56,3.54,D
31.3694,77.46426,330.03,0.41,0.37,2026-06-24,0805,N20,VIIRS,l,2.0NRT,302.76,3.44,D
31.36878,77.4597,337.42,0.41,0.37,2026-06-24,0805,N20,VIIRS,n,2.0NRT,303.61,3.18,D
31.37219,77.45906,344,0.41,0.37,2026-06-24,0805,N20,VIIRS,n,2.0NRT,301.43,3.18,D
31.37156,77.45435,334.31,0.41,0.37,2026-06-24,0805,N20,VIIRS,n,2.0NRT,301.55,3.18,D
31.37732,77.47118,337.26,0.42,0.37,2026-06-24,0805,N20,VIIRS,n,2.0NRT,304.67,5.5,D
31.37677,77.46706,352.27,0.41,0.37,2026-06-24,0805,N20,VIIRS,n,2.0NRT,307.89,7.03,D
31.38071,77.47038,335.16,0.42,0.37,2026-06-24,0805,N20,VIIRS,n,2.0NRT,300.96,5.5,D
31.38016,77.46629,334.76,0.41,0.37,2026-06-24,0805,N20,VIIRS,n,2.0NRT,302.39,7.03,D
31.10472,75.37663,343.21,0.38,0.36,2026-06-24,0805,N20,VIIRS,n,2.0NRT,303.72,3.45,D
31.1737,75.44914,331.85,0.38,0.36,2026-06-24,0805,N20,VIIRS,n,2.0NRT,301.35,1.6,D
31.14823,75.28121,337.79,0.38,0.36,2026-06-24,0805,N20,VIIRS,n,2.0NRT,305,3.36,D
31.18088,75.45181,340.44,0.38,0.36,2026-06-24,0805,N20,VIIRS,n,2.0NRT,304.37,4.25,D
29.60077,77.06241,336.45,0.4,0.37,2026-06-24,0805,N20,VIIRS,n,2.0NRT,304.51,2.74,D
29.6124,77.04772,340.14,0.4,0.37,2026-06-24,0805,N20,VIIRS,n,2.0NRT,306.04,4.05,D
29.61575,77.04711,340.85,0.4,0.37,2026-06-24,0805,N20,VIIRS,n,2.0NRT,304.52,4.05,D
29.63013,77.02776,337.95,0.4,0.37,2026-06-24,0805,N20,VIIRS,n,2.0NRT,306.34,2.31,D
29.76511,77.11644,332.07,0.4,0.37,2026-06-24,0805,N20,VIIRS,l,2.0NRT,303.97,1.66,D
30.10571,77.34739,332.89,0.4,0.37,2026-06-24,0805,N20,VIIRS,l,2.0NRT,304.06,2.03,D
30.05498,76.89184,333.16,0.39,0.37,2026-06-24,0805,N20,VIIRS,l,2.0NRT,307,1.34,D
30.06516,76.91503,335.74,0.4,0.37,2026-06-24,0805,N20,VIIRS,l,2.0NRT,308.12,2.3,D
30.41145,77.20761,342.96,0.4,0.37,2026-06-24,0805,N20,VIIRS,n,2.0NRT,304.62,5.47,D
30.30025,76.29034,337.32,0.39,0.36,2026-06-24,0805,N20,VIIRS,n,2.0NRT,302.07,3.1,D
30.59134,76.78572,334.26,0.4,0.37,2026-06-24,0805,N20,VIIRS,n,2.0NRT,303.82,2.67,D
30.59468,76.78509,339.11,0.4,0.37,2026-06-24,0805,N20,VIIRS,n,2.0NRT,302.73,2.67,D
30.53132,76.20135,338.33,0.39,0.36,2026-06-24,0805,N20,VIIRS,n,2.0NRT,306.28,3.55,D
30.67351,75.76199,337.1,0.38,0.36,2026-06-24,0805,N20,VIIRS,n,2.0NRT,303.34,2.14,D
30.85612,76.56776,333.18,0.39,0.36,2026-06-24,0805,N20,VIIRS,n,2.0NRT,303.06,0.84,D
30.74955,75.7262,336.47,0.38,0.36,2026-06-24,0805,N20,VIIRS,n,2.0NRT,302.65,8.28,D
30.7652,75.71561,330.27,0.38,0.36,2026-06-24,0805,N20,VIIRS,l,2.0NRT,302.6,1.22,D
30.75833,75.60204,332.47,0.38,0.36,2026-06-24,0805,N20,VIIRS,n,2.0NRT,301.35,1.32,D
30.85527,76.23468,336.32,0.39,0.36,2026-06-24,0805,N20,VIIRS,n,2.0NRT,304.79,3.6,D
30.79634,75.69701,339.3,0.38,0.36,2026-06-24,0805,N20,VIIRS,n,2.0NRT,302.27,2.44,D
31.31615,77.42285,305.08,0.42,0.38,2026-06-24,2029,N20,VIIRS,n,2.0NRT,284.47,1.33,N
31.31677,77.41837,313.53,0.42,0.38,2026-06-24,2029,N20,VIIRS,n,2.0NRT,284.04,1.33,N
29.48767,76.99387,309.25,0.42,0.38,2026-06-24,2029,N20,VIIRS,n,2.0NRT,295.49,0.84,N
28.67859,76.95759,327.4,0.42,0.37,2026-06-24,2032,N20,VIIRS,n,2.0NRT,296.85,3.7,N
27.66808,76.12856,308.48,0.44,0.38,2026-06-24,2032,N20,VIIRS,n,2.0NRT,293.85,1.31,N
28.67576,76.95271,324.26,0.42,0.38,2026-06-24,2032,N20,VIIRS,n,2.0NRT,294.39,3.13,N
28.17152,76.85571,306.37,0.42,0.37,2026-06-24,2032,N20,VIIRS,n,2.0NRT,293.6,1.77,N
28.67516,76.95696,311.1,0.42,0.37,2026-06-24,2032,N20,VIIRS,n,2.0NRT,294.49,3.7,N
28.34914,77.2577,308.6,0.41,0.37,2026-06-24,2032,N20,VIIRS,n,2.0NRT,293.38,2,N
28.67919,76.95334,320.5,0.42,0.38,2026-06-24,2032,N20,VIIRS,n,2.0NRT,294.7,3.13,N
28.09709,76.58231,332.64,0.5,0.41,2026-06-25,0746,N20,VIIRS,n,2.0NRT,302.34,4.59,D
30.60191,75.43759,335.95,0.51,0.41,2026-06-25,0748,N20,VIIRS,n,2.0NRT,299.04,9.02,D
30.64438,75.7044,335.71,0.5,0.41,2026-06-25,0748,N20,VIIRS,n,2.0NRT,299.09,7.35,D
30.64535,75.70951,330.56,0.5,0.41,2026-06-25,0748,N20,VIIRS,n,2.0NRT,299.33,5.5,D
30.70078,76.08929,334.49,0.48,0.4,2026-06-25,0748,N20,VIIRS,n,2.0NRT,300.95,3.21,D
30.70169,76.09421,334.41,0.48,0.4,2026-06-25,0748,N20,VIIRS,n,2.0NRT,301.02,3.94,D
30.73911,73.73019,339.01,0.42,0.45,2026-06-25,0748,N20,VIIRS,n,2.0NRT,299.83,10.08,D
31.05702,73.66936,343.94,0.41,0.45,2026-06-25,0748,N20,VIIRS,n,2.0NRT,299.86,4.03,D
31.01895,73.50748,338.57,0.42,0.45,2026-06-25,0748,N20,VIIRS,n,2.0NRT,299.06,2.66,D
31.01756,73.51066,343.51,0.42,0.45,2026-06-25,0748,N20,VIIRS,n,2.0NRT,298.88,2.4,D
31.11746,74.09253,330.53,0.39,0.44,2026-06-25,0748,N20,VIIRS,n,2.0NRT,297.02,2.02,D
30.94699,73.56685,330.12,0.42,0.45,2026-06-25,0748,N20,VIIRS,n,2.0NRT,298.68,0.71,D
30.88362,73.58327,337.92,0.42,0.45,2026-06-25,0748,N20,VIIRS,n,2.0NRT,298.65,2.44,D
31.19666,75.28751,332.81,0.51,0.41,2026-06-25,0748,N20,VIIRS,n,2.0NRT,294.04,4.51,D
30.84247,73.53055,330.52,0.43,0.46,2026-06-25,0748,N20,VIIRS,n,2.0NRT,298.31,0.96,D
30.93936,74.00311,330.42,0.4,0.44,2026-06-25,0748,N20,VIIRS,n,2.0NRT,297.01,1.69,D
30.94051,74.05019,335.55,0.4,0.44,2026-06-25,0748,N20,VIIRS,n,2.0NRT,298.12,3.99,D
30.94134,74.05426,341.36,0.4,0.44,2026-06-25,0748,N20,VIIRS,n,2.0NRT,297.52,4.47,D
30.89778,74.00576,333.22,0.4,0.44,2026-06-25,0748,N20,VIIRS,n,2.0NRT,297.04,1.9,D
30.897,74.0048,332.98,0.4,0.44,2026-06-25,0748,N20,VIIRS,n,2.0NRT,296.72,2.28,D
30.86433,73.90474,341.73,0.41,0.45,2026-06-25,0748,N20,VIIRS,n,2.0NRT,297.5,5.38,D
30.86422,74.0094,336.03,0.4,0.44,2026-06-25,0748,N20,VIIRS,n,2.0NRT,297.44,1.43,D
30.80959,73.76022,334.05,0.41,0.45,2026-06-25,0748,N20,VIIRS,n,2.0NRT,298.67,2.6,D
30.8633,74.12997,330.81,0.39,0.44,2026-06-25,0748,N20,VIIRS,n,2.0NRT,297.98,2.45,D
30.78929,73.82818,345.89,0.41,0.45,2026-06-25,0748,N20,VIIRS,n,2.0NRT,299.1,7.46,D
31.0696,75.23898,335.13,0.52,0.41,2026-06-25,0748,N20,VIIRS,n,2.0NRT,295.6,7.15,D
30.85648,74.19974,342.65,0.39,0.44,2026-06-25,0748,N20,VIIRS,n,2.0NRT,298.6,3.68,D
30.79031,73.91615,330.78,0.41,0.45,2026-06-25,0748,N20,VIIRS,n,2.0NRT,298.15,1.6,D
30.73394,73.66383,341.81,0.42,0.45,2026-06-25,0748,N20,VIIRS,n,2.0NRT,298.43,2.71,D
30.6188,73.68069,342.87,0.42,0.45,2026-06-25,0748,N20,VIIRS,n,2.0NRT,298.65,5.07,D
30.67505,73.97295,342.75,0.41,0.45,2026-06-25,0748,N20,VIIRS,n,2.0NRT,298.52,5.01,D
30.67299,74.0041,330.77,0.4,0.45,2026-06-25,0748,N20,VIIRS,n,2.0NRT,298.16,1.84,D
30.67284,74.00386,335.02,0.4,0.45,2026-06-25,0748,N20,VIIRS,n,2.0NRT,298.54,2.24,D
30.59113,73.6191,341.06,0.43,0.46,2026-06-25,0748,N20,VIIRS,n,2.0NRT,298.71,5.54,D
30.59202,73.62346,338.93,0.43,0.46,2026-06-25,0748,N20,VIIRS,n,2.0NRT,297.61,4.04,D
30.56151,73.51633,340.53,0.43,0.46,2026-06-25,0748,N20,VIIRS,n,2.0NRT,300.57,7.22,D
30.56241,73.52073,342.11,0.43,0.46,2026-06-25,0748,N20,VIIRS,n,2.0NRT,298.49,5.72,D
30.58268,73.66264,336.12,0.42,0.45,2026-06-25,0748,N20,VIIRS,n,2.0NRT,297.42,1.43,D
30.61163,73.82635,335.77,0.41,0.45,2026-06-25,0748,N20,VIIRS,n,2.0NRT,299.25,4.19,D
30.56741,73.63024,342.88,0.43,0.46,2026-06-25,0748,N20,VIIRS,n,2.0NRT,298.4,4.09,D
30.61571,73.90968,332.43,0.41,0.45,2026-06-25,0748,N20,VIIRS,n,2.0NRT,297.78,2.2,D
30.6191,73.92639,335.98,0.41,0.45,2026-06-25,0748,N20,VIIRS,n,2.0NRT,298.26,2.66,D
30.56696,73.71248,344.43,0.42,0.45,2026-06-25,0748,N20,VIIRS,n,2.0NRT,299.5,3.96,D
30.61612,73.95364,339.05,0.41,0.45,2026-06-25,0748,N20,VIIRS,n,2.0NRT,298.73,3.61,D
30.53292,73.5891,337.72,0.43,0.46,2026-06-25,0748,N20,VIIRS,n,2.0NRT,299.64,3.15,D
30.57369,73.85011,334.55,0.41,0.45,2026-06-25,0748,N20,VIIRS,n,2.0NRT,298.76,4.09,D
30.53534,73.68474,340.91,0.42,0.45,2026-06-25,0748,N20,VIIRS,n,2.0NRT,298.05,3.87,D
30.5825,75.31453,330.06,0.52,0.42,2026-06-25,0748,N20,VIIRS,n,2.0NRT,298.35,1.05,D
30.73999,73.73444,342.95,0.42,0.45,2026-06-25,0748,N20,VIIRS,n,2.0NRT,298.77,10.08,D
30.78629,73.91724,342.63,0.41,0.45,2026-06-25,0748,N20,VIIRS,n,2.0NRT,299.06,5.12,D
30.79336,74.05453,338.66,0.4,0.44,2026-06-25,0748,N20,VIIRS,n,2.0NRT,298.04,3.63,D
30.70366,73.58085,338.72,0.43,0.46,2026-06-25,0748,N20,VIIRS,n,2.0NRT,298.25,3.32,D
30.78423,73.94846,342.29,0.4,0.45,2026-06-25,0748,N20,VIIRS,n,2.0NRT,299.08,7.63,D
30.78337,73.94431,344.45,0.41,0.45,2026-06-25,0748,N20,VIIRS,n,2.0NRT,300.66,11.18,D
30.64167,76.01616,331.84,0.48,0.4,2026-06-25,0748,N20,VIIRS,l,2.0NRT,302.33,2.6,D
30.74054,76.07941,330.47,0.48,0.4,2026-06-25,0748,N20,VIIRS,l,2.0NRT,300.91,3.26,D
30.62446,75.29029,334.73,0.52,0.42,2026-06-25,0748,N20,VIIRS,n,2.0NRT,295.97,5.23,D
30.85693,76.28177,338.12,0.47,0.4,2026-06-25,0748,N20,VIIRS,n,2.0NRT,300.58,2.93,D
30.7837,75.69884,336.27,0.5,0.41,2026-06-25,0748,N20,VIIRS,n,2.0NRT,297.26,4.69,D
30.35658,73.50399,337.73,0.44,0.46,2026-06-25,0748,N20,VIIRS,n,2.0NRT,298.62,2.82,D
30.78158,75.69724,336.06,0.5,0.41,2026-06-25,0748,N20,VIIRS,n,2.0NRT,298.01,4.56,D
30.53021,73.72254,334.82,0.42,0.45,2026-06-25,0748,N20,VIIRS,n,2.0NRT,297.68,2.1,D
30.69914,74.0491,332.62,0.4,0.44,2026-06-25,0748,N20,VIIRS,n,2.0NRT,297.47,1.88,D
30.66508,73.88331,335.99,0.41,0.45,2026-06-25,0748,N20,VIIRS,n,2.0NRT,298.12,2.25,D
30.70314,74.04801,332.9,0.4,0.44,2026-06-25,0748,N20,VIIRS,n,2.0NRT,298.13,1.88,D
30.71663,74.03137,330.6,0.4,0.44,2026-06-25,0748,N20,VIIRS,n,2.0NRT,297.2,1.4,D
30.66792,73.73064,330.2,0.42,0.45,2026-06-25,0748,N20,VIIRS,n,2.0NRT,297.9,1.99,D
30.72745,73.98061,335.44,0.4,0.45,2026-06-25,0748,N20,VIIRS,n,2.0NRT,298.08,1.77,D
30.68391,73.76676,334.29,0.42,0.45,2026-06-25,0748,N20,VIIRS,n,2.0NRT,299.27,2.81,D
30.74918,73.98344,343.01,0.4,0.45,2026-06-25,0748,N20,VIIRS,n,2.0NRT,298.82,4.51,D
30.70767,73.77819,331.54,0.42,0.45,2026-06-25,0748,N20,VIIRS,n,2.0NRT,296.86,2.04,D
30.69468,73.71429,342.63,0.42,0.45,2026-06-25,0748,N20,VIIRS,n,2.0NRT,299.34,8.2,D
30.77112,74.02962,333.69,0.4,0.44,2026-06-25,0748,N20,VIIRS,n,2.0NRT,297.15,4.15,D
30.70428,73.69807,339.19,0.42,0.45,2026-06-25,0748,N20,VIIRS,n,2.0NRT,298.11,2.38,D
30.77253,73.99452,334.66,0.4,0.44,2026-06-25,0748,N20,VIIRS,n,2.0NRT,297.81,1.9,D
30.79282,74.054,342.86,0.4,0.44,2026-06-25,0748,N20,VIIRS,n,2.0NRT,297.92,3.66,D
30.70194,73.58009,340.42,0.43,0.46,2026-06-25,0748,N20,VIIRS,n,2.0NRT,298.68,3.49,D
30.43102,73.81625,340.58,0.42,0.45,2026-06-25,0748,N20,VIIRS,n,2.0NRT,300.74,4.2,D
30.42871,73.82585,337.36,0.42,0.45,2026-06-25,0748,N20,VIIRS,n,2.0NRT,298.92,2.81,D
30.3575,73.50571,342.75,0.44,0.46,2026-06-25,0748,N20,VIIRS,n,2.0NRT,299.14,4.59,D
30.89708,76.22909,331.56,0.47,0.4,2026-06-25,0748,N20,VIIRS,n,2.0NRT,300.12,2.02,D
30.46637,73.9669,331.46,0.41,0.45,2026-06-25,0748,N20,VIIRS,n,2.0NRT,300.49,2.81,D
30.4752,73.8222,337.19,0.42,0.45,2026-06-25,0748,N20,VIIRS,n,2.0NRT,299.39,5.99,D
30.47433,73.81796,343.61,0.42,0.45,2026-06-25,0748,N20,VIIRS,n,2.0NRT,300.14,5.99,D
30.49701,73.8028,339.55,0.42,0.45,2026-06-25,0748,N20,VIIRS,n,2.0NRT,298.79,3.78,D
30.45818,73.5028,335.84,0.43,0.46,2026-06-25,0748,N20,VIIRS,n,2.0NRT,298.81,2.79,D
30.48306,73.53793,335.34,0.43,0.46,2026-06-25,0748,N20,VIIRS,n,2.0NRT,299.47,4.11,D
30.55951,73.88509,336.43,0.41,0.45,2026-06-25,0748,N20,VIIRS,n,2.0NRT,298.31,3.73,D
30.51043,75.36836,332.75,0.52,0.42,2026-06-25,0748,N20,VIIRS,n,2.0NRT,297.65,2.34,D
30.50985,75.36668,333.59,0.52,0.42,2026-06-25,0748,N20,VIIRS,n,2.0NRT,297.85,5.04,D
30.67798,75.78134,337.27,0.49,0.41,2026-06-25,0748,N20,VIIRS,n,2.0NRT,299.28,2.79,D
31.40205,74.17659,336.18,0.38,0.43,2026-06-25,0748,N20,VIIRS,n,2.0NRT,298.43,2.72,D
31.17726,73.63594,331.42,0.41,0.45,2026-06-25,0748,N20,VIIRS,n,2.0NRT,297.65,3.12,D
31.17408,73.64131,336.85,0.41,0.45,2026-06-25,0748,N20,VIIRS,n,2.0NRT,298.2,2.77,D
29.09285,75.8869,336.13,0.52,0.41,2026-06-25,0748,N20,VIIRS,l,2.0NRT,307.97,5.11,D
30.88632,76.21154,330.84,0.47,0.4,2026-06-25,0748,N20,VIIRS,l,2.0NRT,299.65,4.59,D
29.71808,76.78762,336.49,0.46,0.39,2026-06-25,0748,N20,VIIRS,l,2.0NRT,302.8,3.47,D
29.82173,76.05742,332.66,0.49,0.41,2026-06-25,0748,N20,VIIRS,l,2.0NRT,304.87,1.56,D
30.25711,76.1636,338.29,0.48,0.4,2026-06-25,0748,N20,VIIRS,n,2.0NRT,301.61,3.66,D
30.37146,76.27086,331.68,0.48,0.4,2026-06-25,0748,N20,VIIRS,l,2.0NRT,302.42,4.45,D
30.29304,75.21835,331.95,0.53,0.42,2026-06-25,0748,N20,VIIRS,n,2.0NRT,299.4,1.72,D
30.47402,76.11013,331.74,0.48,0.4,2026-06-25,0748,N20,VIIRS,l,2.0NRT,302.88,1.91,D
30.10376,74.20098,330.74,0.4,0.45,2026-06-25,0748,N20,VIIRS,l,2.0NRT,300.79,2.08,D
30.52113,76.1191,335.4,0.48,0.4,2026-06-25,0748,N20,VIIRS,n,2.0NRT,301.59,4.04,D
30.56915,76.34134,330.21,0.47,0.4,2026-06-25,0748,N20,VIIRS,l,2.0NRT,301.77,4.65,D
31.25943,76.92214,301.78,0.51,0.49,2026-06-25,2012,N20,VIIRS,n,2.0NRT,289.91,0.9,N
31.61631,74.37489,302.82,0.36,0.58,2026-06-25,2012,N20,VIIRS,n,2.0NRT,289.27,1.07,N
31.70777,77.17529,300.71,0.5,0.49,2026-06-25,2012,N20,VIIRS,n,2.0NRT,287.41,0.89,N
29.12341,75.77639,309.05,0.56,0.52,2026-06-25,2012,N20,VIIRS,n,2.0NRT,293.41,2.69,N
28.78255,76.94718,322.55,0.47,0.48,2026-06-25,2012,N20,VIIRS,n,2.0NRT,292.43,2.93,N
29.53502,76.994,342.11,0.54,0.51,2026-06-26,0729,N20,VIIRS,n,2.0NRT,298.71,3.53,D
29.13934,77.15533,330.95,0.53,0.5,2026-06-26,0729,N20,VIIRS,l,2.0NRT,303.88,7.87,D
29.14271,77.1487,332.78,0.54,0.5,2026-06-26,0729,N20,VIIRS,l,2.0NRT,304.94,11.05,D
29.6279,76.7155,339,0.55,0.51,2026-06-26,0729,N20,VIIRS,n,2.0NRT,300.69,3.85,D
29.40826,75.73147,330.85,0.32,0.55,2026-06-26,0729,N20,VIIRS,n,2.0NRT,296.51,2.65,D
29.95615,77.16982,331.46,0.51,0.5,2026-06-26,0729,N20,VIIRS,n,2.0NRT,299.28,2.1,D
30.01599,77.17776,344.8,0.51,0.49,2026-06-26,0729,N20,VIIRS,n,2.0NRT,299.89,12.66,D
30.53916,76.14413,341.31,0.57,0.52,2026-06-26,0729,N20,VIIRS,n,2.0NRT,299.53,7.56,D
30.51701,75.84791,341.51,0.6,0.53,2026-06-26,0729,N20,VIIRS,n,2.0NRT,297.54,5.44,D
30.67105,76.15202,336.13,0.57,0.52,2026-06-26,0729,N20,VIIRS,n,2.0NRT,299.52,2.85,D
30.95641,77.32153,333.15,0.48,0.48,2026-06-26,0729,N20,VIIRS,n,2.0NRT,294.62,3.83,D
30.74166,76.08499,332.32,0.57,0.52,2026-06-26,0729,N20,VIIRS,n,2.0NRT,299.4,5.34,D
30.75939,76.1412,336.94,0.57,0.52,2026-06-26,0729,N20,VIIRS,n,2.0NRT,301.07,5.95,D
30.67762,75.71738,341.71,0.6,0.53,2026-06-26,0729,N20,VIIRS,n,2.0NRT,296.49,7.17,D
30.8541,76.23432,341.23,0.56,0.51,2026-06-26,0729,N20,VIIRS,n,2.0NRT,302.11,3.91,D
30.77158,75.60191,333.73,0.61,0.53,2026-06-26,0729,N20,VIIRS,n,2.0NRT,295.02,4.89,D
31.33139,75.50072,333.34,0.6,0.53,2026-06-26,0729,N20,VIIRS,n,2.0NRT,295.61,4.47,D
31.08201,75.30921,341.14,0.62,0.54,2026-06-26,0729,N20,VIIRS,n,2.0NRT,293.36,10.84,D
30.93735,76.26727,337.59,0.55,0.51,2026-06-26,0729,N20,VIIRS,n,2.0NRT,300.96,4.92,D
30.33634,73.53995,334.49,0.41,0.61,2026-06-26,0729,N20,VIIRS,n,2.0NRT,293.77,2.96,D
30.98545,76.18541,332.32,0.56,0.51,2026-06-26,0729,N20,VIIRS,n,2.0NRT,301.34,3.42,D
30.98161,76.16845,335.57,0.56,0.51,2026-06-26,0729,N20,VIIRS,n,2.0NRT,301.7,6.92,D
30.9862,76.16706,344.19,0.56,0.51,2026-06-26,0729,N20,VIIRS,n,2.0NRT,303.57,6.92,D
30.87821,75.4956,340.76,0.61,0.54,2026-06-26,0729,N20,VIIRS,n,2.0NRT,295.38,10.9,D
30.87678,75.48936,332.07,0.61,0.54,2026-06-26,0729,N20,VIIRS,n,2.0NRT,295.76,7.35,D
30.87535,75.48313,334.24,0.61,0.54,2026-06-26,0729,N20,VIIRS,n,2.0NRT,295.34,7.35,D
30.49223,73.84261,331.4,0.39,0.59,2026-06-26,0729,N20,VIIRS,n,2.0NRT,289.38,3.66,D
30.4884,73.8269,338.86,0.39,0.59,2026-06-26,0729,N20,VIIRS,n,2.0NRT,290.16,3.52,D
31.04435,76.1858,330.86,0.55,0.51,2026-06-26,0729,N20,VIIRS,l,2.0NRT,301.95,3.66,D
30.44491,73.55496,330.21,0.41,0.6,2026-06-26,0729,N20,VIIRS,n,2.0NRT,292.95,2.13,D
30.45027,73.55318,332.77,0.41,0.6,2026-06-26,0729,N20,VIIRS,n,2.0NRT,293.61,2.1,D
31.06096,76.08372,344.35,0.56,0.52,2026-06-26,0729,N20,VIIRS,n,2.0NRT,300.25,11.52,D
30.4452,73.55536,333.84,0.41,0.6,2026-06-26,0729,N20,VIIRS,n,2.0NRT,293.43,2.37,D
31.05902,76.08841,339.06,0.56,0.52,2026-06-26,0729,N20,VIIRS,n,2.0NRT,298.66,8.21,D
31.05771,76.0827,340.06,0.56,0.52,2026-06-26,0729,N20,VIIRS,n,2.0NRT,300.32,8.21,D
30.45057,73.5536,333.75,0.41,0.6,2026-06-26,0729,N20,VIIRS,n,2.0NRT,292.94,2.37,D
30.8997,75.31223,332.27,0.63,0.54,2026-06-26,0729,N20,VIIRS,n,2.0NRT,294.02,3.56,D
31.10081,76.14254,341.84,0.56,0.51,2026-06-26,0729,N20,VIIRS,n,2.0NRT,299.87,5.36,D
30.5137,73.62077,332.86,0.4,0.6,2026-06-26,0729,N20,VIIRS,n,2.0NRT,291.38,3.94,D
30.99328,75.4717,330.65,0.61,0.53,2026-06-26,0729,N20,VIIRS,n,2.0NRT,296.01,6.41,D
31.01912,75.45036,333.04,0.61,0.54,2026-06-26,0729,N20,VIIRS,n,2.0NRT,295.43,4.02,D
31.0239,75.44887,333.43,0.61,0.54,2026-06-26,0729,N20,VIIRS,n,2.0NRT,295.76,4.02,D
30.60897,73.68062,336.86,0.4,0.6,2026-06-26,0729,N20,VIIRS,n,2.0NRT,292.23,3.12,D
31.03493,75.57031,333.75,0.6,0.53,2026-06-26,0729,N20,VIIRS,n,2.0NRT,296.63,7.06,D
31.02182,75.44888,342.5,0.61,0.54,2026-06-26,0729,N20,VIIRS,n,2.0NRT,296.29,6.77,D
30.60987,73.67747,331.28,0.4,0.6,2026-06-26,0729,N20,VIIRS,n,2.0NRT,292.76,5.93,D
31.07241,75.57843,330.09,0.6,0.53,2026-06-26,0729,N20,VIIRS,n,2.0NRT,295.89,3.23,D
30.70662,73.99965,331.48,0.38,0.59,2026-06-26,0729,N20,VIIRS,n,2.0NRT,290.07,2,D
31.04602,75.35426,341.17,0.62,0.54,2026-06-26,0729,N20,VIIRS,n,2.0NRT,294.57,8.79,D
30.73823,74.01402,331.94,0.38,0.58,2026-06-26,0729,N20,VIIRS,n,2.0NRT,288.57,2.3,D
30.74089,73.95554,338.58,0.38,0.59,2026-06-26,0729,N20,VIIRS,n,2.0NRT,292.94,3.12,D
30.73996,73.95171,333.58,0.38,0.59,2026-06-26,0729,N20,VIIRS,n,2.0NRT,293.19,3.12,D
30.76117,73.96956,330.57,0.38,0.59,2026-06-26,0729,N20,VIIRS,n,2.0NRT,292.75,2.55,D
31.0907,75.34712,336.67,0.62,0.54,2026-06-26,0729,N20,VIIRS,n,2.0NRT,293.7,3.46,D
31.08056,75.3029,335.21,0.62,0.54,2026-06-26,0729,N20,VIIRS,n,2.0NRT,293.83,8.88,D
31.09055,75.21098,335.87,0.63,0.54,2026-06-26,0729,N20,VIIRS,n,2.0NRT,293.81,5.91,D
31.09122,75.20782,338.69,0.63,0.54,2026-06-26,0729,N20,VIIRS,n,2.0NRT,294.22,5.03,D
30.69497,73.55225,338.53,0.4,0.6,2026-06-26,0729,N20,VIIRS,n,2.0NRT,293.15,4.11,D
31.21213,75.30605,341.78,0.62,0.54,2026-06-26,0729,N20,VIIRS,n,2.0NRT,294.13,4.33,D
31.25089,75.45419,339.24,0.6,0.53,2026-06-26,0729,N20,VIIRS,n,2.0NRT,295.57,6.87,D
31.24942,75.45404,338.29,0.6,0.53,2026-06-26,0729,N20,VIIRS,n,2.0NRT,295.36,4.31,D
31.21447,75.30482,342.2,0.62,0.54,2026-06-26,0729,N20,VIIRS,n,2.0NRT,294.31,7.29,D
31.40789,75.12016,330.71,0.63,0.54,2026-06-26,0731,N20,VIIRS,n,2.0NRT,292.44,4.33,D
31.48625,75.49642,331.37,0.59,0.53,2026-06-26,0731,N20,VIIRS,n,2.0NRT,295.4,5.75,D
31.38202,75.48341,340.04,0.6,0.53,2026-06-26,0731,N20,VIIRS,n,2.0NRT,295.43,4.2,D
31.39346,75.64142,331.99,0.58,0.52,2026-06-26,0731,N20,VIIRS,n,2.0NRT,297.29,5.38,D
31.31272,75.33986,332.54,0.61,0.53,2026-06-26,0731,N20,VIIRS,n,2.0NRT,293.73,5.03,D
32.48218,74.24812,343.3,0.33,0.55,2026-06-26,0731,N20,VIIRS,n,2.0NRT,295.35,3.81,D
31.48555,75.49587,330.53,0.59,0.53,2026-06-26,0731,N20,VIIRS,n,2.0NRT,295.22,7.15,D
31.31039,75.34201,331.23,0.61,0.54,2026-06-26,0731,N20,VIIRS,n,2.0NRT,294.45,3.03,D
31.34532,75.45045,331.88,0.6,0.53,2026-06-26,0731,N20,VIIRS,n,2.0NRT,295.09,3.22,D
31.34361,75.44949,335.14,0.6,0.53,2026-06-26,0731,N20,VIIRS,n,2.0NRT,295.22,4.68,D
31.39392,75.64294,332.34,0.59,0.52,2026-06-26,0731,N20,VIIRS,n,2.0NRT,297.11,5.41,D
30.84204,75.43098,330.55,0.78,0.78,2026-06-26,0909,N20,VIIRS,n,2.0NRT,288.49,3.68,D
31.0751,75.35477,331.39,0.78,0.78,2026-06-26,0909,N20,VIIRS,n,2.0NRT,288.66,6.08,D
31.20033,75.29371,332.49,0.77,0.78,2026-06-26,0909,N20,VIIRS,n,2.0NRT,288.55,9.33,D
30.55503,75.28859,330.68,0.76,0.77,2026-06-26,0909,N20,VIIRS,n,2.0NRT,288.69,5.48,D
30.4822,73.84236,352.12,0.73,0.76,2026-06-27,0709,N20,VIIRS,n,2.0NRT,292.9,10.24,D
30.4843,73.84959,333.07,0.73,0.76,2026-06-27,0709,N20,VIIRS,n,2.0NRT,292.52,10.24,D
30.89616,75.61704,341.64,0.57,0.69,2026-06-27,0709,N20,VIIRS,n,2.0NRT,293.72,7.07,D
31.01514,77.4041,334.28,0.45,0.63,2026-06-27,0709,N20,VIIRS,n,2.0NRT,298.52,6.53,D
30.75266,76.20052,330.24,0.53,0.67,2026-06-27,0709,N20,VIIRS,n,2.0NRT,291.83,3.95,D
31.01649,77.40936,330.93,0.45,0.63,2026-06-27,0709,N20,VIIRS,n,2.0NRT,296.19,6.59,D
31.15786,75.28026,339.2,0.58,0.7,2026-06-27,0709,N20,VIIRS,n,2.0NRT,291.61,11.95,D
30.85711,74.17239,334.85,0.68,0.74,2026-06-27,0709,N20,VIIRS,n,2.0NRT,293.8,4.02,D
30.85918,74.17051,333.57,0.68,0.74,2026-06-27,0709,N20,VIIRS,n,2.0NRT,293.81,5.89,D
31.39606,75.92117,342.69,0.53,0.67,2026-06-27,0709,N20,VIIRS,n,2.0NRT,293.59,4.47,D
30.8343,73.83162,330.51,0.72,0.75,2026-06-27,0709,N20,VIIRS,n,2.0NRT,292.17,5.69,D
30.87243,74.35345,330.86,0.67,0.73,2026-06-27,0709,N20,VIIRS,n,2.0NRT,294.56,4.65,D
30.7826,74.06325,334.32,0.7,0.75,2026-06-27,0709,N20,VIIRS,n,2.0NRT,292.44,6.75,D
30.70428,73.96875,337.68,0.71,0.75,2026-06-27,0709,N20,VIIRS,n,2.0NRT,292.84,12.37,D
30.58768,73.59492,330.94,0.75,0.77,2026-06-27,0709,N20,VIIRS,n,2.0NRT,293.1,4.76,D
30.7016,73.96453,337.91,0.71,0.75,2026-06-27,0709,N20,VIIRS,n,2.0NRT,293.35,9.31,D
30.58907,73.59671,330.05,0.75,0.77,2026-06-27,0709,N20,VIIRS,n,2.0NRT,292.98,2.58,D
31.09923,76.03129,351.32,0.53,0.67,2026-06-27,0709,N20,VIIRS,n,2.0NRT,294.42,7.81,D
30.69032,73.9164,334.62,0.33,0.55,2026-06-27,0850,N20,VIIRS,n,2.0NRT,298.15,1.86,D
30.70449,73.71166,331.27,0.32,0.55,2026-06-27,0850,N20,VIIRS,n,2.0NRT,299.1,4.2,D
30.7303,73.96495,330.92,0.33,0.55,2026-06-27,0850,N20,VIIRS,n,2.0NRT,297.62,1,D
30.71962,73.71011,330.09,0.32,0.55,2026-06-27,0850,N20,VIIRS,n,2.0NRT,299.08,1.88,D
30.71934,73.70673,333.28,0.32,0.55,2026-06-27,0850,N20,VIIRS,n,2.0NRT,298.88,1.12,D
30.74881,74.00196,335.02,0.33,0.56,2026-06-27,0850,N20,VIIRS,n,2.0NRT,297.64,2.09,D
30.74678,73.91418,336.97,0.33,0.55,2026-06-27,0850,N20,VIIRS,n,2.0NRT,297.06,2.87,D
30.7465,73.91071,337.12,0.33,0.55,2026-06-27,0850,N20,VIIRS,n,2.0NRT,298.13,3.41,D
30.7445,73.88647,353.74,0.33,0.55,2026-06-27,0850,N20,VIIRS,n,2.0NRT,298.41,3.25,D
30.75937,74.00443,367,0.33,0.56,2026-06-27,0850,N20,VIIRS,h,2.0NRT,299.51,4.76,D
30.76052,74.01852,343.38,0.33,0.56,2026-06-27,0850,N20,VIIRS,n,2.0NRT,298.94,3.26,D
30.75966,74.00795,334.25,0.33,0.56,2026-06-27,0850,N20,VIIRS,n,2.0NRT,297.98,4.76,D
30.89322,75.61735,336.56,0.42,0.61,2026-06-27,0850,N20,VIIRS,n,2.0NRT,294.94,4.62,D
30.7618,74.00404,349.89,0.33,0.56,2026-06-27,0850,N20,VIIRS,n,2.0NRT,297.97,5.95,D
31.47199,75.50371,340.1,0.42,0.61,2026-06-27,0850,N20,VIIRS,n,2.0NRT,294.44,3.78,D
31.48688,75.5564,332.96,0.42,0.61,2026-06-27,0850,N20,VIIRS,n,2.0NRT,294.59,3.41,D
31.48212,75.4851,330.43,0.42,0.61,2026-06-27,0850,N20,VIIRS,n,2.0NRT,294.17,2.37,D
31.47114,75.08266,339.16,0.39,0.6,2026-06-27,0850,N20,VIIRS,n,2.0NRT,294.51,3.37,D
31.5114,75.58153,332.57,0.42,0.61,2026-06-27,0850,N20,VIIRS,n,2.0NRT,293.97,2.17,D
31.70979,73.80355,332.56,0.33,0.55,2026-06-27,0850,N20,VIIRS,n,2.0NRT,297.4,0.81,D
30.66834,74.0591,340.8,0.34,0.56,2026-06-27,0850,N20,VIIRS,n,2.0NRT,299.05,2.51,D
30.66526,74.06007,330.14,0.34,0.56,2026-06-27,0850,N20,VIIRS,n,2.0NRT,298.27,2.38,D
30.66729,73.69179,336.8,0.32,0.54,2026-06-27,0850,N20,VIIRS,n,2.0NRT,298.37,1.55,D
30.69279,73.94765,339.56,0.33,0.55,2026-06-27,0850,N20,VIIRS,n,2.0NRT,298.33,2.89,D
30.86547,76.15546,336.04,0.45,0.63,2026-06-27,0850,N20,VIIRS,n,2.0NRT,294.14,1.76,D
29.95171,77.17204,335.02,0.51,0.66,2026-06-27,0850,N20,VIIRS,n,2.0NRT,293.62,5.68,D
29.95181,77.17051,341.84,0.51,0.66,2026-06-27,0850,N20,VIIRS,n,2.0NRT,293.87,5.04,D
30.48878,73.79202,332.07,0.32,0.55,2026-06-27,0850,N20,VIIRS,n,2.0NRT,300.72,1.82,D
30.49833,73.78421,334.76,0.32,0.55,2026-06-27,0850,N20,VIIRS,n,2.0NRT,298.55,1.28,D
30.51774,73.8335,342.32,0.32,0.55,2026-06-27,0850,N20,VIIRS,n,2.0NRT,298.62,2.19,D
30.52423,73.85001,341.02,0.32,0.55,2026-06-27,0850,N20,VIIRS,n,2.0NRT,299.54,2.39,D
30.51346,73.72163,337.5,0.32,0.54,2026-06-27,0850,N20,VIIRS,n,2.0NRT,299.13,2.88,D
30.50235,73.5906,335.36,0.63,0.54,2026-06-27,0850,N20,VIIRS,n,2.0NRT,298.99,3.57,D
30.55569,73.68457,338.13,0.64,0.54,2026-06-27,0850,N20,VIIRS,n,2.0NRT,299,4.56,D
30.55533,73.61757,334.25,0.63,0.54,2026-06-27,0850,N20,VIIRS,n,2.0NRT,299.83,4.5,D
30.57977,73.85767,333.2,0.33,0.55,2026-06-27,0850,N20,VIIRS,n,2.0NRT,300.24,2.44,D
30.56034,73.61703,336.08,0.63,0.54,2026-06-27,0850,N20,VIIRS,n,2.0NRT,298.17,3.2,D
30.55709,73.57747,348.17,0.63,0.54,2026-06-27,0850,N20,VIIRS,n,2.0NRT,299.1,11.27,D
30.5648,73.6099,330.16,0.63,0.54,2026-06-27,0850,N20,VIIRS,n,2.0NRT,299.58,3.2,D
30.78773,76.30775,337.86,0.46,0.64,2026-06-27,0850,N20,VIIRS,n,2.0NRT,295.81,2.34,D
30.63119,73.98492,334.26,0.33,0.55,2026-06-27,0850,N20,VIIRS,n,2.0NRT,299.03,2.23,D
30.62326,73.82568,367,0.32,0.55,2026-06-27,0850,N20,VIIRS,h,2.0NRT,301.37,3.58,D
30.62354,73.82909,331.14,0.32,0.55,2026-06-27,0850,N20,VIIRS,n,2.0NRT,300.21,3.58,D
30.6082,73.6455,334.22,0.63,0.54,2026-06-27,0850,N20,VIIRS,n,2.0NRT,299.79,8.3,D
30.77984,75.66398,335.02,0.42,0.61,2026-06-27,0850,N20,VIIRS,n,2.0NRT,296.98,3.7,D
31.11312,75.28391,337.11,0.4,0.6,2026-06-27,0850,N20,VIIRS,n,2.0NRT,294.44,4.93,D
31.18447,75.34247,367,0.41,0.6,2026-06-27,0850,N20,VIIRS,h,2.0NRT,296.29,10.17,D
31.18792,75.31195,333.07,0.4,0.6,2026-06-27,0850,N20,VIIRS,n,2.0NRT,295.29,2.04,D
31.1886,75.34235,353.21,0.41,0.6,2026-06-27,0850,N20,VIIRS,n,2.0NRT,295.45,11.05,D
31.18832,75.33804,342.73,0.41,0.6,2026-06-27,0850,N20,VIIRS,n,2.0NRT,296.22,10.83,D
31.18664,75.31224,331,0.4,0.6,2026-06-27,0850,N20,VIIRS,n,2.0NRT,295.19,2.4,D
31.20939,75.23312,337.55,0.4,0.6,2026-06-27,0850,N20,VIIRS,n,2.0NRT,296.29,3.84,D
31.109,73.72113,331.9,0.32,0.55,2026-06-27,0850,N20,VIIRS,n,2.0NRT,296.37,2.45,D
31.25212,75.28519,333.99,0.4,0.6,2026-06-27,0850,N20,VIIRS,n,2.0NRT,294.65,3.54,D
31.14184,73.56247,330.62,0.63,0.54,2026-06-27,0850,N20,VIIRS,n,2.0NRT,298,1.63,D
31.37535,75.46218,367,0.41,0.61,2026-06-27,0850,N20,VIIRS,h,2.0NRT,295.59,10.85,D
31.4122,76.02485,333.34,0.45,0.63,2026-06-27,0850,N20,VIIRS,n,2.0NRT,295.87,3.53,D
31.37505,75.45779,331.13,0.41,0.61,2026-06-27,0850,N20,VIIRS,n,2.0NRT,295.21,10.85,D
28.12575,76.78588,333.69,0.46,0.64,2026-06-27,0850,N20,VIIRS,n,2.0NRT,294.41,2.32,D
28.61422,76.91096,367,0.48,0.64,2026-06-27,0850,N20,VIIRS,h,2.0NRT,295.88,27.96,D
28.61389,76.90601,332.25,0.48,0.64,2026-06-27,0850,N20,VIIRS,n,2.0NRT,294.32,13.45,D
30.36178,73.66016,331.2,0.63,0.54,2026-06-27,0850,N20,VIIRS,n,2.0NRT,299.12,1.89,D
30.39174,73.53792,333.06,0.62,0.54,2026-06-27,0850,N20,VIIRS,n,2.0NRT,297.46,2.81,D
30.42246,73.66047,332.24,0.63,0.54,2026-06-27,0850,N20,VIIRS,n,2.0NRT,298.81,4.7,D
30.42189,73.65385,331.07,0.63,0.54,2026-06-27,0850,N20,VIIRS,n,2.0NRT,299.29,4.7,D
30.42731,73.60007,343.84,0.63,0.54,2026-06-27,0850,N20,VIIRS,n,2.0NRT,298.46,7.58,D
30.42218,73.65894,341.86,0.63,0.54,2026-06-27,0850,N20,VIIRS,n,2.0NRT,299.2,4.98,D
30.57024,75.55162,332.14,0.41,0.61,2026-06-27,0850,N20,VIIRS,n,2.0NRT,295.56,3,D
30.42742,73.59847,341.76,0.63,0.54,2026-06-27,0850,N20,VIIRS,n,2.0NRT,298.42,5.3,D
30.611,76.00877,330.22,0.44,0.62,2026-06-27,0850,N20,VIIRS,n,2.0NRT,294.92,4.41,D
30.61677,76.0083,351.92,0.44,0.62,2026-06-27,0850,N20,VIIRS,n,2.0NRT,295.8,6.95,D
30.61648,76.00365,339.03,0.44,0.62,2026-06-27,0850,N20,VIIRS,n,2.0NRT,295.3,6.95,D
30.45889,73.67512,343.37,0.63,0.54,2026-06-27,0850,N20,VIIRS,n,2.0NRT,299.57,15.53,D
30.75341,73.69596,367,0.32,0.55,2026-06-27,0850,N20,VIIRS,h,2.0NRT,301.12,15.99,D
30.89061,75.61941,335.67,0.42,0.61,2026-06-27,0850,N20,VIIRS,n,2.0NRT,294.89,2.5,D
30.78452,74.03019,367,0.34,0.56,2026-06-27,0850,N20,VIIRS,h,2.0NRT,297.77,7.25,D
30.77804,73.94589,367,0.33,0.55,2026-06-27,0850,N20,VIIRS,h,2.0NRT,298.87,5.73,D
30.78425,74.02665,337.15,0.34,0.56,2026-06-27,0850,N20,VIIRS,n,2.0NRT,297.66,5.2,D
30.77831,73.94939,344.91,0.33,0.55,2026-06-27,0850,N20,VIIRS,n,2.0NRT,297.51,5.73,D
30.77561,73.91449,335.28,0.33,0.55,2026-06-27,0850,N20,VIIRS,n,2.0NRT,298.28,1.43,D
30.81401,74.28116,333.06,0.35,0.57,2026-06-27,0850,N20,VIIRS,n,2.0NRT,298.31,1.34,D
30.78312,73.87875,330.1,0.33,0.55,2026-06-27,0850,N20,VIIRS,n,2.0NRT,298.88,1.34,D
30.92997,75.61182,335.71,0.42,0.61,2026-06-27,0850,N20,VIIRS,n,2.0NRT,295.38,3.53,D
30.82876,74.1989,333.72,0.34,0.56,2026-06-27,0850,N20,VIIRS,n,2.0NRT,298.31,1.12,D
30.84607,74.21915,334.87,0.34,0.56,2026-06-27,0850,N20,VIIRS,n,2.0NRT,299.58,1.42,D
30.83281,74.05037,330.15,0.34,0.56,2026-06-27,0850,N20,VIIRS,n,2.0NRT,297.51,1.6,D
30.8329,73.98625,330.99,0.33,0.56,2026-06-27,0850,N20,VIIRS,n,2.0NRT,298.17,1.81,D
30.88314,74.28924,333.68,0.35,0.57,2026-06-27,0850,N20,VIIRS,n,2.0NRT,298.1,1.71,D
30.89714,74.33255,334.45,0.35,0.57,2026-06-27,0850,N20,VIIRS,n,2.0NRT,301.16,3.9,D
30.90327,74.34314,338.38,0.35,0.57,2026-06-27,0850,N20,VIIRS,n,2.0NRT,300.42,2.21,D
30.90297,74.33945,331.12,0.35,0.57,2026-06-27,0850,N20,VIIRS,n,2.0NRT,300.61,2.21,D
30.86993,73.93314,330.84,0.33,0.55,2026-06-27,0850,N20,VIIRS,n,2.0NRT,298.45,1.52,D
30.86897,73.85961,331.93,0.33,0.55,2026-06-27,0850,N20,VIIRS,n,2.0NRT,297.89,1.47,D
28.12781,76.78946,330.95,0.46,0.64,2026-06-27,0850,N20,VIIRS,n,2.0NRT,294.83,2.52,D
30.89705,74.33173,333.17,0.35,0.57,2026-06-27,0850,N20,VIIRS,n,2.0NRT,300.91,4.05,D
30.9031,74.34232,340.36,0.35,0.57,2026-06-27,0850,N20,VIIRS,n,2.0NRT,300.07,4.88,D
30.86683,73.85858,336.31,0.33,0.55,2026-06-27,0850,N20,VIIRS,n,2.0NRT,298.24,1.61,D
30.91006,74.08472,367,0.34,0.56,2026-06-27,0850,N20,VIIRS,h,2.0NRT,297.38,8.47,D
31.09029,75.27726,333.81,0.4,0.6,2026-06-27,0850,N20,VIIRS,n,2.0NRT,295.53,3.53,D
30.95166,74.6431,338.05,0.37,0.58,2026-06-27,0850,N20,VIIRS,n,2.0NRT,297.01,2.06,D
32.3746,74.38653,353.23,0.37,0.58,2026-06-27,0852,N20,VIIRS,n,2.0NRT,298.8,4.04,D
32.37135,74.38709,351.19,0.37,0.58,2026-06-27,0852,N20,VIIRS,n,2.0NRT,298.51,3.56,D
32.28317,74.35578,350.46,0.36,0.58,2026-06-27,0852,N20,VIIRS,n,2.0NRT,297.35,5.94,D
32.28468,74.35496,348.14,0.36,0.58,2026-06-27,0852,N20,VIIRS,n,2.0NRT,297.88,6.35,D
32.17708,73.50202,338.62,0.32,0.55,2026-06-27,0852,N20,VIIRS,n,2.0NRT,299.03,3.24,D
30.60067,73.77911,332.72,0.52,0.42,2026-06-28,0833,N20,VIIRS,l,2.0NRT,302.8,12.1,D
30.48557,75.75989,355.12,0.44,0.46,2026-06-28,0833,N20,VIIRS,n,2.0NRT,296.3,11.34,D
30.53967,76.12613,331.5,0.46,0.47,2026-06-28,0833,N20,VIIRS,n,2.0NRT,298.24,3.06,D
30.59162,76.15885,331.77,0.47,0.47,2026-06-28,0833,N20,VIIRS,n,2.0NRT,297.26,0.63,D
30.32661,73.6056,341.55,0.51,0.41,2026-06-28,0833,N20,VIIRS,n,2.0NRT,308.97,5.82,D
30.52827,73.68313,331.52,0.51,0.41,2026-06-28,0833,N20,VIIRS,l,2.0NRT,304.08,4.11,D
30.50857,73.51901,334.18,0.5,0.41,2026-06-28,0833,N20,VIIRS,l,2.0NRT,304.37,3.38,D
30.50794,73.51377,339.46,0.5,0.41,2026-06-28,0833,N20,VIIRS,n,2.0NRT,306.92,3.92,D
30.53015,73.66652,340.07,0.51,0.41,2026-06-28,0833,N20,VIIRS,n,2.0NRT,305.31,4.89,D
30.51233,73.51842,335.94,0.5,0.41,2026-06-28,0833,N20,VIIRS,l,2.0NRT,306.3,3.38,D
30.51169,73.51318,335.45,0.5,0.41,2026-06-28,0833,N20,VIIRS,l,2.0NRT,305.92,3.92,D
30.53393,73.66594,342.08,0.51,0.41,2026-06-28,0833,N20,VIIRS,n,2.0NRT,305.19,7.35,D
30.53062,73.57455,338.13,0.51,0.41,2026-06-28,0833,N20,VIIRS,n,2.0NRT,305.56,5.4,D
30.52998,73.56927,339.69,0.51,0.41,2026-06-28,0833,N20,VIIRS,n,2.0NRT,307.52,5.4,D
30.55561,73.74998,338.26,0.52,0.41,2026-06-28,0833,N20,VIIRS,n,2.0NRT,302.75,2.9,D
30.53042,73.57202,349.18,0.51,0.41,2026-06-28,0833,N20,VIIRS,n,2.0NRT,307.41,9.1,D
30.55442,73.7477,340.57,0.52,0.41,2026-06-28,0833,N20,VIIRS,n,2.0NRT,304.01,3.29,D
30.74803,75.39421,343.09,0.42,0.45,2026-06-28,0833,N20,VIIRS,n,2.0NRT,298.96,7.56,D
30.54995,73.54207,335.13,0.51,0.41,2026-06-28,0833,N20,VIIRS,l,2.0NRT,305.59,2.01,D
30.84079,76.24831,339.17,0.47,0.48,2026-06-28,0833,N20,VIIRS,n,2.0NRT,297.63,2.42,D
30.55372,73.54148,332.77,0.51,0.41,2026-06-28,0833,N20,VIIRS,l,2.0NRT,305.74,2.01,D
30.62772,74.11843,345.71,0.54,0.42,2026-06-28,0833,N20,VIIRS,n,2.0NRT,307.03,11.38,D
30.6125,73.98397,340.78,0.53,0.42,2026-06-28,0833,N20,VIIRS,n,2.0NRT,305.3,9.82,D
30.60004,73.77369,338.15,0.52,0.41,2026-06-28,0833,N20,VIIRS,l,2.0NRT,310,26.82,D
30.58941,73.64937,338.96,0.51,0.41,2026-06-28,0833,N20,VIIRS,n,2.0NRT,305.97,6.11,D
30.62159,73.8926,355.42,0.53,0.42,2026-06-28,0833,N20,VIIRS,n,2.0NRT,307.52,11.72,D
30.59508,73.66483,342.17,0.51,0.41,2026-06-28,0833,N20,VIIRS,n,2.0NRT,305.11,4.87,D
30.62543,73.89202,336.17,0.53,0.42,2026-06-28,0833,N20,VIIRS,n,2.0NRT,304.24,11.72,D
30.58508,73.54732,340.73,0.51,0.41,2026-06-28,0833,N20,VIIRS,n,2.0NRT,306.91,4.83,D
30.88684,76.30837,341.05,0.48,0.48,2026-06-28,0833,N20,VIIRS,n,2.0NRT,296.96,4.19,D
30.62991,73.89693,335.54,0.53,0.42,2026-06-28,0833,N20,VIIRS,n,2.0NRT,304.15,1.99,D
30.62354,73.84209,335.6,0.52,0.42,2026-06-28,0833,N20,VIIRS,l,2.0NRT,305.75,3.22,D
30.6077,73.70657,341.58,0.52,0.41,2026-06-28,0833,N20,VIIRS,n,2.0NRT,306.89,6.71,D
30.81583,74.09106,336.42,0.54,0.42,2026-06-28,0833,N20,VIIRS,n,2.0NRT,303.3,4.34,D
30.78643,73.8287,339.02,0.53,0.42,2026-06-28,0833,N20,VIIRS,n,2.0NRT,305.76,4.09,D
30.82604,74.14738,344.62,0.55,0.42,2026-06-28,0833,N20,VIIRS,n,2.0NRT,303.24,5.76,D
30.81936,73.98165,334.11,0.54,0.42,2026-06-28,0833,N20,VIIRS,n,2.0NRT,303.85,2.7,D
30.96058,75.25461,342.14,0.42,0.45,2026-06-28,0833,N20,VIIRS,n,2.0NRT,298.75,5.14,D
30.83782,74.11085,336.92,0.54,0.42,2026-06-28,0833,N20,VIIRS,n,2.0NRT,303.61,2.43,D
30.81445,73.86926,333.68,0.53,0.42,2026-06-28,0833,N20,VIIRS,l,2.0NRT,305.29,2.42,D
30.81456,73.80204,335.2,0.52,0.42,2026-06-28,0833,N20,VIIRS,n,2.0NRT,304.17,1.47,D
31.01283,75.47353,332.05,0.43,0.46,2026-06-28,0833,N20,VIIRS,n,2.0NRT,298.12,1.31,D
30.84966,73.93729,345.5,0.53,0.42,2026-06-28,0833,N20,VIIRS,n,2.0NRT,305.26,6.56,D
30.90947,74.35874,343.45,0.56,0.43,2026-06-28,0833,N20,VIIRS,n,2.0NRT,305.14,6.37,D
30.85928,73.88493,333.3,0.53,0.42,2026-06-28,0833,N20,VIIRS,l,2.0NRT,305.04,2.21,D
31.01843,75.28241,342.03,0.42,0.45,2026-06-28,0833,N20,VIIRS,n,2.0NRT,298.9,3.87,D
30.88376,73.9605,341.06,0.53,0.42,2026-06-28,0833,N20,VIIRS,n,2.0NRT,305.57,7.13,D
30.87921,73.92146,344.25,0.53,0.42,2026-06-28,0833,N20,VIIRS,n,2.0NRT,306.42,5.96,D
30.88366,73.8925,335.71,0.53,0.42,2026-06-28,0833,N20,VIIRS,l,2.0NRT,306.72,2.78,D
31.04622,75.2652,331.03,0.42,0.45,2026-06-28,0833,N20,VIIRS,n,2.0NRT,298.79,1.81,D
31.04527,75.25639,342.8,0.42,0.45,2026-06-28,0833,N20,VIIRS,n,2.0NRT,299.54,5.82,D
30.91024,73.98502,332.34,0.54,0.42,2026-06-28,0833,N20,VIIRS,l,2.0NRT,303.96,2.78,D
31.04691,75.25768,333.36,0.42,0.45,2026-06-28,0833,N20,VIIRS,n,2.0NRT,299.09,5.2,D
31.04646,75.25327,341.3,0.42,0.45,2026-06-28,0833,N20,VIIRS,n,2.0NRT,299.32,5.14,D
30.91133,73.98313,333.63,0.54,0.42,2026-06-28,0833,N20,VIIRS,l,2.0NRT,305.04,2.95,D
31.06178,75.23776,341.56,0.42,0.45,2026-06-28,0833,N20,VIIRS,n,2.0NRT,299.44,8.26,D
31.06929,75.18781,345.54,0.42,0.45,2026-06-28,0833,N20,VIIRS,n,2.0NRT,299.54,5,D
31.07571,75.20912,344.71,0.42,0.45,2026-06-28,0833,N20,VIIRS,n,2.0NRT,299.11,6.56,D
31.11686,75.31999,336.35,0.42,0.45,2026-06-28,0833,N20,VIIRS,n,2.0NRT,298.08,3.39,D
31.12105,75.31942,338.43,0.42,0.45,2026-06-28,0833,N20,VIIRS,n,2.0NRT,299.31,3.39,D
31.11686,75.27946,332.66,0.42,0.45,2026-06-28,0833,N20,VIIRS,n,2.0NRT,299.05,4.65,D
31.12799,75.26448,332.81,0.42,0.45,2026-06-28,0833,N20,VIIRS,n,2.0NRT,299.38,2.07,D
31.06589,74.65246,343.63,0.39,0.44,2026-06-28,0833,N20,VIIRS,n,2.0NRT,302.61,6.96,D
31.07698,74.60538,340.7,0.39,0.44,2026-06-28,0833,N20,VIIRS,n,2.0NRT,302.45,3.34,D
31.16912,75.3718,343.72,0.43,0.46,2026-06-28,0833,N20,VIIRS,n,2.0NRT,298.98,8.08,D
31.0882,74.63268,330.65,0.39,0.44,2026-06-28,0833,N20,VIIRS,l,2.0NRT,301.96,3.47,D
31.16545,75.37333,337.74,0.43,0.46,2026-06-28,0833,N20,VIIRS,n,2.0NRT,298.53,3.82,D
31.16965,75.37273,349.44,0.43,0.46,2026-06-28,0833,N20,VIIRS,n,2.0NRT,298.32,6.64,D
31.10162,74.67252,346.89,0.39,0.44,2026-06-28,0833,N20,VIIRS,n,2.0NRT,301.26,4.85,D
30.9931,73.68681,338.04,0.52,0.42,2026-06-28,0833,N20,VIIRS,n,2.0NRT,306.37,4.52,D
30.71422,73.96683,334.51,0.53,0.42,2026-06-28,0833,N20,VIIRS,l,2.0NRT,304.69,2.56,D
30.71807,73.96625,335.65,0.53,0.42,2026-06-28,0833,N20,VIIRS,n,2.0NRT,304.31,2.56,D
30.734,74.07211,332.39,0.54,0.42,2026-06-28,0833,N20,VIIRS,l,2.0NRT,305.21,1.36,D
30.69987,73.77309,342.62,0.52,0.42,2026-06-28,0833,N20,VIIRS,n,2.0NRT,306.58,6,D
30.8966,75.46644,330.05,0.43,0.46,2026-06-28,0833,N20,VIIRS,n,2.0NRT,296.92,2.09,D
30.75463,74.14969,331.29,0.54,0.42,2026-06-28,0833,N20,VIIRS,l,2.0NRT,303.1,1.9,D
30.73222,73.95278,340.49,0.53,0.42,2026-06-28,0833,N20,VIIRS,n,2.0NRT,304.26,3.29,D
30.91293,75.54224,340.39,0.43,0.46,2026-06-28,0833,N20,VIIRS,n,2.0NRT,295.63,3.69,D
30.73291,73.89067,335.44,0.53,0.42,2026-06-28,0833,N20,VIIRS,l,2.0NRT,307.1,2.56,D
30.75922,74.01682,338.37,0.54,0.42,2026-06-28,0833,N20,VIIRS,n,2.0NRT,303.97,5.71,D
30.7605,73.95981,331.57,0.53,0.42,2026-06-28,0833,N20,VIIRS,l,2.0NRT,303.7,0.89,D
30.78299,73.95074,341.63,0.53,0.42,2026-06-28,0833,N20,VIIRS,n,2.0NRT,307.21,6.99,D
30.94081,75.32023,341.61,0.42,0.45,2026-06-28,0833,N20,VIIRS,n,2.0NRT,297.71,6.38,D
30.94033,75.31581,339.34,0.42,0.45,2026-06-28,0833,N20,VIIRS,n,2.0NRT,298.83,6.38,D
30.81316,74.17578,338.87,0.55,0.42,2026-06-28,0833,N20,VIIRS,n,2.0NRT,303.12,3.91,D
30.83231,74.27248,344.89,0.55,0.43,2026-06-28,0833,N20,VIIRS,n,2.0NRT,305.48,8.82,D
30.81491,74.08868,340.25,0.54,0.42,2026-06-28,0833,N20,VIIRS,n,2.0NRT,304.76,6.41,D
30.78401,73.8269,338.63,0.52,0.42,2026-06-28,0833,N20,VIIRS,n,2.0NRT,304.14,3.31,D
30.82545,74.14491,339.34,0.55,0.42,2026-06-28,0833,N20,VIIRS,n,2.0NRT,303.52,5.28,D
30.81358,74.17834,330.51,0.55,0.43,2026-06-28,0833,N20,VIIRS,l,2.0NRT,302.53,2.54,D
30.81295,74.17262,333.32,0.55,0.42,2026-06-28,0833,N20,VIIRS,l,2.0NRT,303.49,2.54,D
30.94184,75.31981,341.13,0.42,0.45,2026-06-28,0833,N20,VIIRS,n,2.0NRT,297.65,5.12,D
30.94139,75.31539,339.94,0.42,0.45,2026-06-28,0833,N20,VIIRS,n,2.0NRT,298.33,5.12,D
30.83215,74.27525,342.94,0.55,0.43,2026-06-28,0833,N20,VIIRS,n,2.0NRT,306.48,5.32,D
31.17218,75.31336,335.99,0.42,0.45,2026-06-28,0833,N20,VIIRS,n,2.0NRT,299.48,3.06,D
31.10217,74.63918,332.87,0.39,0.44,2026-06-28,0833,N20,VIIRS,n,2.0NRT,302.5,1.18,D
31.17637,75.3128,337.37,0.42,0.45,2026-06-28,0833,N20,VIIRS,n,2.0NRT,298.6,3.06,D
31.17592,75.30834,330.4,0.42,0.45,2026-06-28,0833,N20,VIIRS,n,2.0NRT,298.6,2.79,D
31.18011,75.30778,341.52,0.42,0.45,2026-06-28,0833,N20,VIIRS,n,2.0NRT,299.34,3.86,D
31.11547,74.68722,336.75,0.39,0.44,2026-06-28,0833,N20,VIIRS,n,2.0NRT,300.38,1.64,D
31.00791,73.51432,335.96,0.51,0.41,2026-06-28,0833,N20,VIIRS,l,2.0NRT,308.07,2.17,D
31.0268,73.6429,340.21,0.52,0.41,2026-06-28,0833,N20,VIIRS,n,2.0NRT,307.88,5.92,D
31.24301,75.54746,331.43,0.44,0.46,2026-06-28,0833,N20,VIIRS,n,2.0NRT,298.26,3.48,D
31.11807,73.80556,339.78,0.53,0.42,2026-06-28,0833,N20,VIIRS,n,2.0NRT,304.01,5.08,D
31.16861,73.70238,342.86,0.52,0.42,2026-06-28,0833,N20,VIIRS,n,2.0NRT,305.38,10.47,D
31.16796,73.69689,339.96,0.52,0.42,2026-06-28,0833,N20,VIIRS,n,2.0NRT,306.9,10.47,D
31.66407,75.97108,344.09,0.47,0.48,2026-06-28,0833,N20,VIIRS,n,2.0NRT,297.71,4.26,D
31.63596,74.53948,334.4,0.39,0.44,2026-06-28,0833,N20,VIIRS,n,2.0NRT,300.51,2.39,D
32.01301,74.33535,336.73,0.38,0.43,2026-06-28,0833,N20,VIIRS,n,2.0NRT,300.53,1.16,D
32.06593,73.9213,340.55,0.55,0.43,2026-06-28,0833,N20,VIIRS,n,2.0NRT,301.88,4.55,D
32.39389,74.37821,342.04,0.39,0.44,2026-06-28,0833,N20,VIIRS,n,2.0NRT,303.34,5.22,D
31.44774,75.16991,339.35,0.42,0.45,2026-06-28,0833,N20,VIIRS,n,2.0NRT,298.39,2.94,D
28.58032,77.02218,330.26,0.5,0.49,2026-06-28,0833,N20,VIIRS,n,2.0NRT,298.9,3.94,D
29.62086,76.94814,333.5,0.5,0.49,2026-06-28,0833,N20,VIIRS,n,2.0NRT,301.39,3.95,D
29.61713,76.94575,330.33,0.5,0.49,2026-06-28,0833,N20,VIIRS,l,2.0NRT,301.28,2.11,D
30.38238,76.85076,335.72,0.51,0.49,2026-06-28,0833,N20,VIIRS,n,2.0NRT,299.2,3.5,D
30.41677,76.92226,333.53,0.51,0.5,2026-06-28,0833,N20,VIIRS,n,2.0NRT,297.95,7.2,D
30.41627,76.91688,344.14,0.51,0.5,2026-06-28,0833,N20,VIIRS,n,2.0NRT,301.1,7.2,D
30.31511,73.51144,343.14,0.5,0.41,2026-06-28,0833,N20,VIIRS,n,2.0NRT,306.79,5.81,D
30.3265,73.60302,341.86,0.51,0.41,2026-06-28,0833,N20,VIIRS,n,2.0NRT,307.07,7.54,D
30.31553,73.50872,339.74,0.5,0.41,2026-06-28,0833,N20,VIIRS,n,2.0NRT,307.87,4.97,D
30.33112,73.51157,332.54,0.5,0.41,2026-06-28,0833,N20,VIIRS,l,2.0NRT,306.9,2.81,D
30.58436,75.80919,342.13,0.44,0.46,2026-06-28,0833,N20,VIIRS,n,2.0NRT,297.02,5.39,D
30.34611,73.50922,334,0.5,0.41,2026-06-28,0833,N20,VIIRS,l,2.0NRT,305.01,2.32,D
30.54715,75.27696,335.46,0.41,0.45,2026-06-28,0833,N20,VIIRS,n,2.0NRT,297.74,3.45,D
30.5467,75.27263,341.49,0.41,0.45,2026-06-28,0833,N20,VIIRS,n,2.0NRT,298.61,4.63,D
30.35608,73.52892,348.5,0.5,0.41,2026-06-28,0833,N20,VIIRS,n,2.0NRT,306.91,9.44,D
30.63096,75.71387,341.47,0.44,0.46,2026-06-28,0833,N20,VIIRS,n,2.0NRT,295.68,10.38,D
30.41065,73.63292,337.59,0.51,0.41,2026-06-28,0833,N20,VIIRS,n,2.0NRT,305.46,2.86,D
30.74667,76.68995,331.64,0.5,0.49,2026-06-28,0833,N20,VIIRS,n,2.0NRT,300.72,1.82,D
30.69336,76.15255,330.18,0.47,0.47,2026-06-28,0833,N20,VIIRS,n,2.0NRT,297.89,2.88,D
30.7112,76.28522,337.39,0.48,0.48,2026-06-28,0833,N20,VIIRS,n,2.0NRT,297.14,3.86,D
30.60661,75.28199,331.98,0.42,0.45,2026-06-28,0833,N20,VIIRS,n,2.0NRT,298.53,2.24,D
30.41809,73.56728,335.09,0.51,0.41,2026-06-28,0833,N20,VIIRS,l,2.0NRT,306.14,2.83,D
30.41237,73.52011,332.92,0.5,0.41,2026-06-28,0833,N20,VIIRS,l,2.0NRT,306.38,2.7,D
30.45585,73.81673,339.43,0.52,0.42,2026-06-28,0833,N20,VIIRS,n,2.0NRT,307.12,2.42,D
30.41924,73.51373,339.01,0.5,0.41,2026-06-28,0833,N20,VIIRS,n,2.0NRT,306.95,4.2,D
30.45466,73.81503,336.67,0.52,0.42,2026-06-28,0833,N20,VIIRS,n,2.0NRT,304.92,1.89,D
30.41975,73.51158,338.87,0.5,0.41,2026-06-28,0833,N20,VIIRS,n,2.0NRT,306.21,4.27,D
30.47924,73.89438,337.79,0.53,0.42,2026-06-28,0833,N20,VIIRS,n,2.0NRT,305.74,4.26,D
30.46255,73.71509,335.14,0.51,0.41,2026-06-28,0833,N20,VIIRS,l,2.0NRT,307.27,2.24,D
30.72775,76.13587,331.51,0.47,0.47,2026-06-28,0833,N20,VIIRS,n,2.0NRT,297.53,2.68,D
30.47959,73.72883,332.19,0.52,0.41,2026-06-28,0833,N20,VIIRS,l,2.0NRT,303.64,1.37,D
30.47593,73.63158,339.88,0.51,0.41,2026-06-28,0833,N20,VIIRS,n,2.0NRT,306.06,3.75,D
30.53475,74.07178,339.61,0.54,0.42,2026-06-28,0833,N20,VIIRS,n,2.0NRT,307.8,5.12,D
30.51184,73.8394,331.14,0.52,0.42,2026-06-28,0833,N20,VIIRS,l,2.0NRT,304.6,1.91,D
30.47664,73.54005,332.46,0.5,0.41,2026-06-28,0833,N20,VIIRS,l,2.0NRT,305.58,1.47,D
30.51439,73.82794,335.19,0.52,0.42,2026-06-28,0833,N20,VIIRS,l,2.0NRT,305.68,1.27,D
30.5316,73.90869,337.04,0.53,0.42,2026-06-28,0833,N20,VIIRS,n,2.0NRT,303.92,9.75,D
30.53096,73.9032,341.99,0.53,0.42,2026-06-28,0833,N20,VIIRS,n,2.0NRT,309.32,33.37,D
30.50807,73.70805,336.71,0.51,0.41,2026-06-28,0833,N20,VIIRS,n,2.0NRT,304.67,3.13,D
30.50744,73.70269,341.46,0.51,0.41,2026-06-28,0833,N20,VIIRS,n,2.0NRT,306.27,3.13,D
30.79107,76.28289,339.09,0.48,0.48,2026-06-28,0833,N20,VIIRS,n,2.0NRT,298.74,3.44,D
30.64971,73.86596,340.83,0.53,0.42,2026-06-28,0833,N20,VIIRS,n,2.0NRT,306.56,4.14,D
30.65226,73.85442,332.51,0.52,0.42,2026-06-28,0833,N20,VIIRS,l,2.0NRT,303.81,1.99,D
30.65032,73.83801,334.39,0.52,0.42,2026-06-28,0833,N20,VIIRS,n,2.0NRT,304.18,2.13,D
30.6471,73.81072,334.29,0.52,0.42,2026-06-28,0833,N20,VIIRS,l,2.0NRT,304.48,1.85,D
30.8465,75.52167,333.92,0.43,0.46,2026-06-28,0833,N20,VIIRS,n,2.0NRT,297.16,2.74,D
30.85887,75.59837,342.81,0.44,0.46,2026-06-28,0833,N20,VIIRS,n,2.0NRT,294.72,3.63,D
30.7167,74.2034,339.8,0.55,0.42,2026-06-28,0833,N20,VIIRS,n,2.0NRT,305.99,26.85,D
30.65256,73.66138,337.55,0.51,0.41,2026-06-28,0833,N20,VIIRS,n,2.0NRT,303.71,3.54,D
30.7129,74.20242,341.39,0.55,0.43,2026-06-28,0833,N20,VIIRS,n,2.0NRT,304.65,7.79,D
30.6526,73.66492,336.12,0.51,0.41,2026-06-28,0833,N20,VIIRS,n,2.0NRT,304.43,3.2,D
30.7168,74.20183,347.62,0.55,0.43,2026-06-28,0833,N20,VIIRS,n,2.0NRT,305.25,24.88,D
30.71397,74.06938,340.52,0.54,0.42,2026-06-28,0833,N20,VIIRS,n,2.0NRT,305.42,2.14,D
30.69709,73.88493,339.06,0.53,0.42,2026-06-28,0833,N20,VIIRS,n,2.0NRT,306.08,7.45,D
30.71036,73.96741,333.81,0.53,0.42,2026-06-28,0833,N20,VIIRS,l,2.0NRT,305.58,4.24,D
32.08799,74.16645,310.5,0.38,0.36,2026-06-28,2055,N20,VIIRS,n,2.0NRT,297.26,1.35,N
29.46377,76.86543,315.43,0.47,0.39,2026-06-28,2055,N20,VIIRS,n,2.0NRT,286.18,3.22,N
29.46288,76.87016,319.27,0.47,0.39,2026-06-28,2055,N20,VIIRS,n,2.0NRT,285.22,1.95,N
29.46199,76.87489,305.47,0.47,0.4,2026-06-28,2055,N20,VIIRS,n,2.0NRT,283.53,1.95,N
29.46019,76.86457,338.2,0.47,0.39,2026-06-28,2055,N20,VIIRS,n,2.0NRT,286.15,6.95,N
29.45931,76.86929,345.62,0.47,0.39,2026-06-28,2055,N20,VIIRS,n,2.0NRT,290.26,13.04,N
29.46108,76.85985,307.46,0.47,0.39,2026-06-28,2055,N20,VIIRS,n,2.0NRT,286.42,6.95,N
29.45842,76.87403,311.97,0.47,0.4,2026-06-28,2055,N20,VIIRS,n,2.0NRT,282.41,13.04,N
29.45573,76.86843,324.45,0.47,0.39,2026-06-28,2055,N20,VIIRS,n,2.0NRT,283.93,13.04,N
29.45662,76.8637,319.66,0.47,0.39,2026-06-28,2055,N20,VIIRS,n,2.0NRT,285.35,6.95,N
29.45484,76.87316,306.64,0.47,0.4,2026-06-28,2055,N20,VIIRS,n,2.0NRT,281.35,13.04,N
29.45305,76.86284,305.39,0.47,0.39,2026-06-28,2055,N20,VIIRS,n,2.0NRT,284.96,2.46,N
29.45216,76.86756,304.7,0.47,0.39,2026-06-28,2055,N20,VIIRS,n,2.0NRT,282.91,2.03,N
28.95647,77.07579,340.5,0.43,0.38,2026-06-29,0811,N20,VIIRS,n,2.0NRT,305.29,7.81,D
29.43037,77.14738,331.75,0.44,0.38,2026-06-29,0811,N20,VIIRS,l,2.0NRT,306.08,3.05,D
29.4339,77.14679,331.92,0.44,0.38,2026-06-29,0811,N20,VIIRS,l,2.0NRT,306.41,3.62,D
29.45919,76.86914,342.38,0.43,0.38,2026-06-29,0811,N20,VIIRS,n,2.0NRT,305.16,22.37,D
29.45861,76.86472,340.09,0.43,0.38,2026-06-29,0811,N20,VIIRS,n,2.0NRT,303.92,14.26,D
29.49922,77.12321,330.36,0.44,0.38,2026-06-29,0811,N20,VIIRS,l,2.0NRT,305.12,7.79,D
29.51263,76.86903,333.83,0.43,0.38,2026-06-29,0811,N20,VIIRS,n,2.0NRT,301.74,1.31,D
29.56213,76.53423,337.66,0.42,0.38,2026-06-29,0811,N20,VIIRS,n,2.0NRT,301.48,9.81,D
29.63977,77.04036,330.23,0.44,0.38,2026-06-29,0811,N20,VIIRS,n,2.0NRT,298.97,2.78,D
29.68983,77.14781,330.15,0.44,0.39,2026-06-29,0811,N20,VIIRS,l,2.0NRT,304.05,8.41,D
29.69276,77.14266,331.31,0.44,0.39,2026-06-29,0811,N20,VIIRS,l,2.0NRT,304.62,6.91,D
29.71385,77.14049,331.4,0.44,0.39,2026-06-29,0811,N20,VIIRS,l,2.0NRT,304.43,3.47,D
29.71738,77.13989,330.89,0.44,0.39,2026-06-29,0811,N20,VIIRS,l,2.0NRT,303.88,3.47,D
29.76801,77.14068,330.15,0.44,0.39,2026-06-29,0811,N20,VIIRS,l,2.0NRT,303.48,7.66,D
29.96728,76.90126,332.9,0.44,0.38,2026-06-29,0811,N20,VIIRS,n,2.0NRT,299.19,1.41,D
29.98223,76.49218,337.7,0.42,0.38,2026-06-29,0811,N20,VIIRS,n,2.0NRT,301.18,1.95,D
31.60449,75.22424,339.95,0.4,0.37,2026-06-29,0813,N20,VIIRS,n,2.0NRT,286.18,5,D
31.84985,74.10324,334.19,0.39,0.36,2026-06-29,0813,N20,VIIRS,l,2.0NRT,305.39,2.49,D
31.86632,74.00806,342.96,0.39,0.36,2026-06-29,0813,N20,VIIRS,n,2.0NRT,303,2.73,D
31.91146,73.96941,331.19,0.39,0.36,2026-06-29,0813,N20,VIIRS,l,2.0NRT,304.39,2.46,D
32.36359,74.06447,342.57,0.39,0.36,2026-06-29,0813,N20,VIIRS,n,2.0NRT,302.08,6.61,D
32.42097,74.41264,334.52,0.39,0.36,2026-06-29,0813,N20,VIIRS,n,2.0NRT,300.33,2.35,D
30.46711,73.83335,332.43,0.38,0.36,2026-06-29,0813,N20,VIIRS,l,2.0NRT,305.45,1.25,D
30.79451,75.57784,330.46,0.4,0.37,2026-06-29,0813,N20,VIIRS,n,2.0NRT,295.16,1.96,D
30.73789,75.17032,338.4,0.4,0.37,2026-06-29,0813,N20,VIIRS,n,2.0NRT,302.6,4.96,D
30.74342,75.16082,331.09,0.4,0.37,2026-06-29,0813,N20,VIIRS,n,2.0NRT,300.72,6.52,D
30.74284,75.1567,333.53,0.4,0.37,2026-06-29,0813,N20,VIIRS,n,2.0NRT,303.14,8.23,D
30.54517,73.63347,347.84,0.38,0.36,2026-06-29,0813,N20,VIIRS,n,2.0NRT,308.9,7.6,D
30.7636,75.08528,340.34,0.39,0.37,2026-06-29,0813,N20,VIIRS,n,2.0NRT,302.95,5.79,D
30.76301,75.08118,334.91,0.39,0.37,2026-06-29,0813,N20,VIIRS,n,2.0NRT,302.3,5.79,D
30.69216,75.7028,331.52,0.41,0.37,2026-06-29,0813,N20,VIIRS,n,2.0NRT,294.84,1.99,D
30.56773,73.66982,343.83,0.38,0.36,2026-06-29,0813,N20,VIIRS,n,2.0NRT,307.76,4.87,D
30.85029,75.58045,340.72,0.4,0.37,2026-06-29,0813,N20,VIIRS,n,2.0NRT,293.52,3.92,D
30.87938,75.54055,333.73,0.4,0.37,2026-06-29,0813,N20,VIIRS,n,2.0NRT,295.03,2.38,D
30.86588,75.44416,346.79,0.4,0.37,2026-06-29,0813,N20,VIIRS,n,2.0NRT,299.31,5.13,D
30.66174,73.74962,335.03,0.38,0.36,2026-06-29,0813,N20,VIIRS,l,2.0NRT,309.49,2.29,D
30.81212,74.43473,332.64,0.39,0.36,2026-06-29,0813,N20,VIIRS,l,2.0NRT,303.15,1.41,D
30.729,73.87946,340.51,0.38,0.36,2026-06-29,0813,N20,VIIRS,n,2.0NRT,310.45,27.22,D
30.94601,75.34031,332.43,0.4,0.37,2026-06-29,0813,N20,VIIRS,n,2.0NRT,297.41,2.31,D
30.73201,73.74343,335.44,0.38,0.36,2026-06-29,0813,N20,VIIRS,l,2.0NRT,305.92,24.32,D
30.9707,75.34423,336.39,0.4,0.37,2026-06-29,0813,N20,VIIRS,n,2.0NRT,297.17,3,D
30.83769,74.40075,334.39,0.39,0.36,2026-06-29,0813,N20,VIIRS,n,2.0NRT,302.84,3.01,D
30.8371,74.39674,334.57,0.39,0.36,2026-06-29,0813,N20,VIIRS,n,2.0NRT,303.99,2.37,D
31.00307,75.51877,330.19,0.4,0.37,2026-06-29,0813,N20,VIIRS,n,2.0NRT,297.35,2.69,D
31.00346,75.47124,336.58,0.4,0.37,2026-06-29,0813,N20,VIIRS,n,2.0NRT,298.14,2.66,D
30.98192,75.2908,333.84,0.4,0.37,2026-06-29,0813,N20,VIIRS,n,2.0NRT,296.85,3.73,D
31.01811,75.47712,338.16,0.4,0.37,2026-06-29,0813,N20,VIIRS,n,2.0NRT,297.05,3.36,D
31.05009,75.45823,336.05,0.4,0.37,2026-06-29,0813,N20,VIIRS,n,2.0NRT,298.04,5.28,D
31.09393,75.45003,335.42,0.4,0.37,2026-06-29,0813,N20,VIIRS,n,2.0NRT,294.84,3.62,D
31.09334,75.44582,333.27,0.4,0.37,2026-06-29,0813,N20,VIIRS,n,2.0NRT,296.12,3.62,D
31.09241,75.30525,335.73,0.4,0.37,2026-06-29,0813,N20,VIIRS,n,2.0NRT,296.02,2.65,D
31.10934,75.32779,341.43,0.4,0.37,2026-06-29,0813,N20,VIIRS,n,2.0NRT,294.7,4.3,D
31.10908,75.27641,336.35,0.4,0.37,2026-06-29,0813,N20,VIIRS,n,2.0NRT,296.44,4.01,D
31.1158,75.27515,337.49,0.4,0.37,2026-06-29,0813,N20,VIIRS,n,2.0NRT,297.94,3.69,D
31.11522,75.27098,336.38,0.4,0.37,2026-06-29,0813,N20,VIIRS,n,2.0NRT,295.82,3.69,D
31.11916,75.27452,341.21,0.4,0.37,2026-06-29,0813,N20,VIIRS,n,2.0NRT,294.77,3.69,D
31.1196,75.25305,335.61,0.4,0.37,2026-06-29,0813,N20,VIIRS,n,2.0NRT,294.17,2.39,D
31.12763,75.28577,330.79,0.4,0.37,2026-06-29,0813,N20,VIIRS,n,2.0NRT,294.08,2.1,D
31.12704,75.28159,336.42,0.4,0.37,2026-06-29,0813,N20,VIIRS,n,2.0NRT,294.73,2.82,D
31.13508,75.31436,339.45,0.4,0.37,2026-06-29,0813,N20,VIIRS,n,2.0NRT,297.96,5.77,D
31.13099,75.28513,347.68,0.4,0.37,2026-06-29,0813,N20,VIIRS,n,2.0NRT,298.13,6.74,D
31.13844,75.31373,340.2,0.4,0.37,2026-06-29,0813,N20,VIIRS,n,2.0NRT,297.45,5.77,D
31.16578,75.48529,334.33,0.4,0.37,2026-06-29,0813,N20,VIIRS,n,2.0NRT,282.1,7.25,D
31.21476,75.3818,334.44,0.4,0.37,2026-06-29,0813,N20,VIIRS,n,2.0NRT,292.07,3.72,D
31.21498,75.30859,335.02,0.4,0.37,2026-06-29,0813,N20,VIIRS,n,2.0NRT,293.41,4,D
31.27248,75.3494,336.02,0.4,0.37,2026-06-29,0813,N20,VIIRS,n,2.0NRT,290.31,3.06,D
31.36466,75.65977,335.88,0.41,0.37,2026-06-29,0813,N20,VIIRS,n,2.0NRT,294.49,1.94,D
31.33073,75.36116,344.74,0.4,0.37,2026-06-29,0813,N20,VIIRS,n,2.0NRT,295.21,7.04,D
31.36937,75.24185,331.89,0.4,0.37,2026-06-29,0813,N20,VIIRS,n,2.0NRT,295.23,3.38,D
31.3792,75.28734,345.09,0.4,0.37,2026-06-29,0813,N20,VIIRS,n,2.0NRT,295.04,7.06,D
31.44979,75.59219,338.94,0.41,0.37,2026-06-29,0813,N20,VIIRS,n,2.0NRT,290.83,4.41,D
31.40665,75.1282,335.65,0.4,0.37,2026-06-29,0813,N20,VIIRS,n,2.0NRT,298.19,2.74,D
27.93432,77.0992,309.07,0.38,0.36,2026-06-29,2038,N20,VIIRS,n,2.0NRT,295.03,2.66,N
27.66994,76.12849,309.83,0.39,0.37,2026-06-29,2038,N20,VIIRS,n,2.0NRT,297.39,4.97,N
30.60887,73.64578,341.12,0.53,0.42,2026-06-30,0754,N20,VIIRS,n,2.0NRT,299.99,8.95,D
31.87705,73.71485,339.56,0.5,0.41,2026-06-30,0754,N20,VIIRS,n,2.0NRT,303.88,5.73,D
32.35677,74.23422,348.12,0.47,0.39,2026-06-30,0754,N20,VIIRS,l,2.0NRT,301.25,33.18,D
32.35588,74.22935,330.37,0.47,0.39,2026-06-30,0754,N20,VIIRS,l,2.0NRT,297.93,33.18,D
32.39652,74.39091,336.96,0.46,0.39,2026-06-30,0754,N20,VIIRS,l,2.0NRT,299.52,4.9,D
32.36006,74.04552,339.91,0.47,0.4,2026-06-30,0754,N20,VIIRS,n,2.0NRT,299.65,3.55,D
30.83326,73.52316,306.41,0.32,0.55,2026-06-30,2017,N20,VIIRS,n,2.0NRT,294,0.46,N
30.75483,73.96683,306.65,0.6,0.53,2026-06-30,2017,N20,VIIRS,n,2.0NRT,292.78,3.81,N
29.61416,74.47932,341.83,0.6,0.53,2026-07-01,0735,N20,VIIRS,n,2.0NRT,293.27,6.74,D
30.30961,73.57127,340.39,0.33,0.55,2026-07-01,0735,N20,VIIRS,n,2.0NRT,296.45,2.2,D
30.37789,73.63863,335.36,0.32,0.55,2026-07-01,0735,N20,VIIRS,n,2.0NRT,295.79,1.71,D
30.38984,73.5997,346.53,0.33,0.55,2026-07-01,0735,N20,VIIRS,n,2.0NRT,297.81,4.19,D
30.44763,73.80304,338.48,0.63,0.54,2026-07-01,0735,N20,VIIRS,n,2.0NRT,295.28,6.15,D
30.40644,73.58042,334.05,0.33,0.55,2026-07-01,0735,N20,VIIRS,n,2.0NRT,297.11,1.76,D
30.44323,73.67107,330.74,0.32,0.55,2026-07-01,0735,N20,VIIRS,n,2.0NRT,295.79,1.43,D
30.48109,73.722,331.65,0.32,0.55,2026-07-01,0735,N20,VIIRS,n,2.0NRT,296.11,1.25,D
30.52278,73.88218,330.74,0.63,0.54,2026-07-01,0735,N20,VIIRS,n,2.0NRT,295.5,3.53,D
30.51929,73.88191,334.49,0.62,0.54,2026-07-01,0735,N20,VIIRS,n,2.0NRT,294.85,5.97,D
30.5495,73.8115,336.05,0.63,0.54,2026-07-01,0735,N20,VIIRS,n,2.0NRT,295.12,5.5,D
30.89615,75.30843,334,0.51,0.49,2026-07-01,0735,N20,VIIRS,n,2.0NRT,288.65,5.48,D
30.52611,73.55283,332.03,0.33,0.55,2026-07-01,0735,N20,VIIRS,n,2.0NRT,297.68,2.28,D
30.6134,73.81903,342,0.63,0.54,2026-07-01,0735,N20,VIIRS,n,2.0NRT,295.26,6.48,D
30.61823,73.81752,331.83,0.63,0.54,2026-07-01,0735,N20,VIIRS,n,2.0NRT,294.96,6.48,D
30.61505,73.81803,342.96,0.63,0.54,2026-07-01,0735,N20,VIIRS,n,2.0NRT,295.21,10.4,D
30.6516,73.90807,343.21,0.62,0.54,2026-07-01,0735,N20,VIIRS,n,2.0NRT,295.36,15,D
30.65014,73.90179,334.56,0.62,0.54,2026-07-01,0735,N20,VIIRS,n,2.0NRT,294.79,10.49,D
30.62312,73.65234,332.18,0.32,0.55,2026-07-01,0735,N20,VIIRS,n,2.0NRT,296.16,2.45,D
30.64075,73.66074,330.25,0.32,0.55,2026-07-01,0735,N20,VIIRS,n,2.0NRT,294.98,1.94,D
30.78524,74.24631,330.54,0.59,0.53,2026-07-01,0735,N20,VIIRS,n,2.0NRT,290.96,4.61,D
30.64071,73.61547,336.58,0.32,0.55,2026-07-01,0735,N20,VIIRS,n,2.0NRT,295.27,2.21,D
30.72496,73.95895,344.14,0.61,0.54,2026-07-01,0735,N20,VIIRS,n,2.0NRT,294.47,7.27,D
30.7354,73.98227,333.26,0.61,0.53,2026-07-01,0735,N20,VIIRS,n,2.0NRT,294.13,3.79,D
30.78583,74.18211,339.51,0.59,0.53,2026-07-01,0735,N20,VIIRS,n,2.0NRT,293.35,11.88,D
30.7203,73.89366,334.2,0.62,0.54,2026-07-01,0735,N20,VIIRS,n,2.0NRT,294.87,4.42,D
30.66175,73.6159,335.11,0.32,0.55,2026-07-01,0735,N20,VIIRS,n,2.0NRT,295.39,1.76,D
30.76093,74.02725,331.03,0.61,0.53,2026-07-01,0735,N20,VIIRS,n,2.0NRT,293.67,4.12,D
31.26724,75.55724,338.6,0.48,0.48,2026-07-01,0735,N20,VIIRS,n,2.0NRT,291.57,4.42,D
31.39474,75.61634,339.5,0.48,0.48,2026-07-01,0735,N20,VIIRS,n,2.0NRT,290.15,4.31,D
31.49864,75.45821,341.01,0.48,0.48,2026-07-01,0735,N20,VIIRS,n,2.0NRT,292.89,6.98,D
31.16303,73.94321,332.82,0.6,0.53,2026-07-01,0735,N20,VIIRS,n,2.0NRT,291.2,2.77,D
31.08286,73.57188,330.4,0.63,0.54,2026-07-01,0735,N20,VIIRS,n,2.0NRT,295.79,4.01,D
31.49866,74.99388,339.65,0.51,0.5,2026-07-01,0735,N20,VIIRS,n,2.0NRT,291.7,5.85,D
30.35615,73.51043,303.33,0.62,0.71,2026-07-01,2000,N20,VIIRS,n,2.0NRT,290.51,0.88,N
30.39833,73.62175,330.63,0.61,0.71,2026-07-02,0716,N20,VIIRS,n,2.0NRT,289,3.89,D
30.45807,73.73992,341.63,0.6,0.71,2026-07-02,0716,N20,VIIRS,n,2.0NRT,289.69,7.05,D
30.40175,73.60677,330.35,0.61,0.71,2026-07-02,0716,N20,VIIRS,n,2.0NRT,289.48,4.77,D
30.45937,73.73908,342.43,0.6,0.71,2026-07-02,0716,N20,VIIRS,n,2.0NRT,289.74,5.74,D
30.49594,73.67285,335.74,0.61,0.71,2026-07-02,0716,N20,VIIRS,n,2.0NRT,289.84,4.77,D
30.70247,74.04727,331.51,0.57,0.69,2026-07-02,0716,N20,VIIRS,n,2.0NRT,290.66,3.39,D
30.56444,73.68931,345.59,0.4,0.6,2026-07-02,0858,N20,VIIRS,n,2.0NRT,293.36,3.62,D
30.56414,73.68512,334.36,0.4,0.6,2026-07-02,0858,N20,VIIRS,n,2.0NRT,293.88,3.62,D
30.58192,73.77682,332.75,0.4,0.6,2026-07-02,0858,N20,VIIRS,n,2.0NRT,293.46,2.62,D
30.58472,73.7383,332.31,0.4,0.6,2026-07-02,0858,N20,VIIRS,n,2.0NRT,293.12,2.72,D
30.60603,73.95627,331.98,0.41,0.61,2026-07-02,0858,N20,VIIRS,n,2.0NRT,293.23,1.94,D
30.57861,73.5051,340.47,0.39,0.59,2026-07-02,0858,N20,VIIRS,n,2.0NRT,294.05,3.27,D
30.5839,73.73853,334.85,0.4,0.6,2026-07-02,0858,N20,VIIRS,n,2.0NRT,293.22,2.43,D
30.60379,73.95686,333.68,0.41,0.61,2026-07-02,0858,N20,VIIRS,n,2.0NRT,292.63,1.81,D
30.57928,73.50488,340.69,0.39,0.59,2026-07-02,0858,N20,VIIRS,n,2.0NRT,294.26,4.07,D
30.61522,73.70609,367,0.4,0.6,2026-07-02,0858,N20,VIIRS,h,2.0NRT,294.68,8.05,D
30.61551,73.71029,335.07,0.4,0.6,2026-07-02,0858,N20,VIIRS,n,2.0NRT,293.21,8.05,D
30.62284,73.6548,331.92,0.4,0.6,2026-07-02,0858,N20,VIIRS,n,2.0NRT,293.94,2.25,D
30.66096,73.96515,337.14,0.41,0.61,2026-07-02,0858,N20,VIIRS,n,2.0NRT,293.05,3.54,D
30.70172,73.90048,333.42,0.41,0.61,2026-07-02,0858,N20,VIIRS,n,2.0NRT,294.22,3.03,D
30.7201,73.99993,367,0.42,0.61,2026-07-02,0858,N20,VIIRS,h,2.0NRT,293.89,23.79,D
30.69977,73.89794,332.92,0.41,0.61,2026-07-02,0858,N20,VIIRS,n,2.0NRT,294.46,3.81,D
30.72342,74.00134,367,0.42,0.61,2026-07-02,0858,N20,VIIRS,h,2.0NRT,293.01,16.93,D
30.72314,73.99694,351.96,0.42,0.61,2026-07-02,0858,N20,VIIRS,n,2.0NRT,293.67,16.08,D
30.7578,74.09203,344.23,0.42,0.61,2026-07-02,0858,N20,VIIRS,n,2.0NRT,293.26,5.32,D
30.74445,73.8074,337.28,0.41,0.6,2026-07-02,0858,N20,VIIRS,n,2.0NRT,294.16,3.05,D
30.7609,73.96727,332.49,0.41,0.61,2026-07-02,0858,N20,VIIRS,n,2.0NRT,293.53,2.22,D
30.88336,73.88715,340.67,0.41,0.61,2026-07-02,0858,N20,VIIRS,n,2.0NRT,293.03,3.68,D
31.00882,74.27289,335.8,0.44,0.62,2026-07-02,0858,N20,VIIRS,n,2.0NRT,292.39,2.8,D
30.32209,73.64018,336.26,0.39,0.59,2026-07-02,0858,N20,VIIRS,n,2.0NRT,294.08,1.56,D
30.33383,73.57301,331.37,0.39,0.59,2026-07-02,0858,N20,VIIRS,n,2.0NRT,294.81,1.77,D
30.36338,73.52525,334.73,0.39,0.59,2026-07-02,0858,N20,VIIRS,n,2.0NRT,294.81,2.54,D
30.36403,73.52309,330.4,0.39,0.59,2026-07-02,0858,N20,VIIRS,n,2.0NRT,294.66,2.62,D
30.39565,73.66083,332.12,0.39,0.6,2026-07-02,0858,N20,VIIRS,n,2.0NRT,294.4,2.03,D
30.40088,73.65619,336.72,0.39,0.6,2026-07-02,0858,N20,VIIRS,n,2.0NRT,294.73,2.1,D
30.46682,73.87947,353.44,0.41,0.6,2026-07-02,0858,N20,VIIRS,n,2.0NRT,294.07,7.75,D
30.47111,73.6263,332.98,0.39,0.6,2026-07-02,0858,N20,VIIRS,n,2.0NRT,293.83,2.89,D
30.51924,73.76091,342.63,0.4,0.6,2026-07-02,0858,N20,VIIRS,n,2.0NRT,294.31,3.08,D
30.51779,73.73983,332.89,0.4,0.6,2026-07-02,0858,N20,VIIRS,n,2.0NRT,293.39,1.99,D
30.52595,73.61727,335.6,0.39,0.6,2026-07-02,0858,N20,VIIRS,n,2.0NRT,293.54,1.48,D
30.56431,74.00803,331.77,0.42,0.61,2026-07-02,0858,N20,VIIRS,n,2.0NRT,292.43,1.74,D
30.55119,73.81791,352.24,0.4,0.6,2026-07-02,0858,N20,VIIRS,n,2.0NRT,294.05,6.98,D
30.42575,73.61752,341.12,0.41,0.45,2026-07-03,0837,N20,VIIRS,n,2.0NRT,300.93,3.78,D
30.3383,73.5686,332.76,0.41,0.45,2026-07-03,0837,N20,VIIRS,n,2.0NRT,301.75,2.17,D
30.5901,76.28471,330.97,0.59,0.53,2026-07-03,0837,N20,VIIRS,n,2.0NRT,290.51,5.75,D
30.34072,73.5645,330.01,0.41,0.45,2026-07-03,0837,N20,VIIRS,l,2.0NRT,300.75,1.36,D
30.33497,73.50953,342.66,0.4,0.45,2026-07-03,0837,N20,VIIRS,n,2.0NRT,300.51,4.64,D
30.36198,73.64812,331.83,0.41,0.45,2026-07-03,0837,N20,VIIRS,l,2.0NRT,302.3,2.13,D
30.34859,73.52045,344.88,0.4,0.45,2026-07-03,0837,N20,VIIRS,n,2.0NRT,300.69,8.21,D
30.35269,73.51986,330.97,0.4,0.45,2026-07-03,0837,N20,VIIRS,l,2.0NRT,301.71,3.69,D
30.40235,73.55588,355.72,0.41,0.45,2026-07-03,0837,N20,VIIRS,n,2.0NRT,301.58,9.16,D
30.47477,73.78362,331.62,0.42,0.45,2026-07-03,0837,N20,VIIRS,n,2.0NRT,299.87,2.49,D
30.51593,73.85398,340.76,0.42,0.45,2026-07-03,0837,N20,VIIRS,n,2.0NRT,299.51,4.4,D
30.52197,73.87116,338.7,0.42,0.46,2026-07-03,0837,N20,VIIRS,n,2.0NRT,298.95,1.98,D
30.53919,73.99604,331.48,0.43,0.46,2026-07-03,0837,N20,VIIRS,n,2.0NRT,297.83,2.09,D
30.53872,73.99153,334.93,0.43,0.46,2026-07-03,0837,N20,VIIRS,n,2.0NRT,298.5,1.84,D
30.54294,73.99095,332.31,0.43,0.46,2026-07-03,0837,N20,VIIRS,n,2.0NRT,296.81,1.03,D
30.51788,73.71124,334.41,0.42,0.45,2026-07-03,0837,N20,VIIRS,n,2.0NRT,300.53,2.82,D
30.5119,73.61561,341.34,0.41,0.45,2026-07-03,0837,N20,VIIRS,n,2.0NRT,298.53,3.18,D
30.59421,73.9065,344.12,0.43,0.46,2026-07-03,0837,N20,VIIRS,n,2.0NRT,300.53,10.02,D
30.57753,73.74263,332.13,0.42,0.45,2026-07-03,0837,N20,VIIRS,n,2.0NRT,299.72,3.61,D
30.62037,73.91205,341.99,0.43,0.46,2026-07-03,0837,N20,VIIRS,n,2.0NRT,299.23,4.48,D
30.59894,73.66451,330.63,0.41,0.45,2026-07-03,0837,N20,VIIRS,l,2.0NRT,300.67,2.75,D
30.62791,73.86117,336,0.43,0.46,2026-07-03,0837,N20,VIIRS,n,2.0NRT,299.12,4.29,D
30.59497,73.5082,335.78,0.41,0.45,2026-07-03,0837,N20,VIIRS,n,2.0NRT,300.7,1.97,D
30.61644,73.67091,332.67,0.42,0.45,2026-07-03,0837,N20,VIIRS,n,2.0NRT,301.08,4.68,D
30.6419,73.87284,332.58,0.43,0.46,2026-07-03,0837,N20,VIIRS,n,2.0NRT,297.44,3.75,D
30.62612,73.64317,337.35,0.41,0.45,2026-07-03,0837,N20,VIIRS,n,2.0NRT,301.8,4.07,D
30.66479,73.88788,332.52,0.43,0.46,2026-07-03,0837,N20,VIIRS,n,2.0NRT,300.38,2.37,D
30.64087,73.66314,335.44,0.42,0.45,2026-07-03,0837,N20,VIIRS,n,2.0NRT,299.84,2.06,D
30.70198,74.20261,332.02,0.45,0.47,2026-07-03,0837,N20,VIIRS,n,2.0NRT,300.09,4.3,D
30.7015,74.19794,347.14,0.45,0.47,2026-07-03,0837,N20,VIIRS,n,2.0NRT,301.44,4.3,D
29.06185,75.72273,337.35,0.52,0.5,2026-07-03,0837,N20,VIIRS,n,2.0NRT,293.34,5.96,D
29.06089,75.72017,340.14,0.52,0.5,2026-07-03,0837,N20,VIIRS,n,2.0NRT,293.44,5.21,D
30.31781,73.61024,343.83,0.41,0.45,2026-07-03,0837,N20,VIIRS,n,2.0NRT,302.97,4.76,D
30.59205,76.28645,336.8,0.59,0.53,2026-07-03,0837,N20,VIIRS,n,2.0NRT,290.77,5.44,D
30.65861,73.78954,340.2,0.42,0.45,2026-07-03,0837,N20,VIIRS,n,2.0NRT,298.36,3.2,D
30.68934,73.99886,330.07,0.43,0.46,2026-07-03,0837,N20,VIIRS,n,2.0NRT,299.83,1.96,D
30.6736,73.85048,332.83,0.43,0.46,2026-07-03,0837,N20,VIIRS,n,2.0NRT,299.25,3.43,D
30.71962,73.91866,335.64,0.43,0.46,2026-07-03,0837,N20,VIIRS,n,2.0NRT,299.43,3.23,D
30.68557,73.58818,343.51,0.41,0.45,2026-07-03,0837,N20,VIIRS,n,2.0NRT,299.09,6.82,D
30.722,73.90008,331.09,0.43,0.46,2026-07-03,0837,N20,VIIRS,n,2.0NRT,300.61,4.18,D
30.71971,73.87764,341.54,0.43,0.46,2026-07-03,0837,N20,VIIRS,n,2.0NRT,300.23,3.64,D
30.69519,73.59998,332.42,0.41,0.45,2026-07-03,0837,N20,VIIRS,n,2.0NRT,300.01,1.87,D
30.74246,74.01673,331.85,0.44,0.46,2026-07-03,0837,N20,VIIRS,n,2.0NRT,300.14,3.81,D
30.78353,74.25111,331.96,0.45,0.47,2026-07-03,0837,N20,VIIRS,n,2.0NRT,298.84,1.89,D
30.76179,73.99564,331.5,0.43,0.46,2026-07-03,0837,N20,VIIRS,n,2.0NRT,296.48,1.75,D
30.74217,73.80675,335.1,0.42,0.45,2026-07-03,0837,N20,VIIRS,n,2.0NRT,301.34,2.04,D
30.79549,74.23997,330.9,0.45,0.47,2026-07-03,0837,N20,VIIRS,n,2.0NRT,297.48,2.03,D
30.77121,74.00361,334,0.44,0.46,2026-07-03,0837,N20,VIIRS,n,2.0NRT,297.63,2.53,D
30.77074,73.99906,343.13,0.43,0.46,2026-07-03,0837,N20,VIIRS,n,2.0NRT,298.92,7.29,D
30.78397,74.04364,332.28,0.44,0.46,2026-07-03,0837,N20,VIIRS,n,2.0NRT,298.95,0.97,D
30.78108,73.9746,332.55,0.43,0.46,2026-07-03,0837,N20,VIIRS,n,2.0NRT,297.6,1.81,D
30.78748,73.87302,332.55,0.43,0.46,2026-07-03,0837,N20,VIIRS,n,2.0NRT,300.44,4.86,D
30.80899,74.03567,331.13,0.44,0.46,2026-07-03,0837,N20,VIIRS,n,2.0NRT,299.19,2.41,D
30.81276,74.03053,339.78,0.44,0.46,2026-07-03,0837,N20,VIIRS,n,2.0NRT,300,2.71,D
30.81212,74.03183,340.78,0.44,0.46,2026-07-03,0837,N20,VIIRS,n,2.0NRT,299.82,6.64,D
30.84401,73.8391,338.65,0.43,0.46,2026-07-03,0837,N20,VIIRS,n,2.0NRT,299.63,3.42,D
30.86036,73.91448,331.4,0.43,0.46,2026-07-03,0837,N20,VIIRS,n,2.0NRT,300.17,2.45,D
30.82788,73.52538,337.67,0.41,0.45,2026-07-03,0837,N20,VIIRS,n,2.0NRT,297.98,1.67,D
30.89813,74.0717,342.78,0.44,0.46,2026-07-03,0837,N20,VIIRS,n,2.0NRT,298.95,8.16,D
30.93331,74.08784,340.56,0.44,0.46,2026-07-03,0837,N20,VIIRS,n,2.0NRT,299.22,2.8,D
30.93102,74.06466,335.81,0.44,0.46,2026-07-03,0837,N20,VIIRS,n,2.0NRT,298.4,2.19,D
30.95404,73.62367,335.71,0.42,0.45,2026-07-03,0837,N20,VIIRS,n,2.0NRT,300.22,2.41,D
31.19588,75.35632,336.47,0.53,0.5,2026-07-03,0837,N20,VIIRS,n,2.0NRT,293.4,5.05,D
31.05734,73.66817,338.98,0.42,0.45,2026-07-03,0837,N20,VIIRS,n,2.0NRT,300.78,6.57,D
31.07778,73.70127,345.55,0.42,0.45,2026-07-03,0837,N20,VIIRS,n,2.0NRT,299.15,4.6,D
31.09199,73.57918,331.33,0.42,0.45,2026-07-03,0837,N20,VIIRS,n,2.0NRT,299.78,2.02,D
31.10231,73.51588,339.7,0.41,0.45,2026-07-03,0837,N20,VIIRS,n,2.0NRT,301.2,5.05,D
31.13392,73.61787,337.63,0.42,0.45,2026-07-03,0837,N20,VIIRS,n,2.0NRT,300.84,6.69,D
30.30948,73.56344,343.66,0.39,0.36,2026-07-04,0820,N20,VIIRS,n,2.0NRT,303.33,9.29,D
30.334,73.56717,333.85,0.39,0.36,2026-07-04,0820,N20,VIIRS,n,2.0NRT,301.95,2.5,D
30.36533,73.66621,333.7,0.4,0.37,2026-07-04,0820,N20,VIIRS,n,2.0NRT,303.21,2.32,D
30.429,73.96001,334.52,0.4,0.37,2026-07-04,0820,N20,VIIRS,n,2.0NRT,303.61,3.17,D
30.42648,73.89225,333.05,0.4,0.37,2026-07-04,0820,N20,VIIRS,n,2.0NRT,301.58,3.11,D
30.4025,73.57563,339.8,0.39,0.37,2026-07-04,0820,N20,VIIRS,n,2.0NRT,302.25,5.11,D
30.41399,73.63228,338.21,0.4,0.37,2026-07-04,0820,N20,VIIRS,n,2.0NRT,304.65,4.58,D
30.41224,73.62,332.89,0.4,0.37,2026-07-04,0820,N20,VIIRS,l,2.0NRT,303.11,2.99,D
30.44524,73.82923,331.77,0.4,0.37,2026-07-04,0820,N20,VIIRS,n,2.0NRT,301.13,1.4,D
30.43154,73.58693,337.94,0.39,0.37,2026-07-04,0820,N20,VIIRS,n,2.0NRT,299.36,3.8,D
30.47935,73.72962,331.85,0.4,0.37,2026-07-04,0820,N20,VIIRS,n,2.0NRT,301.74,3.11,D
30.47876,73.72551,349.89,0.4,0.37,2026-07-04,0820,N20,VIIRS,n,2.0NRT,303.36,18.59,D
30.45572,73.54039,334.54,0.39,0.36,2026-07-04,0820,N20,VIIRS,n,2.0NRT,302.74,3.85,D
30.51025,73.81385,346.87,0.4,0.37,2026-07-04,0820,N20,VIIRS,n,2.0NRT,303.17,6.47,D
30.50907,73.68274,332.95,0.4,0.37,2026-07-04,0820,N20,VIIRS,n,2.0NRT,299,1.91,D
30.54311,73.77797,338.67,0.4,0.37,2026-07-04,0820,N20,VIIRS,n,2.0NRT,301.44,2.52,D
30.5453,73.76907,334.15,0.4,0.37,2026-07-04,0820,N20,VIIRS,n,2.0NRT,303.56,3.84,D
30.53655,73.61004,330.85,0.4,0.37,2026-07-04,0820,N20,VIIRS,l,2.0NRT,301.35,4.18,D
30.59345,73.96484,337.69,0.4,0.37,2026-07-04,0820,N20,VIIRS,n,2.0NRT,301.17,3.33,D
30.55343,73.63215,345.14,0.4,0.37,2026-07-04,0820,N20,VIIRS,n,2.0NRT,300.88,4.22,D
30.60123,73.94627,337.8,0.4,0.37,2026-07-04,0820,N20,VIIRS,n,2.0NRT,301.43,5.75,D
30.64008,74.15028,341.85,0.41,0.37,2026-07-04,0820,N20,VIIRS,n,2.0NRT,304.41,9.02,D
30.58481,73.73198,339.74,0.4,0.37,2026-07-04,0820,N20,VIIRS,n,2.0NRT,304.19,6.95,D
30.61221,73.90142,348.2,0.4,0.37,2026-07-04,0820,N20,VIIRS,n,2.0NRT,302.01,5.15,D
30.61558,73.90079,338.36,0.4,0.37,2026-07-04,0820,N20,VIIRS,n,2.0NRT,300.42,5.15,D
30.58977,73.70621,334.54,0.4,0.37,2026-07-04,0820,N20,VIIRS,n,2.0NRT,299.88,3.95,D
30.64099,74.05139,340.19,0.4,0.37,2026-07-04,0820,N20,VIIRS,n,2.0NRT,302.43,5.55,D
30.64247,73.98652,338.38,0.4,0.37,2026-07-04,0820,N20,VIIRS,n,2.0NRT,301.67,4.44,D
30.65491,74.00142,333.75,0.4,0.37,2026-07-04,0820,N20,VIIRS,n,2.0NRT,300.18,2.25,D
30.66246,73.8073,345.46,0.4,0.37,2026-07-04,0820,N20,VIIRS,n,2.0NRT,301.2,4.35,D
30.62908,73.54672,346.92,0.4,0.37,2026-07-04,0820,N20,VIIRS,n,2.0NRT,303.47,4.94,D
30.75039,74.26598,341.16,0.41,0.37,2026-07-04,0820,N20,VIIRS,n,2.0NRT,300.93,4.24,D
30.69431,73.78856,337.9,0.4,0.37,2026-07-04,0820,N20,VIIRS,n,2.0NRT,300.55,4.15,D
30.72406,73.97572,337.9,0.4,0.37,2026-07-04,0820,N20,VIIRS,n,2.0NRT,302.08,5.91,D
30.72743,73.9751,337.55,0.4,0.37,2026-07-04,0820,N20,VIIRS,n,2.0NRT,303.14,5.91,D
30.72787,73.95351,338,0.4,0.37,2026-07-04,0820,N20,VIIRS,n,2.0NRT,303.56,4.36,D
30.7471,73.95895,338.3,0.4,0.37,2026-07-04,0820,N20,VIIRS,n,2.0NRT,303.06,3.62,D
30.69851,73.6098,341.84,0.4,0.37,2026-07-04,0820,N20,VIIRS,n,2.0NRT,303.35,4.85,D
30.76378,74.05511,336.33,0.41,0.37,2026-07-04,0820,N20,VIIRS,n,2.0NRT,301.48,3.79,D
30.75328,73.9535,338.13,0.4,0.37,2026-07-04,0820,N20,VIIRS,n,2.0NRT,301.67,3.29,D
30.70172,73.58383,334.36,0.4,0.37,2026-07-04,0820,N20,VIIRS,n,2.0NRT,303.45,1.29,D
30.74786,73.86436,334.12,0.4,0.37,2026-07-04,0820,N20,VIIRS,n,2.0NRT,302.25,4.6,D
30.72962,73.68443,341.26,0.4,0.37,2026-07-04,0820,N20,VIIRS,n,2.0NRT,302.67,6.56,D
30.7954,74.05795,336.2,0.41,0.37,2026-07-04,0820,N20,VIIRS,n,2.0NRT,304.34,3.93,D
30.76864,73.86477,338.91,0.4,0.37,2026-07-04,0820,N20,VIIRS,n,2.0NRT,303.68,6.69,D
30.74769,73.71502,342.63,0.4,0.37,2026-07-04,0820,N20,VIIRS,n,2.0NRT,302.8,7.48,D
30.80577,74.10809,336.51,0.41,0.37,2026-07-04,0820,N20,VIIRS,n,2.0NRT,301.84,2.88,D
30.79331,73.9676,344.58,0.4,0.37,2026-07-04,0820,N20,VIIRS,n,2.0NRT,303.85,6.13,D
30.78969,73.91663,337.2,0.4,0.37,2026-07-04,0820,N20,VIIRS,n,2.0NRT,302.02,3.73,D
30.84787,74.28825,334.01,0.41,0.37,2026-07-04,0820,N20,VIIRS,n,2.0NRT,301.7,2.48,D
30.86808,74.35948,342.41,0.41,0.37,2026-07-04,0820,N20,VIIRS,n,2.0NRT,300.11,4.95,D
30.84566,74.17042,337,0.41,0.37,2026-07-04,0820,N20,VIIRS,n,2.0NRT,303.26,7.92,D
30.84906,74.1698,351.82,0.41,0.37,2026-07-04,0820,N20,VIIRS,n,2.0NRT,305.22,7.92,D
30.84862,73.8849,333.22,0.4,0.37,2026-07-04,0820,N20,VIIRS,n,2.0NRT,298.5,2.33,D
30.85199,73.88427,337.46,0.4,0.37,2026-07-04,0820,N20,VIIRS,n,2.0NRT,302.28,5.38,D
30.87497,74.00076,334.77,0.41,0.37,2026-07-04,0820,N20,VIIRS,n,2.0NRT,301.94,3.04,D
30.91367,74.23326,337.45,0.41,0.37,2026-07-04,0820,N20,VIIRS,n,2.0NRT,302.96,3.38,D
30.88664,73.95968,344.11,0.4,0.37,2026-07-04,0820,N20,VIIRS,n,2.0NRT,304.66,7.63,D
30.99727,74.1535,346.04,0.41,0.37,2026-07-04,0820,N20,VIIRS,n,2.0NRT,302.64,7.86,D
31.07853,74.70974,330.09,0.43,0.38,2026-07-04,0820,N20,VIIRS,l,2.0NRT,302.93,3.92,D
31.03123,74.30128,332.47,0.41,0.37,2026-07-04,0820,N20,VIIRS,n,2.0NRT,302.17,3.06,D
31.03127,74.14727,338.93,0.41,0.37,2026-07-04,0820,N20,VIIRS,n,2.0NRT,303.69,8.59,D
31.01677,73.94101,332.19,0.4,0.37,2026-07-04,0820,N20,VIIRS,n,2.0NRT,300.69,1.84,D
31.02014,73.94038,336.83,0.4,0.37,2026-07-04,0820,N20,VIIRS,n,2.0NRT,301.46,1.84,D
31.05987,73.67133,342.37,0.4,0.37,2026-07-04,0820,N20,VIIRS,n,2.0NRT,304.65,5.88,D
31.10499,73.55192,338.65,0.4,0.37,2026-07-04,0820,N20,VIIRS,n,2.0NRT,302.72,7.5,D
31.14751,73.59602,337.19,0.4,0.37,2026-07-04,0820,N20,VIIRS,n,2.0NRT,305.3,7.75,D
31.80826,73.72108,330.6,0.4,0.37,2026-07-04,0820,N20,VIIRS,l,2.0NRT,300.89,1.36,D
31.80768,73.71684,331.6,0.4,0.37,2026-07-04,0820,N20,VIIRS,l,2.0NRT,302.3,3.29,D
31.88167,74.21223,334.44,0.42,0.37,2026-07-04,0820,N20,VIIRS,n,2.0NRT,298.37,2.18,D
32.43141,74.41504,334.7,0.43,0.38,2026-07-04,0820,N20,VIIRS,n,2.0NRT,301.15,3.32,D
31.32971,76.89613,307.94,0.38,0.36,2026-07-04,2044,N20,VIIRS,n,2.0NRT,289.65,1.03,N
31.24925,76.92901,303,0.38,0.36,2026-07-04,2044,N20,VIIRS,n,2.0NRT,288.68,0.53,N
30.84172,74.12788,322.91,0.42,0.38,2026-07-04,2044,N20,VIIRS,n,2.0NRT,288.52,3.48,N
28.46357,77.18252,318.99,0.39,0.36,2026-07-04,2044,N20,VIIRS,n,2.0NRT,288.11,1.03,N
27.66689,76.13042,309.94,0.38,0.36,2026-07-04,2044,N20,VIIRS,n,2.0NRT,283.82,1.9,N
30.82466,76.13155,334.08,0.39,0.36,2026-07-05,0758,N20,VIIRS,n,2.0NRT,296.89,1.6,D
30.89294,76.26231,338.89,0.39,0.36,2026-07-05,0758,N20,VIIRS,n,2.0NRT,297.38,3.45,D
30.94462,76.20167,336.27,0.39,0.36,2026-07-05,0758,N20,VIIRS,n,2.0NRT,298.48,2.52,D
30.57895,73.73579,331.08,0.44,0.39,2026-07-05,0758,N20,VIIRS,l,2.0NRT,297.41,2.63,D
30.57813,73.73122,334.5,0.44,0.39,2026-07-05,0758,N20,VIIRS,l,2.0NRT,296.01,2.08,D
31.33237,75.81205,334.81,0.39,0.36,2026-07-05,0758,N20,VIIRS,n,2.0NRT,300.79,2.45,D
31.47221,75.4748,330.53,0.39,0.36,2026-07-05,0758,N20,VIIRS,l,2.0NRT,297.35,1.74,D
30.92682,75.63877,337.66,0.4,0.44,2026-07-06,0741,N20,VIIRS,n,2.0NRT,294.95,3.19,D
30.91256,75.52628,334.64,0.4,0.44,2026-07-06,0741,N20,VIIRS,n,2.0NRT,295.91,2.21,D
30.60897,74.02367,343.68,0.49,0.49,2026-07-06,0741,N20,VIIRS,n,2.0NRT,295.98,4.01,D
30.94882,75.37264,346.68,0.41,0.45,2026-07-06,0741,N20,VIIRS,n,2.0NRT,295.95,5.99,D
30.64965,73.87495,341.86,0.5,0.49,2026-07-06,0741,N20,VIIRS,n,2.0NRT,288.47,5.5,D
30.73457,74.07496,330.25,0.49,0.48,2026-07-06,0741,N20,VIIRS,n,2.0NRT,295.93,1.45,D
30.64185,73.57821,335.36,0.52,0.5,2026-07-06,0741,N20,VIIRS,n,2.0NRT,297.2,3.03,D
30.64229,73.57648,333,0.52,0.5,2026-07-06,0741,N20,VIIRS,n,2.0NRT,297.24,2.98,D
30.81207,74.26356,342.18,0.47,0.48,2026-07-06,0741,N20,VIIRS,n,2.0NRT,295.61,4.18,D
30.79925,73.90527,330.65,0.5,0.49,2026-07-06,0741,N20,VIIRS,n,2.0NRT,294.04,1.9,D
30.87033,73.96088,337.39,0.49,0.49,2026-07-06,0741,N20,VIIRS,n,2.0NRT,295.33,3.15,D
29.45625,76.87024,334.65,0.54,0.42,2026-07-06,0741,N20,VIIRS,n,2.0NRT,294.33,5.82,D
29.45703,76.86794,336.91,0.54,0.42,2026-07-06,0741,N20,VIIRS,n,2.0NRT,294.51,3.38,D
31.09672,74.66486,334.8,0.44,0.46,2026-07-06,0741,N20,VIIRS,n,2.0NRT,294.92,2.55,D
31.021,74.12513,335.92,0.48,0.48,2026-07-06,0741,N20,VIIRS,n,2.0NRT,295,2.6,D
31.06466,74.17969,331.6,0.47,0.48,2026-07-06,0741,N20,VIIRS,n,2.0NRT,294.58,3.89,D
31.38127,75.6491,336.75,0.39,0.44,2026-07-06,0741,N20,VIIRS,n,2.0NRT,296.35,3,D
31.39467,75.65387,337.04,0.39,0.44,2026-07-06,0741,N20,VIIRS,n,2.0NRT,295.54,3.63,D
31.08472,73.50034,349.26,0.52,0.5,2026-07-06,0741,N20,VIIRS,n,2.0NRT,297.87,9.4,D
32.08485,74.16488,306.98,0.47,0.64,2026-07-06,2006,N20,VIIRS,n,2.0NRT,291.89,4.75,N
30.53637,73.53431,305.09,0.5,0.65,2026-07-06,2006,N20,VIIRS,n,2.0NRT,286.43,0.75,N
30.64247,75.19198,335.3,0.4,0.6,2026-07-07,0722,N20,VIIRS,n,2.0NRT,293.3,3.05,D
30.84489,75.59411,343.61,0.37,0.58,2026-07-07,0724,N20,VIIRS,n,2.0NRT,292.15,3.81,D
30.50836,73.82393,334.53,0.48,0.65,2026-07-07,0724,N20,VIIRS,n,2.0NRT,293.92,4.2,D
31.02118,75.56987,336.5,0.37,0.58,2026-07-07,0724,N20,VIIRS,n,2.0NRT,290.43,2.16,D
30.55018,73.67937,340.27,0.49,0.65,2026-07-07,0724,N20,VIIRS,n,2.0NRT,293.91,7.49,D
30.65721,73.99715,333.89,0.47,0.64,2026-07-07,0724,N20,VIIRS,n,2.0NRT,292.9,2.79,D
30.66287,73.99521,335.21,0.47,0.64,2026-07-07,0724,N20,VIIRS,n,2.0NRT,292.66,5.15,D
30.61681,73.6455,334.42,0.49,0.65,2026-07-07,0724,N20,VIIRS,n,2.0NRT,293.87,4.64,D
31.06417,74.61273,333.71,0.42,0.61,2026-07-07,0724,N20,VIIRS,n,2.0NRT,293.25,2.89,D
31.06319,74.61283,334.3,0.42,0.61,2026-07-07,0724,N20,VIIRS,n,2.0NRT,293,3.2,D
30.58648,73.91626,330.61,0.51,0.66,2026-07-07,0905,N20,VIIRS,n,2.0NRT,289.25,2.76,D
30.57243,73.666,331.13,0.49,0.65,2026-07-07,0905,N20,VIIRS,n,2.0NRT,292.25,1.62,D
30.76746,74.06097,330.11,0.52,0.67,2026-07-07,0905,N20,VIIRS,n,2.0NRT,289.85,3.89,D
30.80309,74.2453,330.29,0.54,0.68,2026-07-07,0905,N20,VIIRS,n,2.0NRT,289.39,2.28,D
30.44267,73.67997,347.65,0.49,0.65,2026-07-07,0905,N20,VIIRS,n,2.0NRT,293.65,6.6,D
30.44374,73.67661,339.49,0.49,0.65,2026-07-07,0905,N20,VIIRS,n,2.0NRT,293.24,5.26,D
30.55874,73.76365,333.53,0.5,0.66,2026-07-07,0905,N20,VIIRS,n,2.0NRT,291.9,3.66,D
30.48469,73.89107,330.17,0.53,0.5,2026-07-08,0843,N20,VIIRS,n,2.0NRT,295.62,1.91,D
30.50825,73.68992,330.47,0.51,0.5,2026-07-08,0843,N20,VIIRS,n,2.0NRT,296.21,2.75,D
30.53362,73.61655,334.5,0.51,0.49,2026-07-08,0843,N20,VIIRS,n,2.0NRT,296.11,2.75,D
30.56277,73.8261,335.26,0.52,0.5,2026-07-08,0843,N20,VIIRS,n,2.0NRT,295.63,4.36,D
30.63189,73.67319,342.24,0.51,0.5,2026-07-08,0843,N20,VIIRS,n,2.0NRT,296.29,7.01,D
30.63138,73.66782,341.35,0.51,0.5,2026-07-08,0843,N20,VIIRS,n,2.0NRT,296.34,8.5,D
30.6651,73.9808,337.28,0.54,0.51,2026-07-08,0843,N20,VIIRS,n,2.0NRT,294.63,7.47,D
30.72359,73.76385,330.13,0.52,0.5,2026-07-08,0843,N20,VIIRS,n,2.0NRT,294.97,3.59,D
30.9109,74.40147,340.73,0.57,0.52,2026-07-08,0843,N20,VIIRS,n,2.0NRT,295.1,9.3,D
30.9157,74.40095,355.58,0.57,0.52,2026-07-08,0843,N20,VIIRS,n,2.0NRT,295.39,9.3,D
30.91517,74.39494,333.29,0.57,0.52,2026-07-08,0843,N20,VIIRS,n,2.0NRT,295.44,9.3,D
30.37448,73.67699,308.48,0.46,0.39,2026-07-08,2108,N20,VIIRS,n,2.0NRT,281.55,1.51,N
30.67536,73.76632,335.23,0.45,0.39,2026-07-09,0826,N20,VIIRS,n,2.0NRT,301.37,3.36,D
30.92034,75.56538,332.22,0.54,0.42,2026-07-09,0826,N20,VIIRS,n,2.0NRT,297.83,1.86,D
30.74877,73.91611,335.23,0.45,0.39,2026-07-09,0826,N20,VIIRS,n,2.0NRT,301.82,1.47,D
30.75653,73.94851,341.29,0.45,0.39,2026-07-09,0826,N20,VIIRS,n,2.0NRT,302.52,5.58,D
30.74934,73.892,334.18,0.45,0.39,2026-07-09,0826,N20,VIIRS,n,2.0NRT,302.91,2.3,D
30.74148,73.77402,334.31,0.45,0.39,2026-07-09,0826,N20,VIIRS,n,2.0NRT,301.13,4.75,D
30.73073,73.69073,339.05,0.44,0.39,2026-07-09,0826,N20,VIIRS,n,2.0NRT,302.36,4.84,D
30.95551,75.26128,335.3,0.52,0.42,2026-07-09,0826,N20,VIIRS,n,2.0NRT,298.87,2.4,D
30.79467,73.96141,334.33,0.45,0.39,2026-07-09,0826,N20,VIIRS,n,2.0NRT,302.46,2.37,D
30.95466,75.2646,335.62,0.52,0.42,2026-07-09,0826,N20,VIIRS,n,2.0NRT,298.76,4.36,D
30.8089,73.82616,331.87,0.45,0.39,2026-07-09,0826,N20,VIIRS,l,2.0NRT,301.96,2.78,D
30.84926,74.1198,332.35,0.46,0.39,2026-07-09,0826,N20,VIIRS,n,2.0NRT,301.56,2.21,D
31.0406,75.40263,337.04,0.53,0.42,2026-07-09,0826,N20,VIIRS,n,2.0NRT,296.29,7.36,D
31.06181,75.4504,332.79,0.53,0.42,2026-07-09,0826,N20,VIIRS,n,2.0NRT,296.25,5.37,D
31.06116,75.44482,331.38,0.53,0.42,2026-07-09,0826,N20,VIIRS,n,2.0NRT,297.62,5.37,D
30.98986,74.5416,331.55,0.48,0.4,2026-07-09,0826,N20,VIIRS,l,2.0NRT,305.86,5.27,D
31.08356,75.31548,332.32,0.53,0.42,2026-07-09,0826,N20,VIIRS,n,2.0NRT,298.31,4.99,D
31.11551,75.28816,336.01,0.52,0.42,2026-07-09,0826,N20,VIIRS,n,2.0NRT,298.72,4.11,D
31.16845,75.27442,337.81,0.52,0.42,2026-07-09,0826,N20,VIIRS,n,2.0NRT,298.22,7.44,D
31.16579,75.21909,333.32,0.52,0.42,2026-07-09,0826,N20,VIIRS,n,2.0NRT,301.09,2.86,D
31.17044,75.27174,338.73,0.52,0.42,2026-07-09,0826,N20,VIIRS,n,2.0NRT,298.4,7.52,D
31.16489,75.22238,330.69,0.52,0.42,2026-07-09,0826,N20,VIIRS,n,2.0NRT,300.55,2.56,D
31.13155,74.79829,330.51,0.5,0.41,2026-07-09,0826,N20,VIIRS,l,2.0NRT,305.13,7.16,D
31.2152,75.08739,336.05,0.51,0.41,2026-07-09,0826,N20,VIIRS,n,2.0NRT,298.85,3.99,D
31.272,75.34055,333.66,0.53,0.42,2026-07-09,0826,N20,VIIRS,n,2.0NRT,297.88,2.35,D
31.09604,73.53516,342.1,0.44,0.38,2026-07-09,0826,N20,VIIRS,n,2.0NRT,305.94,5.72,D
31.6915,74.46874,332.42,0.49,0.4,2026-07-09,0826,N20,VIIRS,l,2.0NRT,303.15,5.74,D
30.57939,73.71938,337.08,0.44,0.39,2026-07-09,0826,N20,VIIRS,n,2.0NRT,303.07,1.99,D
30.43683,73.58921,335.99,0.44,0.38,2026-07-09,0826,N20,VIIRS,n,2.0NRT,302.09,1.8,D
30.49311,73.80405,350.33,0.44,0.39,2026-07-09,0826,N20,VIIRS,n,2.0NRT,308.27,14.96,D
30.49665,73.80345,350.58,0.44,0.39,2026-07-09,0826,N20,VIIRS,n,2.0NRT,304.51,14.96,D
30.5474,73.80429,333.66,0.45,0.39,2026-07-09,0826,N20,VIIRS,n,2.0NRT,303.22,2.98,D
30.56292,73.86808,342.45,0.45,0.39,2026-07-09,0826,N20,VIIRS,n,2.0NRT,303.94,4.3,D
30.56647,73.86748,351.67,0.45,0.39,2026-07-09,0826,N20,VIIRS,n,2.0NRT,305.14,8.22,D
30.57063,73.87154,339.02,0.45,0.39,2026-07-09,0826,N20,VIIRS,n,2.0NRT,302.55,2.95,D
30.56821,73.71658,334.65,0.44,0.39,2026-07-09,0826,N20,VIIRS,n,2.0NRT,303.19,3.58,D
30.61657,73.92666,332.08,0.45,0.39,2026-07-09,0826,N20,VIIRS,l,2.0NRT,303.52,3.22,D
30.62013,73.92607,340.11,0.45,0.39,2026-07-09,0826,N20,VIIRS,n,2.0NRT,304.49,3.22,D
30.57703,73.58883,334.9,0.44,0.38,2026-07-09,0826,N20,VIIRS,n,2.0NRT,301.18,3.14,D
30.61716,73.87397,338.74,0.45,0.39,2026-07-09,0826,N20,VIIRS,n,2.0NRT,303.51,3.59,D
30.60826,73.77575,338,0.44,0.39,2026-07-09,0826,N20,VIIRS,n,2.0NRT,303.59,1.93,D
30.67085,74.06716,340.89,0.46,0.39,2026-07-09,0826,N20,VIIRS,n,2.0NRT,303.41,2.23,D
30.61392,73.59644,338.92,0.44,0.38,2026-07-09,0826,N20,VIIRS,n,2.0NRT,303.24,3.52,D
30.66825,73.93235,331.17,0.45,0.39,2026-07-09,0826,N20,VIIRS,n,2.0NRT,301.06,2.19,D
30.66765,73.92765,349.55,0.45,0.39,2026-07-09,0826,N20,VIIRS,n,2.0NRT,304.9,8.68,D
30.63222,73.65402,343.15,0.44,0.38,2026-07-09,0826,N20,VIIRS,n,2.0NRT,303.92,7.7,D
30.63163,73.64944,339.26,0.44,0.38,2026-07-09,0826,N20,VIIRS,n,2.0NRT,305.21,4.35,D
32.29481,74.31499,307.19,0.39,0.36,2026-07-09,2049,N20,VIIRS,n,2.0NRT,295.14,0.71,N
29.87508,74.6829,307.78,0.38,0.36,2026-07-09,2049,N20,VIIRS,n,2.0NRT,292.67,1.22,N
27.66796,76.12939,310.94,0.41,0.37,2026-07-09,2049,N20,VIIRS,n,2.0NRT,291.61,1.62,N
30.68641,75.71434,345.98,0.38,0.36,2026-07-10,0807,N20,VIIRS,n,2.0NRT,299.99,6.06,D
30.91553,75.65636,345.26,0.39,0.36,2026-07-10,0807,N20,VIIRS,n,2.0NRT,303.26,4.26,D
30.91224,75.56654,343.92,0.38,0.36,2026-07-10,0807,N20,VIIRS,n,2.0NRT,301.85,4.15,D
30.90104,75.42482,334.52,0.38,0.36,2026-07-10,0807,N20,VIIRS,n,2.0NRT,299.92,1.87,D
30.9168,75.37228,336.52,0.38,0.36,2026-07-10,0807,N20,VIIRS,n,2.0NRT,298.78,2.79,D
30.92095,75.35497,344.13,0.38,0.36,2026-07-10,0807,N20,VIIRS,n,2.0NRT,302.24,9.68,D
31.01557,75.46362,335.78,0.38,0.36,2026-07-10,0807,N20,VIIRS,n,2.0NRT,299.95,1.88,D
31.04544,75.28044,332.58,0.38,0.36,2026-07-10,0807,N20,VIIRS,n,2.0NRT,298.83,1.92,D
31.13899,75.49283,342.72,0.38,0.36,2026-07-10,0807,N20,VIIRS,n,2.0NRT,300.06,4.03,D
31.13713,75.43546,335.39,0.38,0.36,2026-07-10,0807,N20,VIIRS,n,2.0NRT,299.33,2.69,D
31.15095,75.48215,334.51,0.38,0.36,2026-07-10,0807,N20,VIIRS,n,2.0NRT,299.61,1.85,D
31.15512,75.46479,332.62,0.38,0.36,2026-07-10,0807,N20,VIIRS,n,2.0NRT,298.66,1.87,D
31.20767,75.47513,336.76,0.38,0.36,2026-07-10,0807,N20,VIIRS,n,2.0NRT,300.61,2.54,D
31.23475,75.36227,338.39,0.38,0.36,2026-07-10,0807,N20,VIIRS,n,2.0NRT,298.9,2.55,D
31.53144,75.59608,331.99,0.39,0.36,2026-07-10,0807,N20,VIIRS,n,2.0NRT,301,3.49,D
30.3631,73.61934,333.94,0.43,0.46,2026-07-11,0748,N20,VIIRS,n,2.0NRT,299.49,2.67,D
30.51339,73.83715,336.66,0.41,0.45,2026-07-11,0748,N20,VIIRS,n,2.0NRT,298.59,2.44,D
30.58185,73.72875,340.01,0.32,0.55,2026-07-13,0852,N20,VIIRS,n,2.0NRT,299.67,3.84,D
31.22348,73.75552,330.16,0.33,0.55,2026-07-13,0852,N20,VIIRS,l,2.0NRT,304.17,5.24,D
31.22243,73.74161,331.53,0.33,0.55,2026-07-13,0852,N20,VIIRS,l,2.0NRT,305.9,2.32,D
31.26035,76.92735,303.15,0.52,0.5,2026-07-13,2114,N20,VIIRS,n,2.0NRT,290.39,0.71,N
31.12253,75.20639,335.27,0.42,0.45,2026-07-14,0833,N20,VIIRS,n,2.0NRT,299.5,4.6,D
29.46158,74.94218,334.73,0.39,0.44,2026-07-14,0833,N20,VIIRS,n,2.0NRT,296.93,2.75,D
31.12208,75.20198,340.77,0.42,0.45,2026-07-14,0833,N20,VIIRS,n,2.0NRT,299.55,6,D
32.34653,74.25835,331.59,0.39,0.44,2026-07-14,0833,N20,VIIRS,n,2.0NRT,298.42,2.79,D
29.46414,74.9427,309.38,0.4,0.37,2026-07-14,2055,N20,VIIRS,n,2.0NRT,295.58,0.93,N
28.41986,76.88173,313,0.49,0.4,2026-07-14,2055,N20,VIIRS,n,2.0NRT,286.37,1.74,N
28.02522,75.76341,339.42,0.39,0.37,2026-07-15,0811,N20,VIIRS,n,2.0NRT,303.28,5.56,D
30.77537,76.21571,335.57,0.42,0.38,2026-07-15,0813,N20,VIIRS,n,2.0NRT,300.8,2.26,D
30.88434,76.14273,333.51,0.42,0.38,2026-07-15,0813,N20,VIIRS,n,2.0NRT,301.18,2.61,D
30.90398,76.18416,334.31,0.42,0.38,2026-07-15,0813,N20,VIIRS,n,2.0NRT,301.51,3.85,D
30.90742,76.18354,336.96,0.42,0.38,2026-07-15,0813,N20,VIIRS,n,2.0NRT,304.4,7.42,D
30.90927,75.40314,337.06,0.4,0.37,2026-07-15,0813,N20,VIIRS,n,2.0NRT,299.55,3,D
30.95016,75.34042,341.12,0.4,0.37,2026-07-15,0813,N20,VIIRS,n,2.0NRT,299.49,3.61,D
31.06244,75.52641,341.68,0.41,0.37,2026-07-15,0813,N20,VIIRS,n,2.0NRT,300.9,3.65,D
31.09349,75.29311,336.62,0.4,0.37,2026-07-15,0813,N20,VIIRS,n,2.0NRT,299.7,2.32,D
31.14696,74.87949,330.13,0.39,0.36,2026-07-15,0813,N20,VIIRS,l,2.0NRT,304.18,3.06,D
31.1497,74.87474,330.57,0.39,0.36,2026-07-15,0813,N20,VIIRS,l,2.0NRT,304.48,3.06,D
31.24065,75.4735,333.49,0.41,0.37,2026-07-15,0813,N20,VIIRS,n,2.0NRT,300.62,2.65,D
31.45518,75.4829,339.33,0.41,0.37,2026-07-15,0813,N20,VIIRS,n,2.0NRT,302.38,3.28,D
31.44495,75.25894,351.56,0.4,0.37,2026-07-15,0813,N20,VIIRS,n,2.0NRT,301.27,5.58,D
32.29768,74.31297,307.37,0.49,0.41,2026-07-15,2038,N20,VIIRS,n,2.0NRT,293.72,1.01,N
31.32999,76.89369,305.85,0.4,0.37,2026-07-15,2038,N20,VIIRS,n,2.0NRT,292.7,0.94,N
31.25025,76.93073,305.75,0.4,0.37,2026-07-15,2038,N20,VIIRS,n,2.0NRT,292.12,0.42,N
31.03033,76.61974,313.17,0.4,0.37,2026-07-15,2038,N20,VIIRS,n,2.0NRT,295.45,4.79,N
31.02698,76.61909,332.78,0.4,0.37,2026-07-15,2038,N20,VIIRS,n,2.0NRT,296.18,4.79,N
30.88996,75.90708,309.23,0.42,0.37,2026-07-15,2038,N20,VIIRS,n,2.0NRT,294.62,0.87,N
28.85231,77.14545,307.65,0.39,0.36,2026-07-15,2038,N20,VIIRS,n,2.0NRT,293.53,2.59,N
28.77409,76.69877,315.05,0.39,0.36,2026-07-15,2038,N20,VIIRS,n,2.0NRT,293.61,2.43,N
28.7129,76.83319,311.06,0.39,0.36,2026-07-15,2038,N20,VIIRS,n,2.0NRT,293.81,2.46,N
27.66737,76.12877,313.25,0.39,0.36,2026-07-15,2038,N20,VIIRS,n,2.0NRT,293.5,1.69,N
30.91678,75.4222,335.42,0.44,0.38,2026-07-16,0754,N20,VIIRS,l,2.0NRT,299.8,4.42,D
30.71613,73.90697,331.01,0.51,0.41,2026-07-16,0754,N20,VIIRS,n,2.0NRT,299.15,2.1,D
30.72648,73.92065,330.63,0.5,0.41,2026-07-16,0754,N20,VIIRS,n,2.0NRT,299.23,3.53,D
30.73457,76.22543,339.6,0.41,0.37,2026-07-16,0754,N20,VIIRS,n,2.0NRT,299.57,4.6,D
31.44144,75.25272,339.13,0.44,0.38,2026-07-16,0756,N20,VIIRS,n,2.0NRT,300.06,6,D
31.63893,74.18701,340.57,0.48,0.4,2026-07-16,0756,N20,VIIRS,n,2.0NRT,301.87,5.54,D
31.03008,76.61686,311.08,0.42,0.46,2026-07-16,2017,N20,VIIRS,n,2.0NRT,287.62,1.75,N
29.59698,76.10793,336.85,0.48,0.48,2026-07-17,0735,N20,VIIRS,n,2.0NRT,298.46,4.9,D
30.85322,75.52117,352.16,0.49,0.49,2026-07-17,0735,N20,VIIRS,n,2.0NRT,297.46,10.45,D
30.48276,73.6396,335.66,0.32,0.55,2026-07-17,0735,N20,VIIRS,n,2.0NRT,298.67,2.77,D
30.54862,73.76581,336.14,0.63,0.54,2026-07-17,0735,N20,VIIRS,n,2.0NRT,298.44,6.96,D
30.51241,73.6095,345.55,0.32,0.55,2026-07-17,0735,N20,VIIRS,n,2.0NRT,297.82,3.7,D
30.55347,73.76433,343.63,0.63,0.54,2026-07-17,0735,N20,VIIRS,n,2.0NRT,297.83,8.22,D
30.84367,74.28722,332.36,0.58,0.52,2026-07-17,0735,N20,VIIRS,n,2.0NRT,297.76,5.76,D
31.18654,75.49041,338.02,0.49,0.48,2026-07-17,0735,N20,VIIRS,n,2.0NRT,296.52,9.52,D
31.20271,75.5015,335.51,0.48,0.48,2026-07-17,0735,N20,VIIRS,n,2.0NRT,295.45,4.05,D
31.20179,75.49908,335.12,0.48,0.48,2026-07-17,0735,N20,VIIRS,n,2.0NRT,295.56,3.72,D
31.06186,74.61108,330.72,0.55,0.51,2026-07-17,0735,N20,VIIRS,n,2.0NRT,298.6,2.73,D
31.40735,75.17533,332.72,0.5,0.49,2026-07-17,0735,N20,VIIRS,n,2.0NRT,295.73,3.22,D
31.05248,73.68521,334.6,0.58,0.7,2026-07-18,0718,N20,VIIRS,n,2.0NRT,291.61,4.34,D
31.01746,75.52035,330.64,0.46,0.63,2026-07-18,0718,N20,VIIRS,n,2.0NRT,286.44,3.27,D
31.2091,73.90051,330.72,0.56,0.69,2026-07-18,0718,N20,VIIRS,n,2.0NRT,290.87,2.72,D
30.72836,73.64423,339.54,0.6,0.7,2026-07-18,0718,N20,VIIRS,n,2.0NRT,290.67,8.51,D
30.69083,73.8678,335.7,0.41,0.61,2026-07-18,0858,N20,VIIRS,n,2.0NRT,294.18,2.25,D
30.52348,73.87144,335.22,0.41,0.61,2026-07-18,0858,N20,VIIRS,n,2.0NRT,292.59,2.41,D
30.53088,73.81457,339.93,0.41,0.6,2026-07-18,0858,N20,VIIRS,n,2.0NRT,293.13,3.53,D
30.61226,74.08923,336.88,0.42,0.61,2026-07-18,0858,N20,VIIRS,n,2.0NRT,292.62,3.23,D
30.64975,73.84513,337.99,0.41,0.61,2026-07-18,0858,N20,VIIRS,n,2.0NRT,293.95,3.47,D
30.83331,74.24023,335.05,0.43,0.62,2026-07-18,0858,N20,VIIRS,n,2.0NRT,292.02,3.55,D
30.49464,73.68091,347.49,0.4,0.37,2026-07-20,0820,N20,VIIRS,n,2.0NRT,293.17,9.32,D
30.6391,73.57013,340.23,0.4,0.37,2026-07-20,0820,N20,VIIRS,n,2.0NRT,292.77,4.28,D
28.787,76.94802,296.84,0.48,0.4,2026-07-21,2025,N20,VIIRS,n,2.0NRT,265.57,0.57,N
28.78685,76.95063,295.59,0.48,0.4,2026-07-21,2025,N20,VIIRS,n,2.0NRT,265.98,0.57,N
28.77589,76.94881,303.57,0.48,0.4,2026-07-21,2025,N20,VIIRS,n,2.0NRT,266.55,0.96,N
29.47668,76.85973,333.95,0.54,0.42,2026-07-22,0741,N20,VIIRS,n,2.0NRT,286.34,17.46,D
30.21528,73.96711,330.09,0.5,0.49,2026-07-22,0741,N20,VIIRS,n,2.0NRT,292.15,7.39,D
28.85506,77.14679,305.98,0.57,0.52,2026-07-22,2006,N20,VIIRS,n,2.0NRT,288.39,1.02,N
28.83649,77.13853,304.87,0.57,0.52,2026-07-22,2006,N20,VIIRS,n,2.0NRT,288.54,1.25,N
28.71207,76.85754,304.81,0.59,0.53,2026-07-22,2006,N20,VIIRS,n,2.0NRT,288.66,2,N
28.70888,76.85589,311.56,0.59,0.53,2026-07-22,2006,N20,VIIRS,n,2.0NRT,288.69,2.06,N
29.46059,76.89069,333.36,0.34,0.56,2026-07-23,0724,N20,VIIRS,n,2.0NRT,285.55,2.61,D
29.4589,76.89027,330.95,0.33,0.56,2026-07-23,0724,N20,VIIRS,n,2.0NRT,286.14,2.64,D
28.70736,76.85607,301.8,0.58,0.7,2026-07-23,1949,N20,VIIRS,n,2.0NRT,285.23,1.49,N
30.53592,73.95155,334.36,0.45,0.39,2026-07-25,0826,N20,VIIRS,n,2.0NRT,295.46,3.18,D
30.53473,73.95341,336.67,0.45,0.39,2026-07-25,0826,N20,VIIRS,n,2.0NRT,296.27,4.58,D
30.61783,73.86274,337.51,0.45,0.39,2026-07-25,0826,N20,VIIRS,n,2.0NRT,295.6,4.18,D
30.62138,73.86214,330.2,0.45,0.39,2026-07-25,0826,N20,VIIRS,n,2.0NRT,296.04,3.68,D
29.45673,76.86721,325.7,0.41,0.37,2026-07-25,2049,N20,VIIRS,n,2.0NRT,291.44,3.23,N
28.27837,77.27387,302.09,0.44,0.38,2026-07-25,2049,N20,VIIRS,n,2.0NRT,285.88,1.43,N
31.61533,74.37509,306.01,0.38,0.43,2026-07-26,2032,N20,VIIRS,n,2.0NRT,286.98,1.57,N
28.85186,77.14674,308.74,0.41,0.37,2026-07-26,2032,N20,VIIRS,n,2.0NRT,292.81,0.73,N
28.34674,77.23024,305.63,0.41,0.37,2026-07-26,2032,N20,VIIRS,n,2.0NRT,286.78,1.42,N
27.66968,76.12833,306.43,0.43,0.38,2026-07-26,2032,N20,VIIRS,n,2.0NRT,291.04,1.03,N
30.36536,73.85832,331.39,0.41,0.45,2026-07-27,0748,N20,VIIRS,n,2.0NRT,299.52,8.58,D
30.37027,73.86142,333.28,0.41,0.45,2026-07-27,0748,N20,VIIRS,n,2.0NRT,300.14,10.67,D
29.92113,74.95334,307.08,0.32,0.55,2026-07-27,2012,N20,VIIRS,n,2.0NRT,289.61,0.68,N
28.33815,77.22024,299.52,0.45,0.47,2026-07-27,2014,N20,VIIRS,n,2.0NRT,272.31,0.43,N
30.29681,73.75539,335.3,0.32,0.55,2026-07-29,0852,N20,VIIRS,n,2.0NRT,293.21,2.19,D
30.50728,73.73544,331.25,0.32,0.55,2026-07-29,0852,N20,VIIRS,n,2.0NRT,292.47,3.49,D
30.50701,73.73204,330.77,0.32,0.55,2026-07-29,0852,N20,VIIRS,n,2.0NRT,293.38,3.37,D
31.2573,76.92567,302.22,0.52,0.5,2026-07-29,2116,N20,VIIRS,n,2.0NRT,287.68,2.08,N
29.47598,76.86037,309.38,0.56,0.52,2026-07-29,2116,N20,VIIRS,n,2.0NRT,291.25,0.57,N
27.6689,76.13105,302.91,0.56,0.51,2026-07-29,2116,N20,VIIRS,n,2.0NRT,287.7,1.32,N
31.62904,74.42517,308.21,0.39,0.36,2026-07-30,2055,N20,VIIRS,n,2.0NRT,291.09,1.48,N
29.12565,75.78059,310.72,0.43,0.38,2026-07-30,2057,N20,VIIRS,n,2.0NRT,291.43,3.07,N
28.74361,76.9267,310.6,0.48,0.4,2026-07-30,2057,N20,VIIRS,n,2.0NRT,288.35,3.58,N
28.37387,77.225,306.22,0.51,0.41,2026-07-30,2057,N20,VIIRS,n,2.0NRT,287.43,1.35,N
28.27577,77.18374,305,0.51,0.41,2026-07-30,2057,N20,VIIRS,n,2.0NRT,287.24,1.2,N
27.66685,76.13097,308.97,0.46,0.39,2026-07-30,2057,N20,VIIRS,n,2.0NRT,290.2,1.96,N
28.85254,77.14378,304.44,0.39,0.36,2026-07-31,2038,N20,VIIRS,n,2.0NRT,287.84,1.06,N
28.7454,76.93379,311.27,0.39,0.36,2026-07-31,2038,N20,VIIRS,n,2.0NRT,290.02,2.03,N
28.34829,77.25721,302.36,0.38,0.36,2026-07-31,2038,N20,VIIRS,n,2.0NRT,283.84,0.95,N
27.66673,76.12946,313.73,0.39,0.36,2026-07-31,2038,N20,VIIRS,n,2.0NRT,292.22,1.98,N
30.3042,73.7068,332.96,0.52,0.42,2026-08-01,0756,N20,VIIRS,n,2.0NRT,293.81,6,D
30.30417,73.71015,330.75,0.52,0.42,2026-08-01,0756,N20,VIIRS,n,2.0NRT,294.29,3.46,D
29.63628,77.26997,334.98,0.41,0.45,2026-08-02,0735,N20,VIIRS,n,2.0NRT,290.38,4.27,D
29.59424,76.10698,333.3,0.48,0.48,2026-08-02,0735,N20,VIIRS,n,2.0NRT,292.87,3.14,D
29.59857,76.10577,343.58,0.48,0.48,2026-08-02,0735,N20,VIIRS,n,2.0NRT,293.19,4.28,D
29.59477,76.10917,331.84,0.48,0.48,2026-08-02,0735,N20,VIIRS,n,2.0NRT,293.61,5.64,D
29.59909,76.10796,338.67,0.48,0.48,2026-08-02,0735,N20,VIIRS,n,2.0NRT,292.8,5.9,D
29.99296,73.6627,344.36,0.33,0.55,2026-08-02,0735,N20,VIIRS,n,2.0NRT,292.8,2.99,D
30.31361,73.75098,330.67,0.32,0.54,2026-08-02,0735,N20,VIIRS,n,2.0NRT,291.22,2.25,D
28.18286,76.60889,337.22,0.48,0.48,2026-08-02,0735,N20,VIIRS,n,2.0NRT,291.61,3.39,D
28.7467,76.92795,303.75,0.37,0.58,2026-08-02,2000,N20,VIIRS,n,2.0NRT,278.53,0.6,N
29.47797,76.85978,307.2,0.66,0.73,2026-08-02,2140,N20,VIIRS,n,2.0NRT,285.81,1.34,N
32.08711,74.1654,309.14,0.41,0.37,2026-08-04,2101,N20,VIIRS,n,2.0NRT,293.94,4.17,N
32.1024,74.17788,310.92,0.41,0.37,2026-08-04,2101,N20,VIIRS,n,2.0NRT,293.8,3.46,N
32.13139,74.17872,310.76,0.41,0.37,2026-08-04,2101,N20,VIIRS,n,2.0NRT,293.94,3.12,N
30.428,73.87297,337.33,0.4,0.37,2026-08-05,0820,N20,VIIRS,n,2.0NRT,300.18,1.43,D
30.46339,73.87922,337.94,0.4,0.37,2026-08-05,0820,N20,VIIRS,n,2.0NRT,302.1,3.97,D
30.48066,73.8685,331.72,0.4,0.37,2026-08-05,0820,N20,VIIRS,n,2.0NRT,299.7,2.4,D
32.29539,74.31363,308.29,0.43,0.38,2026-08-05,2044,N20,VIIRS,n,2.0NRT,295.23,3.33,N
32.1012,74.1756,312.16,0.43,0.38,2026-08-05,2044,N20,VIIRS,n,2.0NRT,295.8,4.68,N
31.41325,76.83527,305.18,0.38,0.36,2026-08-05,2044,N20,VIIRS,n,2.0NRT,290.91,0.81,N
31.32849,76.8965,305.89,0.38,0.36,2026-08-05,2044,N20,VIIRS,n,2.0NRT,289.2,0.52,N
31.25127,76.92996,305.33,0.38,0.36,2026-08-05,2044,N20,VIIRS,n,2.0NRT,288.65,0.69,N
31.61505,74.37575,305.75,0.47,0.48,2026-08-06,2025,N20,VIIRS,n,2.0NRT,292,2.24,N
32.1334,74.1766,306.04,0.46,0.64,2026-08-07,2006,N20,VIIRS,n,2.0NRT,290.7,0.67,N
28.85252,77.14256,303.76,0.56,0.69,2026-08-08,1947,N20,VIIRS,n,2.0NRT,280.62,0.97,N
31.2613,76.92593,304.77,0.4,0.6,2026-08-08,2127,N20,VIIRS,n,2.0NRT,282.3,1.56,N
28.61605,73.78303,330.42,0.5,0.49,2026-08-09,0845,N20,VIIRS,n,2.0NRT,294.12,8.5,D
29.47654,76.86024,309.21,0.46,0.47,2026-08-09,2110,N20,VIIRS,n,2.0NRT,284.42,0.86,N
29.47427,76.85662,308.43,0.46,0.47,2026-08-09,2110,N20,VIIRS,n,2.0NRT,284.26,0.68,N
29.45921,76.86439,300.55,0.41,0.37,2026-08-10,2049,N20,VIIRS,n,2.0NRT,268.56,0.79,N
29.45847,76.86858,313.9,0.41,0.37,2026-08-10,2049,N20,VIIRS,n,2.0NRT,267.15,0.54,N
31.6313,74.4256,304.51,0.39,0.36,2026-08-10,2049,N20,VIIRS,n,2.0NRT,283.38,0.82,N
32.10374,74.17613,309.19,0.39,0.36,2026-08-10,2049,N20,VIIRS,n,2.0NRT,287.04,1.8,N
32.10145,74.17455,310.4,0.4,0.44,2026-08-11,2032,N20,VIIRS,n,2.0NRT,291.75,3,N
32.06041,74.2108,306.85,0.39,0.44,2026-08-11,2032,N20,VIIRS,n,2.0NRT,291.96,2.11,N
28.37074,77.26344,310.58,0.4,0.37,2026-08-11,2032,N20,VIIRS,n,2.0NRT,293.01,1.82,N
28.35049,77.2597,307.19,0.4,0.37,2026-08-11,2032,N20,VIIRS,n,2.0NRT,293.07,1.43,N
28.34712,77.25909,311.4,0.4,0.37,2026-08-11,2032,N20,VIIRS,n,2.0NRT,292.85,1.43,N
28.2789,77.27592,309.9,0.4,0.37,2026-08-11,2032,N20,VIIRS,n,2.0NRT,293.16,1.41,N
29.32052,74.35227,338.87,0.4,0.45,2026-08-12,0748,N20,VIIRS,n,2.0NRT,292.64,3.8,D
31.49857,75.84365,330.44,0.47,0.4,2026-08-12,0750,N20,VIIRS,l,2.0NRT,301.14,5.11,D
31.24253,73.9165,341.88,0.39,0.44,2026-08-12,0750,N20,VIIRS,n,2.0NRT,296.53,11.56,D
32.09147,74.16026,310.03,0.37,0.58,2026-08-12,2012,N20,VIIRS,n,2.0NRT,289.65,2.26,N
29.4775,76.85964,305.44,0.47,0.4,2026-08-15,2057,N20,VIIRS,n,2.0NRT,289.88,2.17,N
30.65448,74.15956,335.32,0.39,0.36,2026-08-16,0813,N20,VIIRS,n,2.0NRT,300.7,2.37,D
30.57894,74.01856,330.29,0.38,0.36,2026-08-16,0813,N20,VIIRS,l,2.0NRT,303.99,3.97,D
30.80121,75.47137,334.22,0.4,0.37,2026-08-16,0813,N20,VIIRS,n,2.0NRT,300.67,2.36,D
30.65545,74.09787,330.5,0.39,0.36,2026-08-16,0813,N20,VIIRS,l,2.0NRT,304.56,4.28,D
30.67159,74.11517,330.4,0.39,0.36,2026-08-16,0813,N20,VIIRS,l,2.0NRT,304.4,5.65,D
30.94833,74.42435,331.52,0.39,0.36,2026-08-16,0813,N20,VIIRS,l,2.0NRT,304.39,5.73,D
30.96061,74.43853,330.21,0.39,0.36,2026-08-16,0813,N20,VIIRS,l,2.0NRT,303.86,3.63,D
30.96451,74.44192,332.26,0.39,0.36,2026-08-16,0813,N20,VIIRS,l,2.0NRT,304.69,3.63,D
30.99395,74.52837,330.83,0.39,0.36,2026-08-16,0813,N20,VIIRS,l,2.0NRT,304.59,4.18,D
31.13501,74.91634,330.24,0.4,0.37,2026-08-16,0813,N20,VIIRS,l,2.0NRT,304.16,4.99,D
31.13776,74.91158,331.68,0.4,0.37,2026-08-16,0813,N20,VIIRS,l,2.0NRT,304.88,6.56,D
31.14149,74.88973,330.12,0.39,0.37,2026-08-16,0813,N20,VIIRS,l,2.0NRT,304.14,5.03,D
31.14698,74.88023,330.78,0.39,0.37,2026-08-16,0813,N20,VIIRS,l,2.0NRT,304.1,6.1,D
31.14972,74.87548,331.94,0.39,0.37,2026-08-16,0813,N20,VIIRS,l,2.0NRT,304.73,5.25,D
31.21954,73.84684,330.26,0.38,0.36,2026-08-16,0813,N20,VIIRS,l,2.0NRT,304.78,6.12,D
31.68795,75.85299,338.05,0.42,0.38,2026-08-16,0813,N20,VIIRS,n,2.0NRT,296.34,2.13,D
32.08793,74.16605,307.12,0.5,0.41,2026-08-16,2038,N20,VIIRS,n,2.0NRT,293.46,2.06,N
32.08856,74.1608,308.09,0.5,0.41,2026-08-16,2038,N20,VIIRS,n,2.0NRT,293.03,2.06,N
32.08661,74.16381,311.09,0.5,0.41,2026-08-16,2038,N20,VIIRS,n,2.0NRT,293.81,4.71,N
28.74395,76.92806,306.2,0.39,0.36,2026-08-16,2038,N20,VIIRS,n,2.0NRT,282.12,0.94,N
29.47517,76.85713,306.58,0.39,0.36,2026-08-16,2038,N20,VIIRS,n,2.0NRT,287.84,1.79,N
30.31769,74.11001,307.79,0.48,0.4,2026-08-16,2038,N20,VIIRS,n,2.0NRT,295.03,1.35,N
27.79236,75.33102,306.99,0.41,0.37,2026-08-16,2040,N20,VIIRS,n,2.0NRT,290.27,0.82,N
32.08725,74.16573,306.66,0.6,0.53,2026-08-17,2019,N20,VIIRS,n,2.0NRT,290.14,6.7,N
28.85306,77.14323,306.41,0.35,0.57,2026-08-18,2002,N20,VIIRS,n,2.0NRT,285.71,1.07,N
28.70777,76.8554,308.89,0.37,0.58,2026-08-18,2002,N20,VIIRS,n,2.0NRT,282.13,2.04,N
28.37441,77.2247,306.28,0.35,0.56,2026-08-18,2002,N20,VIIRS,n,2.0NRT,285.45,0.33,N
29.47378,76.85699,305.11,0.35,0.57,2026-08-19,2123,N20,VIIRS,n,2.0NRT,284.97,0.4,N
29.39208,74.30708,330.09,0.44,0.46,2026-08-20,0839,N20,VIIRS,l,2.0NRT,301.2,5.84,D
32.10254,74.17455,305.06,0.41,0.37,2026-08-20,2104,N20,VIIRS,n,2.0NRT,291.16,2.69,N
29.91172,74.95081,329.68,0.45,0.39,2026-08-20,2104,N20,VIIRS,n,2.0NRT,292.2,4.24,N
29.90928,74.94781,321.89,0.45,0.39,2026-08-20,2104,N20,VIIRS,n,2.0NRT,291.81,2.52,N
29.90844,74.95241,316.28,0.45,0.39,2026-08-20,2104,N20,VIIRS,n,2.0NRT,292.35,2.52,N
29.46148,76.86364,305.65,0.56,0.43,2026-08-20,2104,N20,VIIRS,n,2.0NRT,288.93,2.35,N
29.45761,76.86263,303.86,0.56,0.43,2026-08-20,2104,N20,VIIRS,n,2.0NRT,289.03,4.13,N
28.74485,76.92733,310.37,0.39,0.44,2026-08-20,2104,N20,VIIRS,n,2.0NRT,289.47,3.42,N
30.69669,73.50935,332.73,0.4,0.37,2026-08-21,0820,N20,VIIRS,n,2.0NRT,300.47,1.79,D
30.70003,73.50871,345.22,0.4,0.37,2026-08-21,0820,N20,VIIRS,n,2.0NRT,302.37,6.08,D
32.10429,74.17586,307.51,0.43,0.38,2026-08-21,2044,N20,VIIRS,n,2.0NRT,293.98,2.61,N
32.08471,74.16291,309.51,0.43,0.38,2026-08-21,2044,N20,VIIRS,n,2.0NRT,294.17,2.47,N
27.79147,75.33251,308.88,0.39,0.36,2026-08-21,2046,N20,VIIRS,n,2.0NRT,292.01,1.11,N
29.45857,76.8695,339.11,0.38,0.36,2026-08-22,0801,N20,VIIRS,n,2.0NRT,296.9,29.94,D
29.46125,76.86491,337.25,0.38,0.36,2026-08-22,0801,N20,VIIRS,n,2.0NRT,297.42,29.94,D
29.4581,76.86677,312.68,0.49,0.4,2026-08-22,2025,N20,VIIRS,n,2.0NRT,291.19,3.32,N
28.33879,77.21997,300.38,0.46,0.39,2026-08-22,2025,N20,VIIRS,n,2.0NRT,282.62,0.61,N
29.45937,76.86541,330.47,0.54,0.42,2026-08-23,0741,N20,VIIRS,n,2.0NRT,295.22,1.98,D
29.45724,76.86423,336.34,0.54,0.42,2026-08-23,0741,N20,VIIRS,n,2.0NRT,295.68,5.74,D
30.39251,73.78191,341.76,0.51,0.49,2026-08-23,0744,N20,VIIRS,n,2.0NRT,297.78,7.84,D
30.39611,73.87531,336.71,0.5,0.49,2026-08-23,0744,N20,VIIRS,n,2.0NRT,298.52,4.72,D
30.39734,73.8893,347.63,0.5,0.49,2026-08-23,0744,N20,VIIRS,n,2.0NRT,299.64,17.96,D
30.39399,73.87405,344.72,0.5,0.49,2026-08-23,0744,N20,VIIRS,n,2.0NRT,298.94,6.34,D
31.26112,76.91966,300.98,0.62,0.54,2026-08-23,2006,N20,VIIRS,n,2.0NRT,289.65,0.92,N
32.08967,74.1619,307.06,0.46,0.64,2026-08-23,2006,N20,VIIRS,n,2.0NRT,290.65,1.02,N
29.45618,76.86398,333.18,0.6,0.53,2026-08-23,2008,N20,VIIRS,n,2.0NRT,290.69,3.9,N
29.46107,76.86459,308.59,0.6,0.53,2026-08-23,2008,N20,VIIRS,n,2.0NRT,290.43,3.9,N
29.46122,76.88956,307.93,0.6,0.53,2026-08-23,2008,N20,VIIRS,n,2.0NRT,290.09,3.65,N
29.45866,76.86417,337.19,0.6,0.53,2026-08-23,2008,N20,VIIRS,n,2.0NRT,290.59,6.75,N
28.83727,77.13653,303.18,0.57,0.52,2026-08-23,2008,N20,VIIRS,n,2.0NRT,287.27,2.26,N
28.35195,77.25737,303.02,0.55,0.51,2026-08-23,2008,N20,VIIRS,n,2.0NRT,285.41,3.28,N
28.35041,77.25633,305,0.55,0.51,2026-08-23,2008,N20,VIIRS,n,2.0NRT,286.05,2.99,N
31.25682,76.92467,299.45,0.74,0.76,2026-08-23,2146,N20,VIIRS,n,2.0NRT,287.71,1.46,N
32.09037,74.16152,307.69,0.53,0.5,2026-08-24,2127,N20,VIIRS,n,2.0NRT,295.83,2.44,N
31.25751,76.92367,302.19,0.4,0.6,2026-08-24,2127,N20,VIIRS,n,2.0NRT,288.38,0.81,N
29.45627,76.8924,327.41,0.63,0.72,2026-08-25,0705,N20,VIIRS,n,2.0NRT,281.67,4.73,D
32.10382,74.17498,314.39,0.46,0.39,2026-08-25,2110,N20,VIIRS,n,2.0NRT,296.52,3.64,N
30.35612,73.65794,334.6,0.44,0.38,2026-08-26,0828,N20,VIIRS,n,2.0NRT,302.11,3.06,D
31.76711,74.16125,332.21,0.48,0.4,2026-08-26,0828,N20,VIIRS,l,2.0NRT,303.39,3.52,D
32.13151,74.1764,320.32,0.39,0.36,2026-08-26,2049,N20,VIIRS,n,2.0NRT,298.27,1.58,N
32.08615,74.16393,315.28,0.39,0.36,2026-08-26,2049,N20,VIIRS,n,2.0NRT,298.08,1.57,N
29.47616,76.85736,306.91,0.41,0.37,2026-08-26,2051,N20,VIIRS,n,2.0NRT,287.88,1.89,N
31.07058,74.00562,334.77,0.39,0.36,2026-08-27,0807,N20,VIIRS,n,2.0NRT,303.73,7.28,D
31.58428,75.88541,336.5,0.39,0.36,2026-08-27,0807,N20,VIIRS,n,2.0NRT,299.75,7.07,D
29.90619,74.94877,309.91,0.51,0.41,2026-08-27,2032,N20,VIIRS,n,2.0NRT,294.78,1.73,N
32.10194,74.17519,310.2,0.4,0.44,2026-08-27,2032,N20,VIIRS,n,2.0NRT,296.27,1.04,N
29.91374,74.95001,317.18,0.51,0.41,2026-08-27,2032,N20,VIIRS,n,2.0NRT,296.17,15.45,N
29.90996,74.94939,349.11,0.51,0.41,2026-08-27,2032,N20,VIIRS,n,2.0NRT,300.01,15.45,N
29.91061,74.94411,315.32,0.51,0.41,2026-08-27,2032,N20,VIIRS,n,2.0NRT,294.79,15.45,N
29.90931,74.95467,310.35,0.51,0.41,2026-08-27,2032,N20,VIIRS,n,2.0NRT,296.01,2.55,N
29.45695,76.86645,325,0.42,0.38,2026-08-27,2032,N20,VIIRS,n,2.0NRT,294.44,2.18,N
29.46341,76.88279,298.15,0.47,0.64,2026-08-29,1953,N20,VIIRS,n,2.0NRT,275.22,1.01,N
29.46308,76.88765,309.87,0.47,0.64,2026-08-29,1953,N20,VIIRS,n,2.0NRT,275.01,1.01,N
29.45926,76.88767,330.18,0.54,0.68,2026-08-29,2136,N20,VIIRS,n,2.0NRT,284.5,5.21,N
29.45783,76.893,315.97,0.54,0.68,2026-08-29,2136,N20,VIIRS,n,2.0NRT,283.12,5.21,N
29.45884,76.89159,331.32,0.54,0.68,2026-08-29,2136,N20,VIIRS,n,2.0NRT,283.78,4.41,N
29.46024,76.88624,304.02,0.54,0.68,2026-08-29,2136,N20,VIIRS,n,2.0NRT,284.39,4.2,N
30.49334,73.83079,367,0.33,0.55,2026-08-30,0852,N20,VIIRS,h,2.0NRT,296.72,12.23,D
31.57862,74.81806,332.74,0.39,0.59,2026-08-30,0852,N20,VIIRS,n,2.0NRT,293.89,3.13,D
29.47735,76.8579,334.37,0.56,0.52,2026-08-30,2116,N20,VIIRS,n,2.0NRT,289.34,7.34,N
28.74474,76.9258,302.82,0.59,0.53,2026-08-30,2116,N20,VIIRS,n,2.0NRT,286.68,1.53,N
31.41202,74.55347,330.68,0.39,0.44,2026-08-31,0835,N20,VIIRS,n,2.0NRT,299.58,1.49,D
31.37635,74.44994,338.11,0.39,0.44,2026-08-31,0835,N20,VIIRS,n,2.0NRT,298.85,4.08,D
31.80262,73.7253,330.04,0.54,0.42,2026-08-31,0835,N20,VIIRS,n,2.0NRT,297.09,3.75,D
31.47198,74.22855,332,0.57,0.43,2026-08-31,0835,N20,VIIRS,n,2.0NRT,300.74,3.85,D
28.34796,77.25802,308.08,0.51,0.41,2026-08-31,2057,N20,VIIRS,n,2.0NRT,290.84,2.59,N
31.60895,74.38851,309.35,0.39,0.36,2026-08-31,2057,N20,VIIRS,n,2.0NRT,295.35,0.74,N
31.64362,74.15421,310.73,0.39,0.36,2026-08-31,2057,N20,VIIRS,n,2.0NRT,295.24,0.87,N
30.25077,74.9136,308.85,0.4,0.37,2026-08-31,2057,N20,VIIRS,n,2.0NRT,296.36,1.01,N
30.18642,74.48694,311.31,0.39,0.36,2026-08-31,2057,N20,VIIRS,n,2.0NRT,294.97,2.35,N
29.46107,76.8892,307.39,0.47,0.4,2026-08-31,2057,N20,VIIRS,n,2.0NRT,292.41,3.12,N
28.37484,77.22419,310.89,0.51,0.41,2026-08-31,2057,N20,VIIRS,n,2.0NRT,291.18,2.22,N
28.3733,77.22678,310.67,0.51,0.41,2026-08-31,2057,N20,VIIRS,n,2.0NRT,291.11,2.65,N
31.12613,74.62209,336.29,0.39,0.36,2026-09-01,0813,N20,VIIRS,n,2.0NRT,298.91,8,D
30.66109,76.31641,334.5,0.43,0.38,2026-09-01,0813,N20,VIIRS,n,2.0NRT,298.08,3.62,D
31.13703,74.91448,330.19,0.4,0.37,2026-09-01,0813,N20,VIIRS,l,2.0NRT,305.04,6.71,D
31.62152,73.99264,332.44,0.39,0.36,2026-09-01,0816,N20,VIIRS,n,2.0NRT,297.98,1.96,D
32.10223,74.17729,318.25,0.49,0.41,2026-09-01,2038,N20,VIIRS,n,2.0NRT,293.85,1.77,N
32.10409,74.17372,316.46,0.49,0.41,2026-09-01,2038,N20,VIIRS,n,2.0NRT,293.24,1.86,N
27.79342,75.33019,305.85,0.41,0.37,2026-09-01,2040,N20,VIIRS,n,2.0NRT,293.56,0.88,N
29.12574,75.77645,309.75,0.41,0.37,2026-09-01,2040,N20,VIIRS,n,2.0NRT,295.3,0.88,N
30.21693,76.76219,306.64,0.4,0.45,2026-09-02,2019,N20,VIIRS,n,2.0NRT,288.61,1.37,N
29.47475,76.85314,367,0.37,0.58,2026-09-03,2002,N20,VIIRS,h,2.0NRT,288.75,8.36,N
29.47446,76.85703,309.14,0.37,0.58,2026-09-03,2002,N20,VIIRS,n,2.0NRT,288.99,5.44,N
29.47757,76.85374,367,0.37,0.58,2026-09-03,2002,N20,VIIRS,h,2.0NRT,288.83,9.46,N
28.74499,76.92669,296.37,0.36,0.58,2026-09-03,2002,N20,VIIRS,n,2.0NRT,279.34,2.1,N
29.47725,76.85763,310.55,0.37,0.58,2026-09-03,2002,N20,VIIRS,n,2.0NRT,289.14,6.79,N
29.91132,74.94312,306.14,0.49,0.65,2026-09-03,2002,N20,VIIRS,n,2.0NRT,290.62,0.8,N
29.91007,74.94244,304.52,0.49,0.65,2026-09-03,2002,N20,VIIRS,n,2.0NRT,290.73,1.02,N
29.48014,76.85374,305.02,0.37,0.58,2026-09-03,2002,N20,VIIRS,n,2.0NRT,288.34,0.73,N
28.71685,76.8332,299.98,0.37,0.58,2026-09-03,2002,N20,VIIRS,n,2.0NRT,274.6,1.13,N
29.47193,76.86103,313.99,0.66,0.73,2026-09-03,2142,N20,VIIRS,n,2.0NRT,287.4,3.16,N
29.47733,76.8575,334.66,0.66,0.73,2026-09-03,2142,N20,VIIRS,n,2.0NRT,288.13,5.4,N
29.47375,76.85448,316.52,0.66,0.73,2026-09-03,2142,N20,VIIRS,n,2.0NRT,287.5,3.16,N
29.90804,74.94972,304.42,0.5,0.66,2026-09-03,2142,N20,VIIRS,n,2.0NRT,290.39,0.96,N
29.90779,74.95393,334.59,0.48,0.64,2026-09-04,0858,N20,VIIRS,n,2.0NRT,293.52,3.63,D
31.25797,76.92616,299.97,0.32,0.55,2026-09-04,2123,N20,VIIRS,n,2.0NRT,287.19,1,N
31.25863,76.92339,299.65,0.32,0.55,2026-09-04,2123,N20,VIIRS,n,2.0NRT,286.47,0.74,N
