latitude,longitude,brightness,scan,track,acq_date,acq_time,satellite,instrument,confidence,version,bright_t31,frp,daynight
31.44296,75.79656,314.15,1.9,1.35,2026-05-01,0434,Terra,MODIS,66,6.1NRT,299.91,12.17,D
31.27942,76.09669,318.76,2,1.38,2026-05-01,0434,Terra,MODIS,77,6.1NRT,300.54,21.9,D
31.60318,75.55714,323.01,1.81,1.32,2026-05-01,0434,Terra,MODIS,75,6.1NRT,303.39,19.86,D
31.16759,75.87356,317.44,1.95,1.36,2026-05-01,0434,Terra,MODIS,75,6.1NRT,301.36,13.58,D
30.41906,76.20271,316.58,2.13,1.42,2026-05-01,0434,Terra,MODIS,66,6.1NRT,300.49,17.3,D
30.69317,74.39732,324.37,1.59,1.24,2026-05-01,0434,Terra,MODIS,73,6.1NRT,306.82,15.14,D
30.68836,74.40695,338.03,1.6,1.24,2026-05-01,0434,Terra,MODIS,87,6.1NRT,307.61,50.7,D
30.26853,75.95432,320.32,2.07,1.4,2026-05-01,0434,Terra,MODIS,73,6.1NRT,302.27,20.1,D
30.2275,75.68514,318.79,1.98,1.37,2026-05-01,0434,Terra,MODIS,69,6.1NRT,302.82,15.25,D
30.12456,75.44363,320.65,1.92,1.35,2026-05-01,0434,Terra,MODIS,70,6.1NRT,303.11,16.58,D
29.8653,75.97705,320.41,2.12,1.41,2026-05-01,0434,Terra,MODIS,71,6.1NRT,302.97,17.66,D
29.82965,75.62083,322.26,2,1.38,2026-05-01,0434,Terra,MODIS,72,6.1NRT,303.08,21.93,D
29.814,75.70043,327.99,2.03,1.39,2026-05-01,0434,Terra,MODIS,79,6.1NRT,303.52,40.82,D
29.81035,75.69279,322.87,2.03,1.39,2026-05-01,0434,Terra,MODIS,73,6.1NRT,303.09,24.13,D
29.80653,75.71288,322.03,2.04,1.39,2026-05-01,0434,Terra,MODIS,72,6.1NRT,303.03,22.43,D
29.71935,75.35636,320.56,1.93,1.36,2026-05-01,0434,Terra,MODIS,68,6.1NRT,303.59,16.3,D
29.72366,76.04169,324.2,3.82,1.83,2026-05-01,1038,Aqua,MODIS,30,6.1NRT,303.43,46.63,D
30.62879,74.29168,325.96,2.94,1.63,2026-05-01,1038,Aqua,MODIS,69,6.1NRT,302.49,43.84,D
30.78206,74.50746,325.26,3.06,1.66,2026-05-01,1038,Aqua,MODIS,67,6.1NRT,304.44,39.88,D
30.12974,75.25034,326.57,3.39,1.74,2026-05-01,1038,Aqua,MODIS,67,6.1NRT,303.39,53.43,D
30.37098,75.4082,319.92,2.73,1.58,2026-05-02,0336,Terra,MODIS,67,6.1NRT,300.95,23.29,D
30.25051,75.35569,320.59,2.74,1.58,2026-05-02,0336,Terra,MODIS,68,6.1NRT,301.74,25.5,D
29.18335,77.00207,322.52,1.33,1.14,2026-05-02,0939,Aqua,MODIS,62,6.1NRT,304.76,9.48,D
30.09131,76.98378,323.14,1.29,1.13,2026-05-02,0939,Aqua,MODIS,73,6.1NRT,306.65,10.47,D
30.21027,76.49052,326.64,1.37,1.16,2026-05-02,0939,Aqua,MODIS,77,6.1NRT,307.6,14.54,D
30.26588,76.68645,324.32,1.33,1.14,2026-05-02,0939,Aqua,MODIS,69,6.1NRT,304.13,10.36,D
30.19338,75.88302,328.78,1.49,1.2,2026-05-02,0939,Aqua,MODIS,76,6.1NRT,308.39,19.11,D
30.91282,76.5968,324.63,1.31,1.14,2026-05-02,0939,Aqua,MODIS,79,6.1NRT,306.96,14.28,D
28.88851,76.33918,332.18,1.48,1.2,2026-05-02,0939,Aqua,MODIS,78,6.1NRT,310.66,22.39,D
30.6869,74.25792,327.23,1.85,1.33,2026-05-02,0939,Aqua,MODIS,72,6.1NRT,308.97,18.02,D
31.33259,77.20982,311.25,1.2,1.09,2026-05-02,0939,Aqua,MODIS,61,6.1NRT,297.64,7.83,D
31.6526,75.52413,354.73,1.46,1.2,2026-05-02,0939,Aqua,MODIS,97,6.1NRT,308.09,101.39,D
32.01292,75.45305,330.85,1.46,1.19,2026-05-02,0939,Aqua,MODIS,64,6.1NRT,309.03,24.77,D
32.37791,75.34914,323.08,1.45,1.19,2026-05-02,0939,Aqua,MODIS,72,6.1NRT,306.56,10.11,D
32.37337,75.34502,323.92,1.45,1.19,2026-05-02,0939,Aqua,MODIS,76,6.1NRT,306.69,12.32,D
30.66087,74.23117,331.3,1.86,1.33,2026-05-02,0939,Aqua,MODIS,78,6.1NRT,309.26,32.17,D
28.96891,76.20651,330.45,1.5,1.21,2026-05-02,0939,Aqua,MODIS,75,6.1NRT,312.59,17.2,D
30.73956,74.44347,326.37,1,1,2026-05-03,0414,Terra,MODIS,79,6.1NRT,301.99,14.22,D
30.73809,74.45362,324.83,1,1,2026-05-03,0414,Terra,MODIS,78,6.1NRT,302.11,12.56,D
30.66226,74.21411,322.95,1,1,2026-05-03,0414,Terra,MODIS,74,6.1NRT,301.39,10.84,D
30.66081,74.22424,328.83,1,1,2026-05-03,0414,Terra,MODIS,80,6.1NRT,302.05,17.27,D
30.53983,74.80633,318.86,1.01,1,2026-05-03,0414,Terra,MODIS,69,6.1NRT,301.01,6.88,D
30.60374,74.16588,319.98,1,1,2026-05-03,0414,Terra,MODIS,68,6.1NRT,301.66,8.14,D
30.45163,74.89881,319.16,1.01,1.01,2026-05-03,0414,Terra,MODIS,69,6.1NRT,301.13,7.04,D
30.45314,74.63055,324.5,1.01,1,2026-05-03,0414,Terra,MODIS,75,6.1NRT,301.79,12.55,D
30.4098,74.86316,321.6,1.01,1.01,2026-05-03,0414,Terra,MODIS,72,6.1NRT,301.09,9.43,D
30.32426,75.43151,317.45,1.04,1.02,2026-05-03,0414,Terra,MODIS,65,6.1NRT,298.71,7.01,D
30.32266,75.44199,324.07,1.04,1.02,2026-05-03,0414,Terra,MODIS,76,6.1NRT,298.71,14.13,D
30.50127,73.98457,321.63,1,1,2026-05-03,0414,Terra,MODIS,70,6.1NRT,300.9,10.07,D
30.49984,73.99469,328.29,1,1,2026-05-03,0414,Terra,MODIS,79,6.1NRT,301.24,17.53,D
30.30368,75.26624,317.55,1.03,1.01,2026-05-03,0414,Terra,MODIS,65,6.1NRT,299.63,6.56,D
30.37667,74.72039,321.03,1.01,1,2026-05-03,0414,Terra,MODIS,71,6.1NRT,301.41,8.8,D
30.21087,75.74656,314.97,1.06,1.03,2026-05-03,0414,Terra,MODIS,60,6.1NRT,289.79,9.46,D
30.33302,74.69556,318.5,1.01,1,2026-05-03,0414,Terra,MODIS,65,6.1NRT,301.05,5.94,D
30.31994,74.6617,321.05,1.01,1,2026-05-03,0414,Terra,MODIS,70,6.1NRT,301.72,8.58,D
30.31844,74.67185,322.56,1.01,1,2026-05-03,0414,Terra,MODIS,72,6.1NRT,301.28,9.79,D
30.23302,75.18216,319.52,1.03,1.01,2026-05-03,0414,Terra,MODIS,68,6.1NRT,300.13,7.84,D
30.23145,75.1925,317.51,1.03,1.01,2026-05-03,0414,Terra,MODIS,64,6.1NRT,299.6,5.84,D
30.4233,73.81871,323,1,1,2026-05-03,0414,Terra,MODIS,72,6.1NRT,301.73,12.13,D
30.42188,73.82884,325.99,1,1,2026-05-03,0414,Terra,MODIS,76,6.1NRT,301.86,15.59,D
30.25451,74.85857,324.46,1.01,1.01,2026-05-03,0414,Terra,MODIS,75,6.1NRT,300.38,12.27,D
30.14359,75.58437,318.03,1.05,1.02,2026-05-03,0414,Terra,MODIS,66,6.1NRT,298.11,7.11,D
30.37423,73.95895,325.49,1,1,2026-05-03,0414,Terra,MODIS,75,6.1NRT,302.25,14.15,D
30.3728,73.96906,325.85,1,1,2026-05-03,0414,Terra,MODIS,76,6.1NRT,301.69,14.5,D
30.29877,74.29741,316.71,1,1,2026-05-03,0414,Terra,MODIS,57,6.1NRT,300.76,4.99,D
30.12328,75.17544,325.32,1.03,1.01,2026-05-03,0414,Terra,MODIS,76,6.1NRT,299.91,13.44,D
30.29675,73.9343,321.02,1,1,2026-05-03,0414,Terra,MODIS,68,6.1NRT,302.77,8.38,D
30.21395,74.43108,324.57,1,1,2026-05-03,0414,Terra,MODIS,74,6.1NRT,301.56,12.52,D
30.08323,75.31111,320.36,1.04,1.02,2026-05-03,0414,Terra,MODIS,68,6.1NRT,299.93,8.46,D
30.26478,74.0156,321.9,1,1,2026-05-03,0414,Terra,MODIS,70,6.1NRT,301.45,10.07,D
29.83755,76.63538,316.35,1.16,1.07,2026-05-03,0414,Terra,MODIS,45,6.1NRT,289.52,10.77,D
30.26259,73.77685,324.54,1,1,2026-05-03,0414,Terra,MODIS,74,6.1NRT,302.18,12.77,D
30.26117,73.78696,325.99,1,1,2026-05-03,0414,Terra,MODIS,76,6.1NRT,302.4,14.01,D
30.19205,74.20918,319.56,1,1,2026-05-03,0414,Terra,MODIS,65,6.1NRT,301.63,7.49,D
30.10954,74.65059,318.09,1.01,1,2026-05-03,0414,Terra,MODIS,61,6.1NRT,301.82,5.83,D
30.02526,74.90021,316.49,1.02,1.01,2026-05-03,0414,Terra,MODIS,54,6.1NRT,299.85,5.21,D
30.0259,74.77434,322.68,1.01,1.01,2026-05-03,0414,Terra,MODIS,71,6.1NRT,301.21,10,D
29.83501,75.95641,323.64,1.09,1.04,2026-05-03,0414,Terra,MODIS,74,6.1NRT,295.8,13.85,D
30.09431,74.18435,317.95,1,1,2026-05-03,0414,Terra,MODIS,59,6.1NRT,301.48,6.48,D
30.14553,73.69725,319.22,1,1,2026-05-03,0414,Terra,MODIS,63,6.1NRT,303.23,5.74,D
29.87208,75.54358,319.18,1.05,1.03,2026-05-03,0414,Terra,MODIS,66,6.1NRT,297.8,8.33,D
29.92662,75.00161,318.4,1.02,1.01,2026-05-03,0414,Terra,MODIS,60,6.1NRT,300.34,6.27,D
29.76826,75.97052,316.91,1.09,1.04,2026-05-03,0414,Terra,MODIS,30,6.1NRT,294.46,10.85,D
30.02707,74.19688,316.65,1,1,2026-05-03,0414,Terra,MODIS,50,6.1NRT,301.66,5.16,D
30.11541,73.50932,324.34,1.01,1,2026-05-03,0414,Terra,MODIS,73,6.1NRT,302.5,12.53,D
29.76032,75.48703,324.43,1.05,1.02,2026-05-03,0414,Terra,MODIS,74,6.1NRT,298.52,13.62,D
29.75869,75.49757,321.85,1.05,1.03,2026-05-03,0414,Terra,MODIS,70,6.1NRT,298.29,10.69,D
29.79773,75.18227,320.22,1.03,1.02,2026-05-03,0417,Terra,MODIS,57,6.1NRT,299.49,8.08,D
29.96838,73.96259,317.91,1,1,2026-05-03,0417,Terra,MODIS,56,6.1NRT,302.72,5.33,D
29.96694,73.97266,325.52,1,1,2026-05-03,0417,Terra,MODIS,74,6.1NRT,303.29,12.96,D
29.89409,74.47613,319.01,1.01,1,2026-05-03,0417,Terra,MODIS,60,6.1NRT,301.91,6.01,D
29.86893,74.58569,318.17,1.01,1,2026-05-03,0417,Terra,MODIS,57,6.1NRT,301.32,5.85,D
29.69407,75.61565,324.18,1.06,1.03,2026-05-03,0417,Terra,MODIS,74,6.1NRT,298.1,13.92,D
29.50945,76.64315,314.5,1.17,1.08,2026-05-03,0417,Terra,MODIS,54,6.1NRT,294.1,7.01,D
29.65326,75.70049,315.54,1.07,1.03,2026-05-03,0417,Terra,MODIS,39,6.1NRT,296.77,6.53,D
29.60913,75.6255,316.41,1.07,1.03,2026-05-03,0417,Terra,MODIS,42,6.1NRT,295.17,10.1,D
29.66364,75.21396,316.72,1.04,1.02,2026-05-03,0417,Terra,MODIS,53,6.1NRT,299.49,5.28,D
29.49463,76.12266,314.6,1.11,1.05,2026-05-03,0417,Terra,MODIS,38,6.1NRT,294.94,5.82,D
29.60564,75.22823,324.49,1.04,1.02,2026-05-03,0417,Terra,MODIS,72,6.1NRT,299.88,13.3,D
29.52079,75.23758,318.1,1.04,1.02,2026-05-03,0417,Terra,MODIS,54,6.1NRT,299.08,7.09,D
29.22705,76.78419,322.47,1.2,1.09,2026-05-03,0417,Terra,MODIS,69,6.1NRT,302.02,9.43,D
29.67095,73.64611,324.6,1,1,2026-05-03,0417,Terra,MODIS,72,6.1NRT,304.35,10.37,D
29.50288,74.80393,317.54,1.02,1.01,2026-05-03,0417,Terra,MODIS,39,6.1NRT,299.97,5.52,D
29.49984,74.82433,316.96,1.02,1.01,2026-05-03,0417,Terra,MODIS,31,6.1NRT,299.85,5.32,D
29.21858,76.56898,319.53,1.17,1.08,2026-05-03,0417,Terra,MODIS,51,6.1NRT,299.72,8.33,D
29.61883,73.76022,321.67,1,1,2026-05-03,0417,Terra,MODIS,66,6.1NRT,303.27,7.9,D
29.26019,76.07343,319.31,1.11,1.05,2026-05-03,0417,Terra,MODIS,58,6.1NRT,298.81,6.58,D
29.57559,73.93745,320,1,1,2026-05-03,0417,Terra,MODIS,60,6.1NRT,303.17,6.07,D
29.40431,74.90509,318.8,1.03,1.01,2026-05-03,0417,Terra,MODIS,48,6.1NRT,300.07,7.2,D
29.48973,74.2038,319.39,1,1,2026-05-03,0417,Terra,MODIS,54,6.1NRT,303.13,6.05,D
29.09331,76.7682,322.53,1.2,1.09,2026-05-03,0417,Terra,MODIS,66,6.1NRT,301.7,9.27,D
29.14451,76.27496,328.1,1.14,1.06,2026-05-03,0417,Terra,MODIS,76,6.1NRT,300.82,16.72,D
29.06478,76.76215,321.83,1.2,1.09,2026-05-03,0417,Terra,MODIS,64,6.1NRT,302.28,8.16,D
29.47775,73.97521,319.04,1,1,2026-05-03,0417,Terra,MODIS,52,6.1NRT,301.7,5.6,D
29.05596,76.63785,332.26,1.19,1.08,2026-05-03,0417,Terra,MODIS,81,6.1NRT,301.24,25.08,D
29.45546,73.8003,323.9,1,1,2026-05-03,0417,Terra,MODIS,66,6.1NRT,306.17,8.03,D
29.11532,75.76043,318.81,1.09,1.04,2026-05-03,0417,Terra,MODIS,45,6.1NRT,299.46,6.87,D
29.05368,76.14516,322.42,1.13,1.06,2026-05-03,0417,Terra,MODIS,63,6.1NRT,301.04,9.71,D
29.02247,76.33707,322.07,1.15,1.07,2026-05-03,0417,Terra,MODIS,62,6.1NRT,300.63,8.45,D
28.96882,76.21452,324.27,1.14,1.06,2026-05-03,0417,Terra,MODIS,66,6.1NRT,302.53,10.24,D
29.28953,74.06165,328.59,1,1,2026-05-03,0417,Terra,MODIS,73,6.1NRT,307.21,12.13,D
29.27501,74.16172,323.46,1,1,2026-05-03,0417,Terra,MODIS,57,6.1NRT,306.11,5.89,D
28.974,75.89922,320.31,1.1,1.05,2026-05-03,0417,Terra,MODIS,41,6.1NRT,301.63,6.98,D
28.9283,76.18817,327.21,1.14,1.06,2026-05-03,0417,Terra,MODIS,71,6.1NRT,301.53,16.94,D
28.92941,76.0612,320.16,1.12,1.06,2026-05-03,0417,Terra,MODIS,41,6.1NRT,301.38,7.21,D
28.81034,76.67713,321.9,1.2,1.09,2026-05-03,0417,Terra,MODIS,58,6.1NRT,302.72,7.56,D
28.76695,76.8792,323.96,1.23,1.1,2026-05-03,0417,Terra,MODIS,56,6.1NRT,301.69,15.25,D
28.8533,76.01662,320.82,1.12,1.05,2026-05-03,0417,Terra,MODIS,42,6.1NRT,302.19,7.32,D
28.65215,76.57042,338.78,1.19,1.09,2026-05-03,0417,Terra,MODIS,86,6.1NRT,304.98,34.76,D
28.59369,76.80501,322.37,1.23,1.1,2026-05-03,0417,Terra,MODIS,37,6.1NRT,301.7,10.1,D
27.67105,77.21574,332.86,1.73,1.29,2026-05-03,1017,Aqua,MODIS,78,6.1NRT,305.04,34.95,D
27.66943,77.21022,334.07,1.73,1.29,2026-05-03,1017,Aqua,MODIS,80,6.1NRT,304.89,37.82,D
28.19257,76.86954,325.12,1.66,1.27,2026-05-03,1017,Aqua,MODIS,62,6.1NRT,305.63,14.81,D
28.63857,76.44476,326.08,1.58,1.24,2026-05-03,1017,Aqua,MODIS,63,6.1NRT,304.3,18.93,D
28.71961,76.98065,320.79,1.72,1.29,2026-05-03,1017,Aqua,MODIS,45,6.1NRT,302.75,12.36,D
28.64975,76.3485,328.05,1.56,1.23,2026-05-03,1017,Aqua,MODIS,68,6.1NRT,305.59,20.87,D
28.6906,76.49552,325.37,1.6,1.24,2026-05-03,1017,Aqua,MODIS,60,6.1NRT,303.56,16.01,D
28.71408,76.50829,325.56,1.6,1.25,2026-05-03,1017,Aqua,MODIS,63,6.1NRT,304.96,17.23,D
28.88756,76.74032,324.04,1.67,1.27,2026-05-03,1017,Aqua,MODIS,63,6.1NRT,302.57,18.06,D
28.88573,76.7238,324.02,1.66,1.27,2026-05-03,1017,Aqua,MODIS,63,6.1NRT,302.74,17.84,D
29.03841,76.75729,326.64,1.68,1.27,2026-05-03,1017,Aqua,MODIS,72,6.1NRT,303.24,23.88,D
29.04595,76.72242,321.18,1.67,1.27,2026-05-03,1017,Aqua,MODIS,56,6.1NRT,302.49,11.42,D
29.0372,76.2152,320.6,1.55,1.23,2026-05-03,1017,Aqua,MODIS,30,6.1NRT,301.76,8.39,D
29.03553,76.19984,321.88,1.54,1.22,2026-05-03,1017,Aqua,MODIS,50,6.1NRT,302.63,10.92,D
29.13061,76.77302,322.67,1.69,1.28,2026-05-03,1017,Aqua,MODIS,64,6.1NRT,303.33,14.71,D
29.15844,76.82058,323.2,1.7,1.28,2026-05-03,1017,Aqua,MODIS,65,6.1NRT,303.72,15.69,D
29.11753,76.25069,322.31,1.56,1.23,2026-05-03,1017,Aqua,MODIS,55,6.1NRT,302.74,11.97,D
29.12161,76.24316,321.88,1.56,1.23,2026-05-03,1017,Aqua,MODIS,54,6.1NRT,302.62,10.54,D
29.09169,75.7763,327.7,1.45,1.19,2026-05-03,1017,Aqua,MODIS,69,6.1NRT,303.58,22.45,D
29.09007,75.76186,331.5,1.45,1.19,2026-05-03,1017,Aqua,MODIS,76,6.1NRT,303.61,30.37,D
29.1021,75.77475,331.55,1.45,1.19,2026-05-03,1017,Aqua,MODIS,76,6.1NRT,303.1,31.32,D
29.22323,76.56805,323.17,1.64,1.26,2026-05-03,1017,Aqua,MODIS,63,6.1NRT,304.14,15.02,D
29.19313,76.29621,322.82,1.57,1.24,2026-05-03,1017,Aqua,MODIS,59,6.1NRT,302.94,13.38,D
29.23622,76.06523,328.96,1.52,1.22,2026-05-03,1017,Aqua,MODIS,73,6.1NRT,303.44,26.26,D
29.24759,75.88123,324.66,1.48,1.2,2026-05-03,1017,Aqua,MODIS,62,6.1NRT,302.35,17.48,D
29.36938,76.43591,328.98,1.62,1.25,2026-05-03,1017,Aqua,MODIS,75,6.1NRT,304.43,26.98,D
29.36763,76.4198,329.52,1.61,1.25,2026-05-03,1017,Aqua,MODIS,76,6.1NRT,305.1,28.68,D
29.31961,75.9848,321.02,1.51,1.21,2026-05-03,1017,Aqua,MODIS,43,6.1NRT,302.9,10.77,D
29.59341,76.60841,321.83,1.67,1.27,2026-05-03,1017,Aqua,MODIS,65,6.1NRT,304.74,13.79,D
29.36196,74.53039,330.35,1.24,1.11,2026-05-03,1017,Aqua,MODIS,73,6.1NRT,307.51,16.8,D
29.35972,74.35632,332.42,1.21,1.1,2026-05-03,1017,Aqua,MODIS,76,6.1NRT,307.51,19.98,D
29.36386,74.36237,327.52,1.22,1.1,2026-05-03,1017,Aqua,MODIS,67,6.1NRT,308.04,12.25,D
29.36239,74.35027,328.65,1.21,1.1,2026-05-03,1017,Aqua,MODIS,70,6.1NRT,307.21,14.05,D
29.6199,76.12487,326.86,1.55,1.23,2026-05-03,1017,Aqua,MODIS,73,6.1NRT,304.55,21.35,D
29.61818,76.10936,323.41,1.55,1.23,2026-05-03,1017,Aqua,MODIS,65,6.1NRT,304.66,14.04,D
29.5634,75.4433,322.94,1.4,1.17,2026-05-03,1017,Aqua,MODIS,57,6.1NRT,303.37,12.2,D
29.47529,74.43687,325.71,1.23,1.1,2026-05-03,1017,Aqua,MODIS,65,6.1NRT,306.44,10.73,D
29.62156,75.60106,323.25,1.44,1.19,2026-05-03,1017,Aqua,MODIS,62,6.1NRT,302.68,13.55,D
29.65994,75.84882,321.78,1.49,1.21,2026-05-03,1017,Aqua,MODIS,60,6.1NRT,303.42,10.64,D
29.67305,75.68179,327.37,1.46,1.19,2026-05-03,1017,Aqua,MODIS,57,6.1NRT,302.35,22.39,D
29.75982,76.35544,324.18,1.62,1.25,2026-05-03,1017,Aqua,MODIS,70,6.1NRT,305.26,18.21,D
29.81669,76.66737,322.96,1.7,1.28,2026-05-03,1017,Aqua,MODIS,70,6.1NRT,304.25,15.26,D
29.77857,75.81067,321.59,1.49,1.21,2026-05-03,1017,Aqua,MODIS,59,6.1NRT,302.73,10.7,D
29.78231,75.74969,321.21,1.48,1.2,2026-05-03,1017,Aqua,MODIS,58,6.1NRT,299.39,12.12,D
29.79676,74.99815,334.62,1.33,1.14,2026-05-03,1017,Aqua,MODIS,81,6.1NRT,303.78,32.95,D
29.74423,74.38789,320.25,1.23,1.1,2026-05-03,1017,Aqua,MODIS,39,6.1NRT,298.05,7.58,D
29.93009,75.6255,325.48,1.46,1.19,2026-05-03,1017,Aqua,MODIS,70,6.1NRT,303.42,19.19,D
29.86505,75.06414,322.9,1.35,1.15,2026-05-03,1017,Aqua,MODIS,60,6.1NRT,303.57,10.99,D
30.0281,75.76955,324.5,1.49,1.21,2026-05-03,1017,Aqua,MODIS,69,6.1NRT,303.17,14.58,D
30.02642,75.75458,323.05,1.49,1.21,2026-05-03,1017,Aqua,MODIS,66,6.1NRT,303.08,11.85,D
30.07109,76.05932,326.43,1.56,1.23,2026-05-03,1017,Aqua,MODIS,73,6.1NRT,304.98,19.96,D
30.06857,75.74834,330.45,1.49,1.21,2026-05-03,1017,Aqua,MODIS,78,6.1NRT,304.13,27.33,D
30.07457,75.75699,326.26,1.49,1.21,2026-05-03,1017,Aqua,MODIS,72,6.1NRT,303.21,18.34,D
30.07294,75.74199,324.09,1.49,1.21,2026-05-03,1017,Aqua,MODIS,68,6.1NRT,304.13,13.41,D
29.97432,74.77767,327.79,1.3,1.13,2026-05-03,1017,Aqua,MODIS,65,6.1NRT,299.09,21.25,D
30.13762,76.14027,332.86,1.58,1.24,2026-05-03,1017,Aqua,MODIS,82,6.1NRT,306.18,34.93,D
30.12202,75.25685,324.29,1.39,1.17,2026-05-03,1017,Aqua,MODIS,68,6.1NRT,305.56,11.18,D
30.03097,74.47455,327.57,1.25,1.11,2026-05-03,1017,Aqua,MODIS,73,6.1NRT,300.68,17.81,D
30.21423,75.99425,334.07,1.55,1.23,2026-05-03,1017,Aqua,MODIS,82,6.1NRT,305.61,37.78,D
30.12269,75.17176,327.41,1.38,1.16,2026-05-03,1017,Aqua,MODIS,73,6.1NRT,304.37,17.78,D
30.21196,75.77586,328.37,1.5,1.21,2026-05-03,1017,Aqua,MODIS,76,6.1NRT,305.27,21.19,D
30.23787,75.91187,325.05,1.54,1.22,2026-05-03,1017,Aqua,MODIS,54,6.1NRT,305.32,13.99,D
30.09503,74.59364,326.51,1.28,1.12,2026-05-03,1017,Aqua,MODIS,71,6.1NRT,302.8,15.23,D
30.22694,75.53184,326.63,1.45,1.19,2026-05-03,1017,Aqua,MODIS,73,6.1NRT,306.12,16.28,D
30.24076,75.55956,326.67,1.46,1.19,2026-05-03,1017,Aqua,MODIS,73,6.1NRT,306.49,15.83,D
30.21707,75.3573,336.22,1.42,1.18,2026-05-03,1017,Aqua,MODIS,84,6.1NRT,305.88,36.37,D
30.26808,75.85459,324.71,1.53,1.22,2026-05-03,1017,Aqua,MODIS,69,6.1NRT,306.07,13.8,D
30.23711,75.56915,325.69,1.46,1.19,2026-05-03,1017,Aqua,MODIS,71,6.1NRT,305.61,13.29,D
30.2234,75.35048,323.76,1.42,1.18,2026-05-03,1017,Aqua,MODIS,60,6.1NRT,304.81,10.48,D
30.2075,75.20947,324.58,1.39,1.17,2026-05-03,1017,Aqua,MODIS,68,6.1NRT,305.6,11.92,D
30.19962,75.14001,322.69,1.37,1.16,2026-05-03,1017,Aqua,MODIS,63,6.1NRT,303.78,9.4,D
30.23852,75.39178,324.2,1.42,1.18,2026-05-03,1017,Aqua,MODIS,68,6.1NRT,305.59,11.06,D
30.2161,75.19395,341.91,1.39,1.17,2026-05-03,1017,Aqua,MODIS,89,6.1NRT,305.54,49.86,D
30.21452,75.18003,372.32,1.38,1.16,2026-05-03,1017,Aqua,MODIS,100,6.1NRT,308.61,174.73,D
30.1476,74.60563,323.28,1.28,1.12,2026-05-03,1017,Aqua,MODIS,64,6.1NRT,301.27,10.61,D
30.22469,75.17846,327.62,1.38,1.16,2026-05-03,1017,Aqua,MODIS,74,6.1NRT,304.57,16.2,D
30.359,76.29313,327.19,1.63,1.26,2026-05-03,1017,Aqua,MODIS,74,6.1NRT,303.72,24.91,D
30.05612,73.70308,325.71,1.15,1.07,2026-05-03,1017,Aqua,MODIS,72,6.1NRT,303.01,11.24,D
30.296,75.6204,324.69,1.47,1.2,2026-05-03,1017,Aqua,MODIS,69,6.1NRT,306.35,13.52,D
30.33027,75.82986,324.7,1.52,1.22,2026-05-03,1017,Aqua,MODIS,69,6.1NRT,306.12,13.47,D
30.28974,75.47208,326.68,1.44,1.19,2026-05-03,1017,Aqua,MODIS,73,6.1NRT,305.15,17.48,D
30.33575,75.78251,334.57,1.51,1.21,2026-05-03,1017,Aqua,MODIS,83,6.1NRT,306.4,36.78,D
30.39974,76.01866,327.42,1.57,1.23,2026-05-03,1017,Aqua,MODIS,74,6.1NRT,304.22,24.44,D
30.42947,76.1934,327,1.61,1.25,2026-05-03,1017,Aqua,MODIS,74,6.1NRT,302.73,25.94,D
30.35198,75.48567,326.38,1.45,1.19,2026-05-03,1017,Aqua,MODIS,72,6.1NRT,305.83,15.25,D
30.39575,75.78252,328.07,1.51,1.21,2026-05-03,1017,Aqua,MODIS,75,6.1NRT,305.69,22.38,D
30.39406,75.76728,327.25,1.51,1.21,2026-05-03,1017,Aqua,MODIS,74,6.1NRT,306.13,20.32,D
30.31902,75.01691,322.35,1.36,1.15,2026-05-03,1017,Aqua,MODIS,62,6.1NRT,304.05,8.68,D
30.31104,74.94899,327.25,1.34,1.15,2026-05-03,1017,Aqua,MODIS,73,6.1NRT,304.81,16.57,D
30.41389,75.65685,327.35,1.49,1.2,2026-05-03,1017,Aqua,MODIS,74,6.1NRT,306,18.18,D
30.38688,75.42127,326.08,1.44,1.19,2026-05-03,1017,Aqua,MODIS,71,6.1NRT,305.86,15.14,D
30.45409,75.82064,322.57,1.53,1.22,2026-05-03,1017,Aqua,MODIS,64,6.1NRT,305.06,11.69,D
30.3891,75.26077,327.26,1.4,1.17,2026-05-03,1017,Aqua,MODIS,73,6.1NRT,304.72,18.53,D
30.31736,74.66408,324.49,1.29,1.13,2026-05-03,1017,Aqua,MODIS,67,6.1NRT,303.92,11.1,D
30.42393,75.60394,325.8,1.48,1.2,2026-05-03,1017,Aqua,MODIS,71,6.1NRT,305.49,14.82,D
30.3855,75.25552,326.23,1.4,1.17,2026-05-03,1017,Aqua,MODIS,72,6.1NRT,304.92,15,D
30.4492,75.73782,324.63,1.51,1.21,2026-05-03,1017,Aqua,MODIS,69,6.1NRT,306.1,13.61,D
30.44755,75.72263,323.84,1.5,1.21,2026-05-03,1017,Aqua,MODIS,68,6.1NRT,305.87,11.96,D
30.45813,75.72106,327.83,1.5,1.21,2026-05-03,1017,Aqua,MODIS,71,6.1NRT,305.94,19.23,D
30.40439,75.23822,324.8,1.4,1.17,2026-05-03,1017,Aqua,MODIS,70,6.1NRT,305.66,13.41,D
30.34009,74.68137,352.88,1.3,1.13,2026-05-03,1017,Aqua,MODIS,96,6.1NRT,305.09,78.58,D
30.34997,74.67979,327.35,1.3,1.13,2026-05-03,1017,Aqua,MODIS,73,6.1NRT,304.53,15.77,D
30.33302,74.53729,324.58,1.28,1.12,2026-05-03,1017,Aqua,MODIS,68,6.1NRT,302.89,12.33,D
30.451,75.4649,324.56,1.45,1.19,2026-05-03,1017,Aqua,MODIS,69,6.1NRT,305.03,12.82,D
30.44656,75.33312,329.52,1.42,1.18,2026-05-03,1017,Aqua,MODIS,77,6.1NRT,305.84,22.2,D
30.49453,75.38443,323.61,1.43,1.18,2026-05-03,1017,Aqua,MODIS,67,6.1NRT,305.27,10.84,D
30.33405,74.02302,323.15,1.2,1.09,2026-05-03,1017,Aqua,MODIS,66,6.1NRT,303.49,9.56,D
30.51154,75.46395,325.47,1.45,1.19,2026-05-03,1017,Aqua,MODIS,72,6.1NRT,305.19,14.79,D
30.50992,75.44931,333.93,1.45,1.19,2026-05-03,1017,Aqua,MODIS,83,6.1NRT,305.71,33.47,D
30.50346,75.39107,327.28,1.44,1.19,2026-05-03,1017,Aqua,MODIS,64,6.1NRT,305.54,16.69,D
30.46999,75.09315,324,1.38,1.16,2026-05-03,1017,Aqua,MODIS,69,6.1NRT,306.1,10.93,D
30.46841,75.07928,330.14,1.37,1.16,2026-05-03,1017,Aqua,MODIS,78,6.1NRT,306.25,22.46,D
30.34356,74.02143,325.21,1.2,1.09,2026-05-03,1017,Aqua,MODIS,70,6.1NRT,302.5,11.69,D
30.5122,75.37502,325.8,1.43,1.18,2026-05-03,1017,Aqua,MODIS,72,6.1NRT,305.78,14.07,D
30.44871,74.81904,324.89,1.33,1.14,2026-05-03,1017,Aqua,MODIS,70,6.1NRT,305.59,11.98,D
30.58586,75.94697,322.39,1.56,1.23,2026-05-03,1017,Aqua,MODIS,67,6.1NRT,304.11,12.8,D
30.52418,75.38792,334.8,1.44,1.19,2026-05-03,1017,Aqua,MODIS,83,6.1NRT,305.89,34.27,D
30.52255,75.37344,324.4,1.43,1.18,2026-05-03,1017,Aqua,MODIS,56,6.1NRT,305.12,10.96,D
30.37209,74.01669,324.7,1.2,1.09,2026-05-03,1017,Aqua,MODIS,69,6.1NRT,303.56,10.86,D
30.3706,74.00462,322.47,1.2,1.09,2026-05-03,1017,Aqua,MODIS,64,6.1NRT,303.5,7.71,D
30.5416,75.35586,323.61,1.43,1.18,2026-05-03,1017,Aqua,MODIS,68,6.1NRT,304.66,10.14,D
30.52032,75.17069,326.87,1.39,1.17,2026-05-03,1017,Aqua,MODIS,74,6.1NRT,306.11,16.14,D
30.48657,74.8815,329.58,1.34,1.15,2026-05-03,1017,Aqua,MODIS,77,6.1NRT,306.01,20.2,D
30.34284,73.70666,324.13,1.16,1.07,2026-05-03,1017,Aqua,MODIS,68,6.1NRT,303.48,12.09,D
30.38659,73.97737,325.08,1.2,1.09,2026-05-03,1017,Aqua,MODIS,70,6.1NRT,304.81,11.36,D
30.61673,75.83126,338.87,1.54,1.22,2026-05-03,1017,Aqua,MODIS,87,6.1NRT,304.84,52.74,D
30.59263,75.61768,331.15,1.49,1.2,2026-05-03,1017,Aqua,MODIS,80,6.1NRT,305.37,28.57,D
30.59093,75.60268,334.53,1.48,1.2,2026-05-03,1017,Aqua,MODIS,83,6.1NRT,305.84,36.99,D
30.57737,75.48389,331.15,1.46,1.19,2026-05-03,1017,Aqua,MODIS,80,6.1NRT,305.55,27.86,D
30.57569,75.46921,323.88,1.46,1.19,2026-05-03,1017,Aqua,MODIS,69,6.1NRT,305.93,12.51,D
30.50696,74.79625,324.19,1.32,1.14,2026-05-03,1017,Aqua,MODIS,68,6.1NRT,303.66,12.44,D
30.60798,75.32543,326.26,1.43,1.18,2026-05-03,1017,Aqua,MODIS,74,6.1NRT,304.22,17.71,D
30.60636,75.31103,328.41,1.42,1.18,2026-05-03,1017,Aqua,MODIS,77,6.1NRT,304.67,22.15,D
30.57955,74.98608,325.35,1.36,1.16,2026-05-03,1017,Aqua,MODIS,72,6.1NRT,305.48,13.64,D
30.627,75.30789,336.39,1.42,1.18,2026-05-03,1017,Aqua,MODIS,85,6.1NRT,305.32,40.29,D
30.62535,75.29351,327.39,1.42,1.18,2026-05-03,1017,Aqua,MODIS,76,6.1NRT,304.59,19.83,D
30.52207,74.4162,324.73,1.26,1.12,2026-05-03,1017,Aqua,MODIS,69,6.1NRT,306.29,10.73,D
30.56191,74.58038,322.96,1.29,1.13,2026-05-03,1017,Aqua,MODIS,66,6.1NRT,304.58,8.4,D
30.55321,74.3465,333.65,1.25,1.11,2026-05-03,1017,Aqua,MODIS,82,6.1NRT,305.48,25.89,D
30.55165,74.33389,328.57,1.25,1.11,2026-05-03,1017,Aqua,MODIS,76,6.1NRT,305.27,16.49,D
30.5558,74.33917,332.47,1.25,1.11,2026-05-03,1017,Aqua,MODIS,81,6.1NRT,305.84,23.77,D
30.53704,74.10094,323.15,1.22,1.1,2026-05-03,1017,Aqua,MODIS,67,6.1NRT,304.89,9.15,D
30.61138,74.2276,334.44,1.24,1.11,2026-05-03,1017,Aqua,MODIS,83,6.1NRT,306.6,26.51,D
30.64284,74.40274,326.15,1.26,1.12,2026-05-03,1017,Aqua,MODIS,72,6.1NRT,306.68,11.95,D
30.62724,74.27612,336.26,1.24,1.11,2026-05-03,1017,Aqua,MODIS,84,6.1NRT,307.32,29.53,D
30.62103,74.22602,327.53,1.24,1.11,2026-05-03,1017,Aqua,MODIS,75,6.1NRT,306.25,13.91,D
30.62658,74.16889,328.79,1.23,1.1,2026-05-03,1017,Aqua,MODIS,76,6.1NRT,305.38,16.6,D
30.62509,74.15648,326.88,1.23,1.1,2026-05-03,1017,Aqua,MODIS,34,6.1NRT,305.27,13.16,D
30.6846,74.57497,330.3,1.29,1.13,2026-05-03,1017,Aqua,MODIS,79,6.1NRT,305.75,19.2,D
30.63471,74.15489,328.08,1.23,1.1,2026-05-03,1017,Aqua,MODIS,67,6.1NRT,303.92,16.93,D
30.74026,74.87888,326.83,1.35,1.15,2026-05-03,1017,Aqua,MODIS,75,6.1NRT,304.49,16.63,D
30.74336,74.64598,325.74,1.31,1.13,2026-05-03,1017,Aqua,MODIS,73,6.1NRT,305.12,13.86,D
30.79274,74.53732,327.91,1.29,1.13,2026-05-03,1017,Aqua,MODIS,76,6.1NRT,304.89,14.85,D
30.83808,74.66444,326.24,1.31,1.14,2026-05-03,1017,Aqua,MODIS,74,6.1NRT,305.21,12.79,D
30.82702,74.5719,341.95,1.3,1.13,2026-05-03,1017,Aqua,MODIS,89,6.1NRT,306.66,43.6,D
30.82545,74.55876,325.76,1.3,1.13,2026-05-03,1017,Aqua,MODIS,56,6.1NRT,304.92,9.54,D
30.8369,74.57031,325.94,1.3,1.13,2026-05-03,1017,Aqua,MODIS,49,6.1NRT,304.23,10.03,D
30.85665,74.56715,327.35,1.3,1.13,2026-05-03,1017,Aqua,MODIS,48,6.1NRT,305.22,13.12,D
30.85796,74.57482,328.06,1.3,1.13,2026-05-03,1017,Aqua,MODIS,56,6.1NRT,305.08,14.77,D
30.87399,74.62613,330.8,1.31,1.14,2026-05-03,1017,Aqua,MODIS,80,6.1NRT,305.52,21.92,D
30.86631,74.56007,324.01,1.3,1.13,2026-05-03,1017,Aqua,MODIS,56,6.1NRT,304.47,9.62,D
30.86849,74.49301,323.83,1.29,1.13,2026-05-03,1017,Aqua,MODIS,70,6.1NRT,305.14,10.03,D
30.86695,74.47998,325.34,1.29,1.13,2026-05-03,1017,Aqua,MODIS,73,6.1NRT,305.14,12.49,D
30.93788,74.73859,330.25,1.33,1.14,2026-05-03,1017,Aqua,MODIS,80,6.1NRT,303.12,24.53,D
31.03471,74.6889,322.46,1.33,1.14,2026-05-03,1017,Aqua,MODIS,63,6.1NRT,304.17,9.28,D
31.0331,74.67546,323.67,1.32,1.14,2026-05-03,1017,Aqua,MODIS,71,6.1NRT,304.72,11.32,D
31.04307,74.67387,328.93,1.32,1.14,2026-05-03,1017,Aqua,MODIS,78,6.1NRT,304.17,20.56,D
31.42817,75.18769,326.42,1.44,1.19,2026-05-03,1019,Aqua,MODIS,0,6.1NRT,299.89,25.1,D
31.50256,74.95058,322.09,1.39,1.17,2026-05-03,1019,Aqua,MODIS,68,6.1NRT,303.44,13.2,D
31.85315,73.70563,320.88,1.21,1.09,2026-05-03,1019,Aqua,MODIS,61,6.1NRT,303.39,7.74,D
31.85603,73.69941,325.43,1.21,1.09,2026-05-03,1019,Aqua,MODIS,71,6.1NRT,304.14,14.38,D
32.40063,75.3138,325.93,1.51,1.21,2026-05-03,1019,Aqua,MODIS,75,6.1NRT,303.7,20.12,D
32.42566,75.30431,322.5,1.51,1.21,2026-05-03,1019,Aqua,MODIS,63,6.1NRT,305.04,12.29,D
32.47461,74.90575,324.89,1.43,1.18,2026-05-03,1019,Aqua,MODIS,38,6.1NRT,306.25,12.87,D
32.48218,74.78587,321.8,1.4,1.17,2026-05-03,1019,Aqua,MODIS,69,6.1NRT,305.16,10.41,D
30.68,74.38577,305.2,1.76,1.3,2026-05-03,1514,Terra,MODIS,62,6.1NRT,293.65,9.32,N
30.73231,74.29233,303.05,1.78,1.31,2026-05-03,1514,Terra,MODIS,53,6.1NRT,292.72,8.3,N
31.75699,74.74247,315.14,3.37,1.73,2026-05-04,0453,Terra,MODIS,57,6.1NRT,291.5,37.93,D
31.87271,73.87734,316.73,2.93,1.63,2026-05-04,0453,Terra,MODIS,65,6.1NRT,296.57,26.96,D
30.63162,74.73402,320.89,3.6,1.78,2026-05-04,0453,Terra,MODIS,64,6.1NRT,298.35,50.96,D
30.62155,74.72416,319.09,3.6,1.78,2026-05-04,0453,Terra,MODIS,61,6.1NRT,298.37,42.67,D
30.36094,74.78008,320.26,3.68,1.8,2026-05-04,0453,Terra,MODIS,64,6.1NRT,298.95,48.2,D
30.10403,75.13187,316.84,3.95,1.85,2026-05-04,0453,Terra,MODIS,52,6.1NRT,297.75,40.35,D
30.09508,75.17036,317.21,3.97,1.85,2026-05-04,0453,Terra,MODIS,54,6.1NRT,297.55,40.57,D
30.10378,75.16756,319.16,3.97,1.85,2026-05-04,0453,Terra,MODIS,62,6.1NRT,297.97,54.5,D
30.07388,75.08002,321.67,4.08,1.87,2026-05-04,0920,Aqua,MODIS,71,6.1NRT,298.73,52.24,D
30.62335,74.42064,323.85,4.38,1.93,2026-05-04,0920,Aqua,MODIS,74,6.1NRT,300.23,69.43,D
30.62785,74.41108,323.29,4.38,1.93,2026-05-04,0920,Aqua,MODIS,74,6.1NRT,300.16,61.11,D
30.70277,74.33622,322.84,4.41,1.93,2026-05-04,0920,Aqua,MODIS,74,6.1NRT,298.72,62.27,D
30.81082,74.34571,317.53,4.38,1.93,2026-05-04,0920,Aqua,MODIS,43,6.1NRT,297.15,41.66,D
30.98271,74.63296,318.02,4.14,1.88,2026-05-04,0920,Aqua,MODIS,63,6.1NRT,298.08,42.39,D
31.06886,74.77544,320.76,4.03,1.86,2026-05-04,0920,Aqua,MODIS,73,6.1NRT,297.59,60.01,D
31.05936,74.73622,321.18,4.05,1.87,2026-05-04,0920,Aqua,MODIS,73,6.1NRT,297.46,61.89,D
31.21959,75.00774,319.41,3.85,1.83,2026-05-04,0920,Aqua,MODIS,37,6.1NRT,297.66,46.5,D
32.04439,75.30762,317.49,3.49,1.76,2026-05-04,0920,Aqua,MODIS,65,6.1NRT,298.17,35.3,D
28.24413,76.90624,331.79,1,1,2026-05-05,0954,Aqua,MODIS,81,6.1NRT,301.14,19.46,D
28.86287,76.46721,326.56,1.01,1,2026-05-05,0954,Aqua,MODIS,71,6.1NRT,306.14,10.12,D
28.90453,76.3713,325.6,1.01,1,2026-05-05,0954,Aqua,MODIS,68,6.1NRT,307.8,7.74,D
29.09695,76.30005,322.97,1.01,1,2026-05-05,0954,Aqua,MODIS,50,6.1NRT,304.77,7.39,D
29.12691,76.29783,326.06,1.01,1,2026-05-05,0954,Aqua,MODIS,71,6.1NRT,307.62,10.17,D
29.41206,74.8789,324.63,1.09,1.04,2026-05-05,0954,Aqua,MODIS,40,6.1NRT,308.56,7.34,D
29.41031,74.86813,329.58,1.09,1.04,2026-05-05,0954,Aqua,MODIS,66,6.1NRT,309.9,12.6,D
29.53705,75.13194,328.96,1.06,1.03,2026-05-05,0954,Aqua,MODIS,53,6.1NRT,307.24,16.42,D
29.38269,74.02145,328.49,1.18,1.08,2026-05-05,0954,Aqua,MODIS,58,6.1NRT,311.72,11.53,D
29.54121,74.70424,326.83,1.1,1.05,2026-05-05,0954,Aqua,MODIS,56,6.1NRT,309.2,11.51,D
29.53942,74.69334,327.36,1.1,1.05,2026-05-05,0954,Aqua,MODIS,66,6.1NRT,309.77,11.71,D
29.565,74.56281,325.6,1.11,1.05,2026-05-05,0954,Aqua,MODIS,63,6.1NRT,307.43,9.03,D
29.56319,74.55178,326.86,1.11,1.05,2026-05-05,0954,Aqua,MODIS,67,6.1NRT,308.18,10.95,D
29.9124,76.53394,323.03,1,1,2026-05-05,0954,Aqua,MODIS,69,6.1NRT,304.19,8.28,D
29.90411,75.10533,323.2,1.06,1.03,2026-05-05,0954,Aqua,MODIS,14,6.1NRT,302.32,10.64,D
30.11383,76.22343,325.29,1,1,2026-05-05,0954,Aqua,MODIS,72,6.1NRT,307.13,8.01,D
30.18565,76.32729,324.29,1,1,2026-05-05,0954,Aqua,MODIS,71,6.1NRT,306.31,7.23,D
30.03198,75.21339,323.11,1.05,1.02,2026-05-05,0954,Aqua,MODIS,57,6.1NRT,304.79,8.57,D
30.19782,76.16971,327.97,1.01,1,2026-05-05,0954,Aqua,MODIS,76,6.1NRT,306.43,11.47,D
30.32662,76.15203,321.68,1,1,2026-05-05,0954,Aqua,MODIS,64,6.1NRT,305.64,6.2,D
30.14535,74.70428,324.8,1.08,1.04,2026-05-05,0954,Aqua,MODIS,67,6.1NRT,306.35,11.52,D
30.36927,76.01865,323.86,1.01,1,2026-05-05,0954,Aqua,MODIS,69,6.1NRT,307.51,6.88,D
30.40842,76.07681,323.22,1.01,1,2026-05-05,0954,Aqua,MODIS,67,6.1NRT,307.78,7.86,D
30.40384,76.04657,321.39,1.01,1,2026-05-05,0954,Aqua,MODIS,53,6.1NRT,304.31,5.56,D
30.3614,75.36079,323.46,1.03,1.02,2026-05-05,0956,Aqua,MODIS,66,6.1NRT,306.71,8.31,D
30.46143,75.82044,324.01,1.01,1.01,2026-05-05,0956,Aqua,MODIS,69,6.1NRT,306.48,7.34,D
30.45987,75.8103,328.36,1.01,1.01,2026-05-05,0956,Aqua,MODIS,76,6.1NRT,307.69,12.23,D
30.52991,76.21247,323.34,1,1,2026-05-05,0956,Aqua,MODIS,65,6.1NRT,306.77,10.87,D
30.39597,75.28367,322.32,1.04,1.02,2026-05-05,0956,Aqua,MODIS,63,6.1NRT,307.14,6.09,D
30.5302,76.03584,326.5,1.01,1,2026-05-05,0956,Aqua,MODIS,73,6.1NRT,308.4,9.57,D
30.53956,75.83945,327.5,1.01,1.01,2026-05-05,0956,Aqua,MODIS,68,6.1NRT,308.69,10.97,D
30.53423,75.74625,328.73,1.01,1.01,2026-05-05,0956,Aqua,MODIS,76,6.1NRT,310.48,10.79,D
30.53109,75.7259,330.95,1.02,1.01,2026-05-05,0956,Aqua,MODIS,72,6.1NRT,310.57,12.8,D
30.45103,75.15753,322.46,1.04,1.02,2026-05-05,0956,Aqua,MODIS,63,6.1NRT,306.49,8.07,D
30.56356,75.76112,330.09,1.01,1.01,2026-05-05,0956,Aqua,MODIS,78,6.1NRT,308.56,12.23,D
30.61187,75.78252,326.33,1.01,1.01,2026-05-05,0956,Aqua,MODIS,72,6.1NRT,308.64,8.2,D
30.63112,75.83573,328.67,1.01,1,2026-05-05,0956,Aqua,MODIS,56,6.1NRT,310.04,11.5,D
30.63984,75.83392,335.87,1.01,1,2026-05-05,0956,Aqua,MODIS,84,6.1NRT,309,21.37,D
30.62038,75.64896,334.57,1.02,1.01,2026-05-05,0956,Aqua,MODIS,83,6.1NRT,309.85,19.46,D
30.6188,75.63875,336.95,1.02,1.01,2026-05-05,0956,Aqua,MODIS,85,6.1NRT,309.88,22.87,D
30.64482,75.74902,324.06,1.01,1.01,2026-05-05,0956,Aqua,MODIS,56,6.1NRT,306.41,7.36,D
30.64326,75.73885,323.19,1.01,1.01,2026-05-05,0956,Aqua,MODIS,42,6.1NRT,306.06,6.57,D
30.58273,75.34931,325.79,1.03,1.01,2026-05-05,0956,Aqua,MODIS,66,6.1NRT,305.85,8.82,D
30.65355,75.7472,327.75,1.01,1.01,2026-05-05,0956,Aqua,MODIS,63,6.1NRT,306.86,12.11,D
30.59449,75.2504,325.98,1.04,1.02,2026-05-05,0956,Aqua,MODIS,65,6.1NRT,307.77,10.94,D
30.59286,75.24,325.47,1.04,1.02,2026-05-05,0956,Aqua,MODIS,57,6.1NRT,306.27,10.37,D
30.57919,75.03751,324.3,1.05,1.02,2026-05-05,0956,Aqua,MODIS,68,6.1NRT,308.78,7.83,D
30.62905,75.29664,328.87,1.03,1.02,2026-05-05,0956,Aqua,MODIS,76,6.1NRT,307.84,14.41,D
30.67136,75.37744,333.65,1.03,1.01,2026-05-05,0956,Aqua,MODIS,82,6.1NRT,306.98,21.64,D
30.70255,75.40278,325.46,1.03,1.01,2026-05-05,0956,Aqua,MODIS,52,6.1NRT,306.38,10.45,D
30.67722,75.18321,324.35,1.04,1.02,2026-05-05,0956,Aqua,MODIS,70,6.1NRT,306.77,8.28,D
30.80445,75.64036,323.01,1.02,1.01,2026-05-05,0956,Aqua,MODIS,69,6.1NRT,301.84,11.81,D
30.71529,75.07201,328.12,1.04,1.02,2026-05-05,0956,Aqua,MODIS,77,6.1NRT,305.09,13.7,D
30.73444,74.90432,320.04,1.06,1.03,2026-05-05,0956,Aqua,MODIS,60,6.1NRT,300.59,8.39,D
30.9678,75.38156,323.6,1.02,1.01,2026-05-05,0956,Aqua,MODIS,46,6.1NRT,301.87,9.71,D
30.92871,74.95907,319.14,1.05,1.02,2026-05-05,0956,Aqua,MODIS,55,6.1NRT,301.57,5.83,D
31.08573,75.91575,320.83,1.01,1,2026-05-05,0956,Aqua,MODIS,37,6.1NRT,303.54,6.2,D
31.10245,75.88491,325.73,1.01,1,2026-05-05,0956,Aqua,MODIS,74,6.1NRT,306.34,11.84,D
31.07869,75.43667,323.99,1.02,1.01,2026-05-05,0956,Aqua,MODIS,73,6.1NRT,305.15,9.96,D
31.06374,75.10777,322.22,1.04,1.02,2026-05-05,0956,Aqua,MODIS,17,6.1NRT,304.16,8.93,D
31.14364,75.2034,320.9,1.03,1.01,2026-05-05,0956,Aqua,MODIS,64,6.1NRT,304.31,7.6,D
31.33793,75.01299,327.37,1.04,1.02,2026-05-05,0956,Aqua,MODIS,77,6.1NRT,306.05,12.94,D
31.37596,75.08047,319.2,1.03,1.02,2026-05-05,0956,Aqua,MODIS,48,6.1NRT,301.52,5.59,D
31.48524,75.72795,323.13,1.01,1,2026-05-05,0956,Aqua,MODIS,74,6.1NRT,306.7,8.67,D
31.48368,75.71775,342.14,1.01,1,2026-05-05,0956,Aqua,MODIS,91,6.1NRT,306.73,35.15,D
31.48501,75.43185,323.94,1.02,1.01,2026-05-05,0956,Aqua,MODIS,57,6.1NRT,305.9,9.15,D
31.48343,75.42156,322.35,1.02,1.01,2026-05-05,0956,Aqua,MODIS,43,6.1NRT,305.55,7.72,D
31.59993,75.50134,327.25,1.01,1.01,2026-05-05,0956,Aqua,MODIS,78,6.1NRT,303.48,16.34,D
31.54417,75.08578,323.68,1.03,1.01,2026-05-05,0956,Aqua,MODIS,59,6.1NRT,305.2,11.41,D
31.62683,75.55917,325.96,1.01,1,2026-05-05,0956,Aqua,MODIS,67,6.1NRT,304.34,10.91,D
31.5357,74.85958,330.09,1.04,1.02,2026-05-05,0956,Aqua,MODIS,80,6.1NRT,308.97,14.4,D
31.61385,75.12454,323.08,1.03,1.01,2026-05-05,0956,Aqua,MODIS,71,6.1NRT,307.57,6.64,D
31.60469,75.00769,322.29,1.03,1.02,2026-05-05,0956,Aqua,MODIS,69,6.1NRT,307.37,6.86,D
31.65376,75.19627,323.1,1.02,1.01,2026-05-05,0956,Aqua,MODIS,69,6.1NRT,307,6.32,D
31.72707,75.55342,327.31,1.01,1,2026-05-05,0956,Aqua,MODIS,43,6.1NRT,302.06,12.18,D
31.66378,75.08649,322.05,1.03,1.01,2026-05-05,0956,Aqua,MODIS,69,6.1NRT,307.09,5.96,D
31.60879,74.73919,327.3,1.05,1.02,2026-05-05,0956,Aqua,MODIS,76,6.1NRT,308.21,12.16,D
31.65118,74.94851,324.7,1.04,1.02,2026-05-05,0956,Aqua,MODIS,73,6.1NRT,309.16,8.62,D
31.73674,75.38148,325.36,1.02,1.01,2026-05-05,0956,Aqua,MODIS,75,6.1NRT,306.44,8.62,D
31.73516,75.37117,324.64,1.02,1.01,2026-05-05,0956,Aqua,MODIS,74,6.1NRT,306.78,7.81,D
31.68256,74.97421,324.42,1.03,1.02,2026-05-05,0956,Aqua,MODIS,72,6.1NRT,308.34,8.12,D
31.61007,74.5172,319.97,1.07,1.03,2026-05-05,0956,Aqua,MODIS,47,6.1NRT,303.38,7.35,D
31.77045,75.34631,322.52,1.02,1.01,2026-05-05,0956,Aqua,MODIS,70,6.1NRT,305.24,7.52,D
31.68667,74.81403,322.18,1.04,1.02,2026-05-05,0956,Aqua,MODIS,61,6.1NRT,304.89,6.02,D
31.68568,74.69337,324.86,1.05,1.02,2026-05-05,0956,Aqua,MODIS,66,6.1NRT,303.82,9.32,D
31.68398,74.68272,323.41,1.05,1.02,2026-05-05,0956,Aqua,MODIS,38,6.1NRT,304.27,8.77,D
31.76953,74.81206,329.05,1.04,1.02,2026-05-05,0956,Aqua,MODIS,59,6.1NRT,309.89,12.82,D
31.80107,74.83789,326.16,1.04,1.02,2026-05-05,0956,Aqua,MODIS,74,6.1NRT,307.53,9.66,D
31.89618,75.38826,324.17,1.01,1.01,2026-05-05,0956,Aqua,MODIS,72,6.1NRT,307.41,7.7,D
31.90649,75.39669,331.75,1.01,1.01,2026-05-05,0956,Aqua,MODIS,82,6.1NRT,307.61,16.84,D
31.92783,75.47716,329.68,1.01,1,2026-05-05,0956,Aqua,MODIS,80,6.1NRT,306.9,14.93,D
31.8425,74.92684,324.09,1.03,1.02,2026-05-05,0956,Aqua,MODIS,71,6.1NRT,308.18,8.53,D
31.84085,74.91634,326.56,1.04,1.02,2026-05-05,0956,Aqua,MODIS,75,6.1NRT,308.35,11.34,D
31.71995,74.16325,331.3,1.09,1.04,2026-05-05,0956,Aqua,MODIS,74,6.1NRT,302.9,22.44,D
31.82887,74.66696,336.18,1.05,1.02,2026-05-05,0956,Aqua,MODIS,85,6.1NRT,308.23,26.49,D
31.82718,74.6563,324.47,1.05,1.02,2026-05-05,0956,Aqua,MODIS,36,6.1NRT,308.23,10.46,D
31.91516,75.14223,329.78,1.02,1.01,2026-05-05,0956,Aqua,MODIS,42,6.1NRT,307.19,13.84,D
31.91353,75.13183,328.58,1.02,1.01,2026-05-05,0956,Aqua,MODIS,31,6.1NRT,307.34,12.44,D
31.97831,75.49166,327.21,1.01,1,2026-05-05,0956,Aqua,MODIS,51,6.1NRT,305.74,13.78,D
31.96409,75.39906,324.04,1.01,1.01,2026-05-05,0956,Aqua,MODIS,68,6.1NRT,307.03,7.83,D
31.92617,75.09677,341.23,1.02,1.01,2026-05-05,0956,Aqua,MODIS,89,6.1NRT,304.06,34.44,D
31.87639,74.78181,321.38,1.04,1.02,2026-05-05,0956,Aqua,MODIS,52,6.1NRT,305.59,4.73,D
31.96241,75.27139,321.27,1.02,1.01,2026-05-05,0956,Aqua,MODIS,67,6.1NRT,305.06,5.94,D
31.98946,75.32965,325.71,1.01,1.01,2026-05-05,0956,Aqua,MODIS,54,6.1NRT,309.15,8.65,D
31.99819,75.32777,327.29,1.01,1.01,2026-05-05,0956,Aqua,MODIS,76,6.1NRT,308.43,10.57,D
31.94983,75.01601,323.67,1.03,1.01,2026-05-05,0956,Aqua,MODIS,26,6.1NRT,303.29,9.68,D
32.05088,75.61398,331.45,1.01,1,2026-05-05,0956,Aqua,MODIS,82,6.1NRT,307.47,17.14,D
32.01485,75.37749,340.34,1.01,1.01,2026-05-05,0956,Aqua,MODIS,89,6.1NRT,307.55,30.33,D
31.84678,74.19617,321.37,1.09,1.04,2026-05-05,0956,Aqua,MODIS,60,6.1NRT,305.63,7.51,D
32.05483,75.33131,324.77,1.01,1.01,2026-05-05,0956,Aqua,MODIS,57,6.1NRT,305.69,8.28,D
32.06356,75.32943,336.61,1.01,1.01,2026-05-05,0956,Aqua,MODIS,86,6.1NRT,307.44,23.42,D
32.0826,75.336,338.21,1.01,1.01,2026-05-05,0956,Aqua,MODIS,86,6.1NRT,304.24,28.38,D
32.06576,75.16836,323.18,1.02,1.01,2026-05-05,0956,Aqua,MODIS,69,6.1NRT,306.12,8.1,D
32.06415,75.15797,322.1,1.02,1.01,2026-05-05,0956,Aqua,MODIS,67,6.1NRT,306.99,6.84,D
31.97802,74.6105,328.78,1.05,1.02,2026-05-05,0956,Aqua,MODIS,77,6.1NRT,306.25,16.18,D
32.10797,75.38386,323.61,1.01,1.01,2026-05-05,0956,Aqua,MODIS,71,6.1NRT,306.9,9.34,D
32.03083,74.35764,324.42,1.07,1.03,2026-05-05,0956,Aqua,MODIS,67,6.1NRT,306.77,9.39,D
32.02908,74.34679,323.25,1.07,1.03,2026-05-05,0956,Aqua,MODIS,62,6.1NRT,306.78,8.01,D
32.03976,74.35561,325.17,1.07,1.03,2026-05-05,0956,Aqua,MODIS,66,6.1NRT,306.39,10.22,D
32.06371,74.27684,323.92,1.07,1.03,2026-05-05,0956,Aqua,MODIS,69,6.1NRT,306.89,10.04,D
32.09941,74.32518,322.73,1.07,1.03,2026-05-05,0956,Aqua,MODIS,66,6.1NRT,305.78,8.67,D
32.10668,74.25572,323.71,1.07,1.03,2026-05-05,0956,Aqua,MODIS,68,6.1NRT,306.09,9.56,D
32.21992,74.49283,327.32,1.05,1.03,2026-05-05,0956,Aqua,MODIS,74,6.1NRT,307.37,12.56,D
32.30794,74.52296,328.45,1.05,1.02,2026-05-05,0956,Aqua,MODIS,76,6.1NRT,306.85,13.99,D
32.36076,74.56647,323.15,1.05,1.02,2026-05-05,0956,Aqua,MODIS,63,6.1NRT,307.68,7.35,D
32.3982,74.61784,322.94,1.04,1.02,2026-05-05,0956,Aqua,MODIS,54,6.1NRT,308.14,8.83,D
32.48079,74.8515,323.04,1.03,1.01,2026-05-05,0956,Aqua,MODIS,62,6.1NRT,306.67,6.98,D
32.46004,74.60394,321.14,1.04,1.02,2026-05-05,0956,Aqua,MODIS,62,6.1NRT,308.01,6.3,D
31.10399,76.06953,318.24,1.98,1.37,2026-05-06,0434,Terra,MODIS,75,6.1NRT,300.92,16.97,D
29.25087,75.89062,323.83,2.79,1.6,2026-05-06,1034,Aqua,MODIS,56,6.1NRT,302.68,35.87,D
29.57178,74.52264,326.35,2.24,1.45,2026-05-06,1034,Aqua,MODIS,65,6.1NRT,304,28.16,D
29.97882,75.76173,323.65,2.79,1.6,2026-05-06,1034,Aqua,MODIS,60,6.1NRT,303.81,28.64,D
30.16273,76.5836,325.86,3.21,1.7,2026-05-06,1034,Aqua,MODIS,68,6.1NRT,302.24,59.86,D
30.05362,75.26077,323.68,2.57,1.54,2026-05-06,1034,Aqua,MODIS,62,6.1NRT,302.71,29.26,D
30.59109,75.51253,323.8,2.73,1.58,2026-05-06,1034,Aqua,MODIS,48,6.1NRT,300.6,37.18,D
31.2351,74.81154,324.51,2.48,1.52,2026-05-06,1034,Aqua,MODIS,69,6.1NRT,303.27,28.55,D
29.6099,74.45006,307.57,1.03,1.01,2026-05-06,1531,Terra,MODIS,70,6.1NRT,296.86,6.29,N
31.7023,75.60311,304.1,1.01,1,2026-05-06,1533,Terra,MODIS,58,6.1NRT,291.08,5.64,N
32.06739,75.35573,302.64,1,1,2026-05-06,1533,Terra,MODIS,50,6.1NRT,291.95,4.48,N
32.16024,75.42737,302.07,1,1,2026-05-06,1533,Terra,MODIS,42,6.1NRT,291.66,3.62,N
32.15886,75.41705,305.23,1,1,2026-05-06,1533,Terra,MODIS,63,6.1NRT,291.86,5.44,N
32.18281,75.52904,301.9,1.01,1,2026-05-06,1533,Terra,MODIS,45,6.1NRT,291.89,3.74,N
32.16899,75.4257,302.34,1,1,2026-05-06,1533,Terra,MODIS,27,6.1NRT,291.33,3.63,N
32.19757,75.50504,327.73,1.01,1,2026-05-06,1533,Terra,MODIS,100,6.1NRT,293.46,23.79,N
32.20357,75.4827,309.6,1.01,1,2026-05-06,1533,Terra,MODIS,53,6.1NRT,292.33,7.58,N
29.73032,76.09318,321.84,2.44,1.51,2026-05-07,0336,Terra,MODIS,70,6.1NRT,299.58,32.43,D
29.6726,76.30669,319.24,2.35,1.48,2026-05-07,0336,Terra,MODIS,65,6.1NRT,299.02,20.89,D
29.38935,75.12664,320.35,2.83,1.61,2026-05-07,0336,Terra,MODIS,64,6.1NRT,302.96,25.42,D
28.79866,76.83057,319.14,2.1,1.41,2026-05-07,0336,Terra,MODIS,60,6.1NRT,299.22,15.58,D
30.04299,74.47581,324.43,2.42,1.5,2026-05-07,0934,Aqua,MODIS,63,6.1NRT,308.11,24.08,D
30.06746,74.15603,323.13,2.54,1.53,2026-05-07,0934,Aqua,MODIS,59,6.1NRT,307.74,25.54,D
30.17244,74.58281,323.7,2.36,1.48,2026-05-07,0934,Aqua,MODIS,65,6.1NRT,306.99,23.66,D
30.47963,74.84123,323.15,2.23,1.45,2026-05-07,0934,Aqua,MODIS,64,6.1NRT,301.26,29.52,D
30.48067,74.83389,319.86,2.23,1.45,2026-05-07,0934,Aqua,MODIS,51,6.1NRT,301.27,17.44,D
30.51817,74.6349,322.49,2.29,1.47,2026-05-07,0934,Aqua,MODIS,64,6.1NRT,305.38,23.19,D
31.06537,74.81591,321.94,2.16,1.43,2026-05-07,0934,Aqua,MODIS,68,6.1NRT,301.24,22.97,D
31.47117,74.6533,319.23,2.17,1.43,2026-05-07,0934,Aqua,MODIS,22,6.1NRT,299,12.93,D
32.47786,74.60436,323.1,1,1,2026-05-08,0414,Terra,MODIS,74,6.1NRT,302.37,10.79,D
32.40488,74.32282,316.05,1,1,2026-05-08,0414,Terra,MODIS,59,6.1NRT,299.73,5.39,D
32.27954,74.4942,323.97,1,1,2026-05-08,0414,Terra,MODIS,75,6.1NRT,302.87,11.04,D
32.27808,74.50452,320.13,1,1,2026-05-08,0414,Terra,MODIS,68,6.1NRT,301.52,7,D
32.21964,74.59923,317.31,1,1,2026-05-08,0414,Terra,MODIS,60,6.1NRT,301.74,5.71,D
32.23419,74.43254,317.45,1,1,2026-05-08,0414,Terra,MODIS,62,6.1NRT,300.67,5.67,D
32.23273,74.44286,317.99,1,1,2026-05-08,0414,Terra,MODIS,64,6.1NRT,301.39,5.8,D
32.12243,75.00835,316.12,1,1,2026-05-08,0414,Terra,MODIS,61,6.1NRT,300.78,4.93,D
32.21063,74.26288,315.42,1,1,2026-05-08,0414,Terra,MODIS,52,6.1NRT,300.56,5.45,D
32.15826,74.63422,319.36,1,1,2026-05-08,0414,Terra,MODIS,67,6.1NRT,301.88,7.43,D
32.12918,74.37882,322.19,1,1,2026-05-08,0414,Terra,MODIS,71,6.1NRT,302.17,9.32,D
32.02155,75.06674,333.73,1,1,2026-05-08,0414,Terra,MODIS,85,6.1NRT,302.07,24.05,D
32.1101,74.32227,320.02,1,1,2026-05-08,0414,Terra,MODIS,67,6.1NRT,302,7.92,D
32.10998,74.25867,321.11,1,1,2026-05-08,0414,Terra,MODIS,70,6.1NRT,301.11,9.49,D
31.9801,75.1647,319.66,1.01,1,2026-05-08,0414,Terra,MODIS,68,6.1NRT,301.63,6.88,D
31.91582,75.35427,320.22,1.01,1.01,2026-05-08,0414,Terra,MODIS,69,6.1NRT,299.78,8.89,D
31.90407,75.17549,318.14,1.01,1,2026-05-08,0414,Terra,MODIS,64,6.1NRT,301.4,5.96,D
31.90255,75.18581,323.46,1.01,1,2026-05-08,0414,Terra,MODIS,74,6.1NRT,301.35,11.44,D
31.90438,75.11185,318.62,1.01,1,2026-05-08,0414,Terra,MODIS,64,6.1NRT,300.87,5.88,D
31.8837,74.80511,318.86,1,1,2026-05-08,0414,Terra,MODIS,55,6.1NRT,302.26,6.6,D
31.84511,75.00896,320.16,1,1,2026-05-08,0414,Terra,MODIS,68,6.1NRT,301.03,8.12,D
31.7701,75.0895,320.71,1.01,1,2026-05-08,0414,Terra,MODIS,69,6.1NRT,301.19,7.94,D
31.81666,74.70773,329.81,1,1,2026-05-08,0414,Terra,MODIS,80,6.1NRT,302.92,17.28,D
31.79618,74.70838,325.16,1,1,2026-05-08,0414,Terra,MODIS,75,6.1NRT,302.42,11.98,D
31.80212,74.60414,316.85,1,1,2026-05-08,0414,Terra,MODIS,58,6.1NRT,300.55,5.38,D
31.80065,74.6144,318.33,1,1,2026-05-08,0414,Terra,MODIS,63,6.1NRT,300.38,6.5,D
31.78741,74.70669,320.91,1,1,2026-05-08,0414,Terra,MODIS,68,6.1NRT,302.16,7.44,D
31.73292,74.89649,318.16,1,1,2026-05-08,0414,Terra,MODIS,62,6.1NRT,301.45,5.68,D
31.75243,74.63673,319.32,1,1,2026-05-08,0414,Terra,MODIS,65,6.1NRT,302.78,5.89,D
31.67295,74.98381,325.61,1,1,2026-05-08,0414,Terra,MODIS,76,6.1NRT,300.85,13.28,D
31.66567,74.97181,318.23,1,1,2026-05-08,0414,Terra,MODIS,63,6.1NRT,301.1,6.11,D
31.57507,75.21877,317.15,1.01,1,2026-05-08,0414,Terra,MODIS,58,6.1NRT,300.25,5.85,D
31.56667,75.15341,316.47,1.01,1,2026-05-08,0414,Terra,MODIS,59,6.1NRT,300.62,5.16,D
31.55455,74.97572,317.97,1,1,2026-05-08,0414,Terra,MODIS,62,6.1NRT,301.53,5.98,D
31.52545,74.92782,322.6,1,1,2026-05-08,0414,Terra,MODIS,72,6.1NRT,302.23,9.68,D
31.50916,74.97739,320.36,1,1,2026-05-08,0414,Terra,MODIS,68,6.1NRT,301.09,8.02,D
31.45027,74.68573,323.14,1,1,2026-05-08,0414,Terra,MODIS,73,6.1NRT,302.7,9.54,D
31.3621,75.21116,319.83,1.01,1.01,2026-05-08,0414,Terra,MODIS,64,6.1NRT,300.66,9.97,D
31.35427,75.01902,318.69,1.01,1,2026-05-08,0414,Terra,MODIS,64,6.1NRT,301.08,6.25,D
31.40211,74.62847,318.72,1,1,2026-05-08,0414,Terra,MODIS,65,6.1NRT,302.23,5.83,D
31.30579,75.04119,318.51,1.01,1,2026-05-08,0414,Terra,MODIS,64,6.1NRT,301.92,5.67,D
31.28239,75.1253,325.15,1.01,1,2026-05-08,0414,Terra,MODIS,0,6.1NRT,301.27,14.72,D
31.23993,75.10635,316.46,1.01,1,2026-05-08,0414,Terra,MODIS,43,6.1NRT,300.45,6,D
31.06801,75.51369,321.54,1.03,1.01,2026-05-08,0414,Terra,MODIS,71,6.1NRT,301.8,8.83,D
31.06165,75.55544,320.25,1.03,1.01,2026-05-08,0414,Terra,MODIS,70,6.1NRT,301.99,7.59,D
31.18597,74.65842,321.16,1,1,2026-05-08,0414,Terra,MODIS,69,6.1NRT,302.56,8.29,D
31.09142,75.04349,327.03,1.01,1,2026-05-08,0414,Terra,MODIS,78,6.1NRT,302.66,14.83,D
31.08991,75.05375,318.09,1.01,1,2026-05-08,0414,Terra,MODIS,62,6.1NRT,302.32,5.33,D
31.10424,74.70953,320.84,1,1,2026-05-08,0414,Terra,MODIS,56,6.1NRT,302.43,9.77,D
31.05504,74.98363,319.02,1.01,1,2026-05-08,0414,Terra,MODIS,65,6.1NRT,302.87,6.06,D
31.02645,75.11526,319.76,1.01,1.01,2026-05-08,0414,Terra,MODIS,66,6.1NRT,302.28,6.48,D
30.72548,76.51777,318.36,1.11,1.05,2026-05-08,0414,Terra,MODIS,67,6.1NRT,299.08,8.31,D
30.78241,75.68544,319.57,1.04,1.02,2026-05-08,0414,Terra,MODIS,65,6.1NRT,300.18,9.42,D
30.74919,75.59691,322.16,1.04,1.02,2026-05-08,0414,Terra,MODIS,69,6.1NRT,301.69,10.19,D
30.75096,75.22266,318.77,1.02,1.01,2026-05-08,0414,Terra,MODIS,62,6.1NRT,302.25,6.72,D
30.66982,75.14724,321.65,1.02,1.01,2026-05-08,0414,Terra,MODIS,68,6.1NRT,303.1,8.2,D
30.69632,74.84707,319.45,1.01,1,2026-05-08,0414,Terra,MODIS,64,6.1NRT,303.56,5.48,D
30.57197,75.12193,318.75,1.02,1.01,2026-05-08,0414,Terra,MODIS,60,6.1NRT,303.34,5.69,D
30.32312,76.65234,319.76,1.13,1.06,2026-05-08,0414,Terra,MODIS,66,6.1NRT,300.21,9.19,D
30.32126,76.66371,321.92,1.13,1.06,2026-05-08,0414,Terra,MODIS,70,6.1NRT,300.65,11.65,D
30.26776,76.59895,321.06,1.13,1.06,2026-05-08,0414,Terra,MODIS,69,6.1NRT,301.29,9.97,D
30.49192,75.09975,323.82,1.02,1.01,2026-05-08,0414,Terra,MODIS,71,6.1NRT,303.4,10.15,D
30.19936,76.62549,321.81,1.13,1.06,2026-05-08,0414,Terra,MODIS,70,6.1NRT,300.12,12.03,D
30.3978,75.17059,319.21,1.02,1.01,2026-05-08,0414,Terra,MODIS,61,6.1NRT,303.36,6.41,D
30.26011,75.88761,320.31,1.06,1.03,2026-05-08,0414,Terra,MODIS,65,6.1NRT,303.49,7.32,D
30.25843,75.89832,319.38,1.06,1.03,2026-05-08,0414,Terra,MODIS,62,6.1NRT,303.2,6.14,D
30.32574,75.27731,325.74,1.03,1.01,2026-05-08,0414,Terra,MODIS,74,6.1NRT,303.84,13.13,D
30.31689,75.27556,319.43,1.03,1.01,2026-05-08,0414,Terra,MODIS,61,6.1NRT,303.4,6.94,D
30.24445,75.20226,320.32,1.02,1.01,2026-05-08,0414,Terra,MODIS,63,6.1NRT,304.4,7.14,D
30.04369,76.14323,325.79,1.09,1.04,2026-05-08,0414,Terra,MODIS,75,6.1NRT,304.25,13.7,D
30.21053,74.74743,320.32,1.01,1,2026-05-08,0414,Terra,MODIS,60,6.1NRT,305.12,5.89,D
30.19555,74.84908,319.68,1.01,1,2026-05-08,0414,Terra,MODIS,57,6.1NRT,304.74,5.9,D
30.19576,74.78637,323.77,1.01,1,2026-05-08,0414,Terra,MODIS,69,6.1NRT,305.64,9.24,D
29.95153,76.14036,319.48,1.09,1.04,2026-05-08,0414,Terra,MODIS,62,6.1NRT,303.44,7.03,D
30.05274,75.00432,319.69,1.02,1.01,2026-05-08,0414,Terra,MODIS,56,6.1NRT,304.55,5.51,D
30.01659,75.12385,321.1,1.02,1.01,2026-05-08,0414,Terra,MODIS,61,6.1NRT,304.95,6.89,D
29.83422,76.23493,318.85,1.1,1.05,2026-05-08,0414,Terra,MODIS,61,6.1NRT,303.21,6.74,D
30.11889,74.30858,325.2,1,1,2026-05-08,0414,Terra,MODIS,72,6.1NRT,306.51,10.83,D
30.11743,74.31866,323.06,1,1,2026-05-08,0414,Terra,MODIS,68,6.1NRT,306.22,8.62,D
29.9091,75.7038,320.65,1.06,1.03,2026-05-08,0414,Terra,MODIS,62,6.1NRT,304.97,6.8,D
29.73459,76.21932,318.05,1.1,1.05,2026-05-08,0414,Terra,MODIS,57,6.1NRT,303.13,6.02,D
30.0397,74.0747,322.56,1,1,2026-05-08,0414,Terra,MODIS,65,6.1NRT,305.92,9.6,D
30.03826,74.08477,321.98,1,1,2026-05-08,0414,Terra,MODIS,64,6.1NRT,305.81,8.87,D
29.79498,75.72319,323.23,1.06,1.03,2026-05-08,0414,Terra,MODIS,68,6.1NRT,304.79,9.94,D
30.05054,73.54832,320.45,1.01,1,2026-05-08,0414,Terra,MODIS,50,6.1NRT,303.51,8.81,D
29.95672,74.21435,322.43,1,1,2026-05-08,0414,Terra,MODIS,65,6.1NRT,306.68,7.53,D
29.80012,75.02068,321.03,1.02,1.01,2026-05-08,0414,Terra,MODIS,58,6.1NRT,306.33,6.43,D
29.65626,75.72167,325.7,1.06,1.03,2026-05-08,0414,Terra,MODIS,72,6.1NRT,304.71,13.17,D
29.64226,75.75179,320.8,1.07,1.03,2026-05-08,0414,Terra,MODIS,61,6.1NRT,304.86,6.98,D
29.73671,75.01891,322.63,1.02,1.01,2026-05-08,0414,Terra,MODIS,63,6.1NRT,306.14,7.8,D
29.73516,75.02915,327.9,1.02,1.01,2026-05-08,0414,Terra,MODIS,74,6.1NRT,306.43,13.87,D
29.61386,75.45721,319.13,1.05,1.02,2026-05-08,0414,Terra,MODIS,51,6.1NRT,304.48,5.8,D
29.50049,76.06213,319.66,1.1,1.04,2026-05-08,0414,Terra,MODIS,59,6.1NRT,302.8,7.6,D
29.6911,74.56949,321.48,1.01,1,2026-05-08,0414,Terra,MODIS,58,6.1NRT,306.62,6.23,D
29.49585,75.50285,319.65,1.05,1.02,2026-05-08,0414,Terra,MODIS,55,6.1NRT,304.22,7.07,D
29.59511,74.79044,322.61,1.01,1.01,2026-05-08,0414,Terra,MODIS,62,6.1NRT,305.77,8.29,D
29.62839,74.42751,320.98,1,1,2026-05-08,0414,Terra,MODIS,54,6.1NRT,306.86,6.12,D
29.39567,75.84935,320.76,1.08,1.04,2026-05-08,0414,Terra,MODIS,61,6.1NRT,303.49,8.12,D
29.58593,74.47122,328.38,1,1,2026-05-08,0414,Terra,MODIS,74,6.1NRT,306.98,14.55,D
29.33938,76.0281,320.9,1.1,1.04,2026-05-08,0414,Terra,MODIS,62,6.1NRT,302.85,9.39,D
29.47966,75.00332,320.17,1.02,1.01,2026-05-08,0414,Terra,MODIS,52,6.1NRT,305.1,6.37,D
29.49536,74.83853,319.09,1.02,1.01,2026-05-08,0414,Terra,MODIS,37,6.1NRT,304.01,7.37,D
29.49384,74.84869,322.2,1.02,1.01,2026-05-08,0414,Terra,MODIS,60,6.1NRT,304.96,10.36,D
29.49718,74.76581,320,1.01,1.01,2026-05-08,0414,Terra,MODIS,49,6.1NRT,305.32,7.57,D
29.16062,76.62289,324.53,1.17,1.07,2026-05-08,0414,Terra,MODIS,71,6.1NRT,302.03,15.26,D
29.15873,76.63446,319.68,1.17,1.08,2026-05-08,0414,Terra,MODIS,59,6.1NRT,301.63,9.11,D
29.47495,74.47504,321.38,1.01,1,2026-05-08,0414,Terra,MODIS,55,6.1NRT,306.72,6.65,D
29.20185,76.07282,319.05,1.1,1.05,2026-05-08,0414,Terra,MODIS,54,6.1NRT,302.52,7.16,D
29.41644,74.55119,326.87,1.01,1,2026-05-08,0414,Terra,MODIS,71,6.1NRT,308.34,11.64,D
29.14078,76.11125,321.42,1.11,1.05,2026-05-08,0414,Terra,MODIS,62,6.1NRT,303.35,9.08,D
29.36823,74.44907,323.08,1.01,1,2026-05-08,0414,Terra,MODIS,53,6.1NRT,306.71,7.39,D
29.11294,76.04877,320.06,1.1,1.05,2026-05-08,0414,Terra,MODIS,55,6.1NRT,303.31,7.01,D
29.10492,76.05196,320.96,1.1,1.05,2026-05-08,0414,Terra,MODIS,58,6.1NRT,304.21,8.66,D
28.96258,76.58096,318.71,1.17,1.08,2026-05-08,0414,Terra,MODIS,51,6.1NRT,303.03,6.73,D
28.95494,75.93661,319.51,1.1,1.04,2026-05-08,0414,Terra,MODIS,45,6.1NRT,302.85,7.66,D
28.79264,76.36756,320.43,1.15,1.07,2026-05-08,0414,Terra,MODIS,53,6.1NRT,305.29,7.3,D
28.74313,76.45754,321.79,1.16,1.07,2026-05-08,0414,Terra,MODIS,58,6.1NRT,304.54,9.11,D
28.62844,76.85812,320.16,1.22,1.1,2026-05-08,0414,Terra,MODIS,54,6.1NRT,304.79,7.6,D
28.67507,76.42519,325.78,1.16,1.07,2026-05-08,0414,Terra,MODIS,68,6.1NRT,305.37,14.25,D
28.65832,76.46916,321.31,1.16,1.07,2026-05-08,0414,Terra,MODIS,53,6.1NRT,305.28,8.91,D
28.36372,76.89563,319.84,1.23,1.1,2026-05-08,0414,Terra,MODIS,29,6.1NRT,302.52,7.86,D
28.97253,76.66127,323.36,1.3,1.13,2026-05-08,1011,Aqua,MODIS,55,6.1NRT,305.94,8.15,D
29.0329,76.74422,322.36,1.31,1.14,2026-05-08,1011,Aqua,MODIS,51,6.1NRT,304.96,8.56,D
29.10593,76.8478,330.14,1.33,1.14,2026-05-08,1011,Aqua,MODIS,76,6.1NRT,304.09,22.69,D
29.27688,76.74154,324.54,1.32,1.14,2026-05-08,1011,Aqua,MODIS,66,6.1NRT,305.82,11.41,D
29.28793,75.99121,326.89,1.21,1.09,2026-05-08,1011,Aqua,MODIS,65,6.1NRT,308.77,12.03,D
29.28643,75.97921,335.69,1.2,1.09,2026-05-08,1011,Aqua,MODIS,81,6.1NRT,310.07,27.5,D
29.33777,75.89211,324.92,1.19,1.09,2026-05-08,1011,Aqua,MODIS,56,6.1NRT,308.39,8.98,D
29.58511,76.24965,328.24,1.25,1.11,2026-05-08,1011,Aqua,MODIS,72,6.1NRT,306.21,16.16,D
29.44566,74.79238,328.22,1.08,1.04,2026-05-08,1011,Aqua,MODIS,54,6.1NRT,313.84,8.46,D
29.56713,75.66648,329.52,1.17,1.08,2026-05-08,1011,Aqua,MODIS,71,6.1NRT,310.88,14.01,D
29.58416,75.498,327.67,1.15,1.07,2026-05-08,1011,Aqua,MODIS,66,6.1NRT,310.2,11.29,D
29.46093,74.48988,327.95,1.05,1.03,2026-05-08,1011,Aqua,MODIS,56,6.1NRT,313.78,7.25,D
29.63673,75.53622,327.44,1.16,1.07,2026-05-08,1011,Aqua,MODIS,66,6.1NRT,309.2,10.79,D
29.44731,74.05165,329.68,1.03,1.01,2026-05-08,1011,Aqua,MODIS,62,6.1NRT,312.97,9.53,D
29.67257,75.7032,328.44,1.18,1.08,2026-05-08,1011,Aqua,MODIS,70,6.1NRT,308.57,14.16,D
29.6711,75.69143,324.26,1.18,1.08,2026-05-08,1011,Aqua,MODIS,56,6.1NRT,308.08,7.87,D
29.62534,75.25331,328.89,1.12,1.06,2026-05-08,1011,Aqua,MODIS,67,6.1NRT,309.78,12.31,D
29.62391,75.24209,330.09,1.12,1.06,2026-05-08,1011,Aqua,MODIS,70,6.1NRT,310.23,14,D
29.64428,75.18143,325.19,1.12,1.05,2026-05-08,1011,Aqua,MODIS,50,6.1NRT,309.39,7.31,D
29.51553,74.21832,332.76,1.04,1.02,2026-05-08,1011,Aqua,MODIS,72,6.1NRT,314.38,13.08,D
29.84752,76.7373,322.12,1.34,1.15,2026-05-08,1011,Aqua,MODIS,61,6.1NRT,303.68,9.94,D
29.52439,74.21671,331.79,1.04,1.02,2026-05-08,1011,Aqua,MODIS,65,6.1NRT,314.65,11.93,D
29.85274,76.69549,322.13,1.34,1.15,2026-05-08,1011,Aqua,MODIS,61,6.1NRT,303.97,9.82,D
29.77912,76.09177,323.98,1.24,1.1,2026-05-08,1011,Aqua,MODIS,61,6.1NRT,306.29,8.84,D
29.58609,74.60231,336.31,1.06,1.03,2026-05-08,1011,Aqua,MODIS,79,6.1NRT,313.37,20.44,D
29.58466,74.59171,333.47,1.06,1.03,2026-05-08,1011,Aqua,MODIS,74,6.1NRT,312.48,15.9,D
29.54211,74.21349,336.78,1.04,1.02,2026-05-08,1011,Aqua,MODIS,79,6.1NRT,311,20.08,D
29.77992,75.94171,328.75,1.21,1.1,2026-05-08,1011,Aqua,MODIS,72,6.1NRT,307.7,14.97,D
29.74566,75.47008,327.9,1.15,1.07,2026-05-08,1011,Aqua,MODIS,66,6.1NRT,307.81,11.47,D
29.85644,76.04714,322.79,1.23,1.1,2026-05-08,1011,Aqua,MODIS,55,6.1NRT,305.14,7.28,D
29.88582,75.86249,325.96,1.21,1.09,2026-05-08,1011,Aqua,MODIS,65,6.1NRT,307.54,9.44,D
29.96668,76.20184,323.31,1.26,1.11,2026-05-08,1011,Aqua,MODIS,60,6.1NRT,305.74,8.47,D
29.82967,75.04623,331.55,1.11,1.05,2026-05-08,1011,Aqua,MODIS,72,6.1NRT,311.86,14.06,D
29.97197,75.73111,325.62,1.19,1.09,2026-05-08,1011,Aqua,MODIS,63,6.1NRT,307.71,10,D
29.86,74.85421,327.69,1.09,1.04,2026-05-08,1011,Aqua,MODIS,59,6.1NRT,310.18,8.98,D
29.93328,75.27393,329.89,1.13,1.06,2026-05-08,1011,Aqua,MODIS,70,6.1NRT,310.77,13.15,D
29.9468,74.88934,327.8,1.1,1.04,2026-05-08,1011,Aqua,MODIS,62,6.1NRT,311.44,9.31,D
30.03248,75.04413,325.39,1.11,1.05,2026-05-08,1011,Aqua,MODIS,52,6.1NRT,308.34,8.34,D
30.01636,74.9222,331.05,1.1,1.05,2026-05-08,1011,Aqua,MODIS,71,6.1NRT,309.46,15.57,D
29.9594,74.35249,325.25,1.05,1.02,2026-05-08,1011,Aqua,MODIS,42,6.1NRT,309.76,7.03,D
30.24103,76.52127,324.81,1.32,1.14,2026-05-08,1011,Aqua,MODIS,67,6.1NRT,304.02,13.93,D
30.04814,74.95518,328.42,1.1,1.05,2026-05-08,1011,Aqua,MODIS,66,6.1NRT,309.86,10.89,D
30.12409,75.47621,325.3,1.16,1.07,2026-05-08,1011,Aqua,MODIS,61,6.1NRT,308.41,9.6,D
29.99575,74.487,329.99,1.06,1.03,2026-05-08,1011,Aqua,MODIS,69,6.1NRT,311.71,10.39,D
30.19468,75.96707,326.23,1.23,1.1,2026-05-08,1011,Aqua,MODIS,68,6.1NRT,305.88,11.42,D
30.14825,75.59217,326.45,1.18,1.08,2026-05-08,1011,Aqua,MODIS,66,6.1NRT,306.94,12.51,D
30.29795,76.74612,326.73,1.36,1.16,2026-05-08,1011,Aqua,MODIS,72,6.1NRT,303.27,18.6,D
30.29635,76.73242,324.02,1.36,1.16,2026-05-08,1011,Aqua,MODIS,66,6.1NRT,303.59,13.15,D
30.0395,74.67691,325.88,1.08,1.04,2026-05-08,1011,Aqua,MODIS,56,6.1NRT,310.04,8.06,D
30.11972,75.21804,327.33,1.13,1.06,2026-05-08,1011,Aqua,MODIS,65,6.1NRT,309.05,9.77,D
30.23165,75.94843,324.56,1.23,1.1,2026-05-08,1011,Aqua,MODIS,64,6.1NRT,306.51,9.05,D
30.04348,74.50027,330.09,1.07,1.03,2026-05-08,1011,Aqua,MODIS,69,6.1NRT,310.52,12.54,D
29.95901,73.82088,329.78,1.02,1.01,2026-05-08,1011,Aqua,MODIS,69,6.1NRT,313.7,9.05,D
30.15786,75.17112,328.34,1.13,1.06,2026-05-08,1011,Aqua,MODIS,69,6.1NRT,309,11.57,D
30.0873,74.48683,327.6,1.07,1.03,2026-05-08,1011,Aqua,MODIS,54,6.1NRT,310.28,8.22,D
30.20163,75.29192,338.91,1.14,1.07,2026-05-08,1011,Aqua,MODIS,85,6.1NRT,307.78,29.43,D
30.09342,74.46389,330.55,1.06,1.03,2026-05-08,1011,Aqua,MODIS,72,6.1NRT,310.33,11.93,D
30.26585,75.72563,325.42,1.2,1.09,2026-05-08,1011,Aqua,MODIS,65,6.1NRT,307.45,9.82,D
30.20946,75.27886,328.35,1.14,1.07,2026-05-08,1011,Aqua,MODIS,44,6.1NRT,308.4,11.4,D
30.11241,74.53709,333.42,1.07,1.03,2026-05-08,1011,Aqua,MODIS,77,6.1NRT,310.13,17.27,D
30.21475,75.17294,324.92,1.13,1.06,2026-05-08,1011,Aqua,MODIS,46,6.1NRT,307.82,6.87,D
30.06155,74.02853,327.41,1.03,1.02,2026-05-08,1011,Aqua,MODIS,65,6.1NRT,309.47,11.18,D
30.34677,76.14151,321.42,1.26,1.12,2026-05-08,1011,Aqua,MODIS,52,6.1NRT,303.94,9.09,D
30.23139,75.2283,325.96,1.14,1.06,2026-05-08,1011,Aqua,MODIS,63,6.1NRT,308.44,9.08,D
30.1553,74.65076,334.35,1.08,1.04,2026-05-08,1011,Aqua,MODIS,78,6.1NRT,310.06,18.98,D
30.15385,74.63995,339.07,1.08,1.04,2026-05-08,1011,Aqua,MODIS,84,6.1NRT,310.03,27.19,D
30.36753,76.22937,321.91,1.28,1.12,2026-05-08,1011,Aqua,MODIS,57,6.1NRT,303.73,8.7,D
30.1818,74.77976,331.5,1.09,1.04,2026-05-08,1011,Aqua,MODIS,74,6.1NRT,309.78,15.3,D
30.17597,74.73606,335.12,1.09,1.04,2026-05-08,1011,Aqua,MODIS,79,6.1NRT,311.1,20.61,D
30.2564,75.21717,331.05,1.14,1.06,2026-05-08,1011,Aqua,MODIS,75,6.1NRT,308.99,16.59,D
30.22096,74.86738,325.8,1.1,1.05,2026-05-08,1011,Aqua,MODIS,62,6.1NRT,309.01,8.45,D
30.21666,74.83429,332.62,1.1,1.04,2026-05-08,1011,Aqua,MODIS,77,6.1NRT,309.98,17.21,D
30.45545,76.61182,324.12,1.35,1.15,2026-05-08,1011,Aqua,MODIS,66,6.1NRT,303.02,14.93,D
30.2609,75.03121,324.5,1.12,1.05,2026-05-08,1011,Aqua,MODIS,54,6.1NRT,309.06,9.25,D
30.44175,76.40959,321.69,1.31,1.14,2026-05-08,1011,Aqua,MODIS,58,6.1NRT,303.46,8.78,D
30.24397,74.82949,326.98,1.1,1.04,2026-05-08,1011,Aqua,MODIS,65,6.1NRT,309.14,9.82,D
30.42738,76.04404,324.13,1.25,1.11,2026-05-08,1011,Aqua,MODIS,64,6.1NRT,303.59,12.35,D
30.31535,75.16044,328.74,1.13,1.06,2026-05-08,1011,Aqua,MODIS,70,6.1NRT,307.56,13.86,D
30.46068,76.23363,323.2,1.28,1.12,2026-05-08,1011,Aqua,MODIS,62,6.1NRT,303.8,11.07,D
30.50317,76.50273,325.32,1.33,1.14,2026-05-08,1011,Aqua,MODIS,69,6.1NRT,304.53,13.95,D
30.50162,76.48933,324.6,1.33,1.14,2026-05-08,1011,Aqua,MODIS,67,6.1NRT,305.06,12.45,D
30.51315,76.50115,327.26,1.33,1.14,2026-05-08,1011,Aqua,MODIS,72,6.1NRT,304.25,17.11,D
30.5116,76.48775,336.99,1.33,1.14,2026-05-08,1011,Aqua,MODIS,84,6.1NRT,304.87,36.79,D
30.4838,76.25076,326.25,1.29,1.13,2026-05-08,1011,Aqua,MODIS,70,6.1NRT,304.05,15.81,D
30.48227,76.23781,326.48,1.28,1.12,2026-05-08,1011,Aqua,MODIS,71,6.1NRT,304.49,16.19,D
30.2554,74.4333,325.43,1.06,1.03,2026-05-08,1011,Aqua,MODIS,62,6.1NRT,309.08,8.11,D
30.36417,75.12315,325.32,1.13,1.06,2026-05-08,1011,Aqua,MODIS,63,6.1NRT,307.78,9.16,D
30.42656,75.53966,330.04,1.18,1.08,2026-05-08,1011,Aqua,MODIS,75,6.1NRT,306.63,16.72,D
30.38999,75.17694,332.57,1.14,1.06,2026-05-08,1011,Aqua,MODIS,78,6.1NRT,306.6,20.94,D
30.56983,76.46494,323.38,1.32,1.14,2026-05-08,1011,Aqua,MODIS,64,6.1NRT,304.34,10.6,D
30.43832,75.40514,326.71,1.16,1.07,2026-05-08,1011,Aqua,MODIS,68,6.1NRT,307.37,11.76,D
30.43302,75.23318,325.97,1.14,1.07,2026-05-08,1011,Aqua,MODIS,66,6.1NRT,308.03,10.43,D
30.33864,74.49959,324.59,1.07,1.03,2026-05-08,1011,Aqua,MODIS,59,6.1NRT,307.11,6.83,D
30.33722,74.48882,329.21,1.07,1.03,2026-05-08,1011,Aqua,MODIS,73,6.1NRT,306.99,13.24,D
30.46999,75.45303,333.23,1.17,1.08,2026-05-08,1011,Aqua,MODIS,79,6.1NRT,307.24,21.1,D
30.43651,75.18563,333.23,1.14,1.06,2026-05-08,1011,Aqua,MODIS,79,6.1NRT,307.48,21.18,D
30.38855,74.66821,325.61,1.09,1.04,2026-05-08,1011,Aqua,MODIS,64,6.1NRT,308.18,8.42,D
30.5061,75.43488,324.64,1.17,1.08,2026-05-08,1011,Aqua,MODIS,58,6.1NRT,307.2,8.75,D
30.38256,74.41476,328.07,1.07,1.03,2026-05-08,1011,Aqua,MODIS,70,6.1NRT,308.66,12.4,D
30.56264,75.73133,323.65,1.21,1.09,2026-05-08,1011,Aqua,MODIS,62,6.1NRT,306.03,8.35,D
30.50251,75.25666,328.12,1.15,1.07,2026-05-08,1011,Aqua,MODIS,71,6.1NRT,308.23,12.89,D
30.59991,75.95228,325.46,1.24,1.11,2026-05-08,1011,Aqua,MODIS,67,6.1NRT,305.59,11.3,D
30.49867,75.02959,328.82,1.12,1.06,2026-05-08,1011,Aqua,MODIS,73,6.1NRT,308.16,15.22,D
30.46289,74.75039,324.29,1.1,1.04,2026-05-08,1011,Aqua,MODIS,62,6.1NRT,306.13,7.73,D
30.49924,74.9603,343.68,1.12,1.05,2026-05-08,1011,Aqua,MODIS,89,6.1NRT,307.46,38.79,D
30.4221,74.36904,321.56,1.06,1.03,2026-05-08,1011,Aqua,MODIS,40,6.1NRT,305.68,5.48,D
30.59322,75.63391,325.01,1.2,1.09,2026-05-08,1011,Aqua,MODIS,61,6.1NRT,306.34,8.59,D
30.49258,74.83574,324.93,1.1,1.05,2026-05-08,1011,Aqua,MODIS,62,6.1NRT,307.87,9.22,D
30.51761,74.9571,326.06,1.12,1.05,2026-05-08,1011,Aqua,MODIS,47,6.1NRT,306.37,9.39,D
30.65912,76.01414,321.61,1.25,1.11,2026-05-08,1011,Aqua,MODIS,49,6.1NRT,303.17,7.92,D
30.61522,75.65495,333.79,1.2,1.09,2026-05-08,1011,Aqua,MODIS,80,6.1NRT,306.18,24.63,D
30.60923,75.60661,324.81,1.2,1.09,2026-05-08,1011,Aqua,MODIS,64,6.1NRT,306.56,8.49,D
30.62473,75.65337,325.84,1.2,1.09,2026-05-08,1011,Aqua,MODIS,67,6.1NRT,305.75,11.39,D
30.54765,75.04426,324.53,1.13,1.06,2026-05-08,1011,Aqua,MODIS,58,6.1NRT,305.13,7.47,D
30.405,73.97245,327.8,1.04,1.02,2026-05-08,1011,Aqua,MODIS,71,6.1NRT,308.91,10.1,D
30.57306,75.16824,328.82,1.14,1.06,2026-05-08,1011,Aqua,MODIS,73,6.1NRT,305.25,14.28,D
30.57158,75.15676,323.55,1.14,1.06,2026-05-08,1011,Aqua,MODIS,44,6.1NRT,305.97,7.51,D
30.64832,75.68665,322.88,1.21,1.09,2026-05-08,1011,Aqua,MODIS,58,6.1NRT,304.63,8.92,D
30.6468,75.67448,321.65,1.21,1.09,2026-05-08,1011,Aqua,MODIS,52,6.1NRT,303.78,7.12,D
30.56462,75.02972,345.88,1.12,1.06,2026-05-08,1011,Aqua,MODIS,91,6.1NRT,305.18,44.16,D
30.63657,75.5163,326.31,1.18,1.08,2026-05-08,1011,Aqua,MODIS,68,6.1NRT,307.25,10.16,D
30.63506,75.50437,337.71,1.18,1.08,2026-05-08,1011,Aqua,MODIS,84,6.1NRT,307.68,29.5,D
30.57384,75.02813,330.55,1.12,1.06,2026-05-08,1011,Aqua,MODIS,76,6.1NRT,305.47,16.5,D
30.56205,74.93786,327.34,1.12,1.05,2026-05-08,1011,Aqua,MODIS,68,6.1NRT,307.67,11.19,D
30.56058,74.92663,327.35,1.11,1.05,2026-05-08,1011,Aqua,MODIS,65,6.1NRT,306.37,11.04,D
30.44163,74.0406,324.09,1.04,1.02,2026-05-08,1011,Aqua,MODIS,39,6.1NRT,307.71,6.71,D
30.68588,75.83084,328.53,1.23,1.1,2026-05-08,1011,Aqua,MODIS,73,6.1NRT,305.44,17.9,D
30.58306,75.02653,325.31,1.12,1.06,2026-05-08,1011,Aqua,MODIS,65,6.1NRT,305.29,9.81,D
30.44906,74.02851,324.82,1.04,1.02,2026-05-08,1011,Aqua,MODIS,60,6.1NRT,306.96,7.79,D
30.57906,74.8595,326.2,1.11,1.05,2026-05-08,1011,Aqua,MODIS,68,6.1NRT,307.58,10.01,D
30.57328,74.60074,337.5,1.08,1.04,2026-05-08,1011,Aqua,MODIS,84,6.1NRT,308.75,25.6,D
30.57184,74.58982,326.66,1.08,1.04,2026-05-08,1011,Aqua,MODIS,70,6.1NRT,307.78,8.85,D
30.5148,74.09586,324.75,1.05,1.02,2026-05-08,1011,Aqua,MODIS,65,6.1NRT,308.43,7.1,D
30.5105,74.06433,325.88,1.04,1.02,2026-05-08,1011,Aqua,MODIS,68,6.1NRT,309.03,9.1,D
30.65412,75.0773,326.31,1.13,1.06,2026-05-08,1011,Aqua,MODIS,69,6.1NRT,308.06,10.23,D
30.55849,74.28315,324.4,1.06,1.03,2026-05-08,1011,Aqua,MODIS,64,6.1NRT,307.47,7.38,D
30.53689,74.12418,325.22,1.05,1.02,2026-05-08,1011,Aqua,MODIS,66,6.1NRT,307.07,8.06,D
30.67923,74.92796,325.55,1.12,1.05,2026-05-08,1011,Aqua,MODIS,62,6.1NRT,307.69,9.15,D
30.67779,74.91669,324.61,1.12,1.05,2026-05-08,1011,Aqua,MODIS,51,6.1NRT,306.07,8.36,D
30.77241,75.51757,320.25,1.19,1.08,2026-05-08,1011,Aqua,MODIS,42,6.1NRT,301.99,8.37,D
30.71407,74.97968,330.19,1.12,1.06,2026-05-08,1011,Aqua,MODIS,76,6.1NRT,306.51,14.9,D
30.62888,74.33024,325.13,1.06,1.03,2026-05-08,1011,Aqua,MODIS,67,6.1NRT,307.09,7.41,D
30.80249,74.94611,325.92,1.12,1.06,2026-05-08,1011,Aqua,MODIS,70,6.1NRT,306.89,9.26,D
30.89827,75.55125,319.41,1.2,1.09,2026-05-08,1011,Aqua,MODIS,43,6.1NRT,303.34,8.4,D
30.84635,75.06676,325.13,1.14,1.06,2026-05-08,1011,Aqua,MODIS,69,6.1NRT,307.51,8.52,D
30.7644,74.44274,326.62,1.07,1.03,2026-05-08,1011,Aqua,MODIS,71,6.1NRT,306.49,11,D
30.83488,74.90574,327.7,1.12,1.05,2026-05-08,1011,Aqua,MODIS,73,6.1NRT,308.13,11.14,D
30.82457,74.82694,327.76,1.11,1.05,2026-05-08,1011,Aqua,MODIS,73,6.1NRT,309.02,11.39,D
30.89633,75.26588,321.8,1.16,1.07,2026-05-08,1011,Aqua,MODIS,62,6.1NRT,304.48,7.05,D
30.94511,75.42707,323.78,1.18,1.08,2026-05-08,1011,Aqua,MODIS,66,6.1NRT,304.77,11.49,D
30.93274,74.81854,328.53,1.11,1.05,2026-05-08,1011,Aqua,MODIS,75,6.1NRT,307.51,12.22,D
30.92269,74.74004,325.32,1.1,1.05,2026-05-08,1011,Aqua,MODIS,69,6.1NRT,305.23,9.43,D
30.99416,75.23058,323.03,1.16,1.07,2026-05-08,1011,Aqua,MODIS,67,6.1NRT,304.71,7.76,D
30.97428,74.99703,328.21,1.13,1.06,2026-05-08,1011,Aqua,MODIS,76,6.1NRT,305.43,13.42,D
30.95299,74.75756,328.12,1.11,1.05,2026-05-08,1011,Aqua,MODIS,75,6.1NRT,306.1,12.14,D
30.9665,74.7896,331.94,1.11,1.05,2026-05-08,1011,Aqua,MODIS,80,6.1NRT,306.32,18.52,D
30.96505,74.77837,325.22,1.11,1.05,2026-05-08,1011,Aqua,MODIS,70,6.1NRT,306.08,8.84,D
31.01528,75.09589,322.21,1.14,1.07,2026-05-08,1011,Aqua,MODIS,65,6.1NRT,304.51,7.58,D
31.14614,76.07339,319.76,1.28,1.12,2026-05-08,1011,Aqua,MODIS,57,6.1NRT,300.94,9.86,D
31.01422,75.01354,326.65,1.13,1.06,2026-05-08,1011,Aqua,MODIS,70,6.1NRT,304.88,11.43,D
31.01274,75.00207,326.13,1.13,1.06,2026-05-08,1011,Aqua,MODIS,51,6.1NRT,304.73,9.98,D
31.02792,75.04646,332.62,1.14,1.06,2026-05-08,1011,Aqua,MODIS,81,6.1NRT,306.3,21.44,D
31.02348,75.01194,324.1,1.13,1.06,2026-05-08,1011,Aqua,MODIS,69,6.1NRT,304.88,8.77,D
30.95016,74.45268,325.07,1.08,1.04,2026-05-08,1011,Aqua,MODIS,67,6.1NRT,305.83,10.76,D
31.06263,75.24288,321.73,1.16,1.07,2026-05-08,1011,Aqua,MODIS,63,6.1NRT,303.6,9.44,D
31.06113,75.23112,323.02,1.16,1.07,2026-05-08,1011,Aqua,MODIS,67,6.1NRT,304.04,11.2,D
31.06477,75.14098,324.03,1.15,1.07,2026-05-08,1011,Aqua,MODIS,70,6.1NRT,305.05,8.69,D
31.05083,74.95448,323.52,1.13,1.06,2026-05-08,1011,Aqua,MODIS,32,6.1NRT,304.79,7.68,D
31.08927,75.18455,323.51,1.16,1.07,2026-05-08,1011,Aqua,MODIS,65,6.1NRT,304.13,12.36,D
31.08781,75.17283,322.54,1.16,1.07,2026-05-08,1011,Aqua,MODIS,48,6.1NRT,303.93,10.09,D
31.02386,74.6706,331.15,1.1,1.05,2026-05-08,1011,Aqua,MODIS,80,6.1NRT,306.69,16.66,D
31.07076,74.96272,325.28,1.13,1.06,2026-05-08,1011,Aqua,MODIS,69,6.1NRT,306.35,10.08,D
31.10987,74.7634,326.13,1.11,1.05,2026-05-08,1011,Aqua,MODIS,69,6.1NRT,304.52,13.51,D
31.27283,75.10473,320.99,1.15,1.07,2026-05-08,1011,Aqua,MODIS,0,6.1NRT,303.74,7.57,D
31.32276,75.04829,322.43,1.15,1.07,2026-05-08,1011,Aqua,MODIS,68,6.1NRT,304.58,7.56,D
31.29997,73.70092,326.58,1.03,1.02,2026-05-08,1011,Aqua,MODIS,71,6.1NRT,305.66,11.11,D
31.5648,75.46407,321.02,1.21,1.09,2026-05-08,1011,Aqua,MODIS,44,6.1NRT,301.12,9.48,D
31.54467,75.21982,322.34,1.17,1.08,2026-05-08,1011,Aqua,MODIS,62,6.1NRT,304.12,9.97,D
31.52756,75.00535,322.76,1.15,1.07,2026-05-08,1011,Aqua,MODIS,69,6.1NRT,303.39,9.41,D
31.40825,73.87953,322.11,1.05,1.02,2026-05-08,1011,Aqua,MODIS,60,6.1NRT,305.05,6.63,D
31.5529,74.90578,323.45,1.14,1.06,2026-05-08,1011,Aqua,MODIS,68,6.1NRT,304.44,7.41,D
31.54436,74.76614,324.12,1.12,1.06,2026-05-08,1011,Aqua,MODIS,70,6.1NRT,305.09,8.91,D
31.53875,74.65091,325.16,1.11,1.05,2026-05-08,1011,Aqua,MODIS,50,6.1NRT,303.12,13.28,D
31.45547,73.95814,323.05,1.05,1.02,2026-05-08,1011,Aqua,MODIS,64,6.1NRT,305.91,7.63,D
31.62748,75.15118,320.73,1.17,1.08,2026-05-08,1011,Aqua,MODIS,58,6.1NRT,301.57,7.42,D
31.65368,75.20771,323.77,1.18,1.08,2026-05-08,1011,Aqua,MODIS,70,6.1NRT,301.24,10.63,D
31.68983,75.18925,322.72,1.17,1.08,2026-05-08,1011,Aqua,MODIS,53,6.1NRT,303,9.53,D
31.70409,75.15016,325.1,1.17,1.08,2026-05-08,1011,Aqua,MODIS,71,6.1NRT,302.66,13.38,D
31.75236,75.49554,327.33,1.22,1.1,2026-05-08,1011,Aqua,MODIS,77,6.1NRT,301.96,18.08,D
31.70947,75.1424,327.08,1.17,1.08,2026-05-08,1011,Aqua,MODIS,76,6.1NRT,302.15,15.52,D
31.56649,74.02415,323.05,1.06,1.03,2026-05-08,1011,Aqua,MODIS,65,6.1NRT,306.05,8.3,D
31.59265,74.1524,320.77,1.07,1.03,2026-05-08,1011,Aqua,MODIS,59,6.1NRT,304.71,7.22,D
31.73566,75.19904,327.17,1.18,1.08,2026-05-08,1011,Aqua,MODIS,76,6.1NRT,302.07,15.68,D
31.73319,75.1018,323.73,1.17,1.07,2026-05-08,1011,Aqua,MODIS,70,6.1NRT,302,10.22,D
31.73171,75.08991,321.7,1.16,1.07,2026-05-08,1011,Aqua,MODIS,42,6.1NRT,303.59,8.41,D
31.69823,74.74995,324.32,1.12,1.06,2026-05-08,1011,Aqua,MODIS,70,6.1NRT,305,8.45,D
31.73555,74.96865,333.28,1.15,1.07,2026-05-08,1011,Aqua,MODIS,82,6.1NRT,304.87,24.53,D
31.73406,74.95692,329.52,1.15,1.07,2026-05-08,1011,Aqua,MODIS,78,6.1NRT,303.93,18.31,D
31.74486,74.96703,342.66,1.15,1.07,2026-05-08,1011,Aqua,MODIS,90,6.1NRT,303.59,42.61,D
31.74337,74.9553,328.47,1.15,1.07,2026-05-08,1011,Aqua,MODIS,77,6.1NRT,302.76,16.68,D
31.76317,75.03603,323.67,1.16,1.07,2026-05-08,1011,Aqua,MODIS,53,6.1NRT,303.32,12.04,D
31.74403,74.81248,323.58,1.13,1.06,2026-05-08,1011,Aqua,MODIS,68,6.1NRT,303.86,9.14,D
31.80167,75.07223,325.08,1.16,1.07,2026-05-08,1011,Aqua,MODIS,72,6.1NRT,302.69,12.88,D
31.80019,75.06035,321.27,1.16,1.07,2026-05-08,1011,Aqua,MODIS,57,6.1NRT,302.75,8.25,D
31.81547,75.10634,323.44,1.17,1.08,2026-05-08,1011,Aqua,MODIS,52,6.1NRT,304.05,9.99,D
31.81399,75.09441,325.98,1.17,1.08,2026-05-08,1011,Aqua,MODIS,74,6.1NRT,303.9,13.63,D
31.80366,75.01134,321.91,1.16,1.07,2026-05-08,1011,Aqua,MODIS,42,6.1NRT,302.87,9.69,D
31.71116,74.14726,325.89,1.07,1.03,2026-05-08,1011,Aqua,MODIS,72,6.1NRT,306.34,10.59,D
31.84662,75.12537,321.72,1.17,1.08,2026-05-08,1011,Aqua,MODIS,53,6.1NRT,303.03,9.16,D
31.78876,74.66973,324.59,1.12,1.05,2026-05-08,1011,Aqua,MODIS,63,6.1NRT,303.43,10.81,D
31.72451,74.17838,327.17,1.07,1.03,2026-05-08,1011,Aqua,MODIS,74,6.1NRT,305.99,12.12,D
31.84551,75.04035,323.11,1.16,1.07,2026-05-08,1011,Aqua,MODIS,68,6.1NRT,301.91,11.75,D
31.87633,75.13248,326.31,1.17,1.08,2026-05-08,1011,Aqua,MODIS,58,6.1NRT,303.32,14.73,D
31.87481,75.12051,325.79,1.17,1.08,2026-05-08,1011,Aqua,MODIS,73,6.1NRT,302.58,14.53,D
31.77212,74.18542,327.7,1.07,1.03,2026-05-08,1011,Aqua,MODIS,75,6.1NRT,305.03,13.29,D
31.8593,74.79161,323.78,1.13,1.06,2026-05-08,1011,Aqua,MODIS,69,6.1NRT,302.2,10.44,D
31.90258,74.7603,317.73,1.13,1.06,2026-05-08,1011,Aqua,MODIS,46,6.1NRT,300.9,5.44,D
31.78568,73.80603,324.49,1.05,1.02,2026-05-08,1011,Aqua,MODIS,69,6.1NRT,304.84,10.71,D
31.97257,75.08454,324.41,1.17,1.08,2026-05-08,1011,Aqua,MODIS,51,6.1NRT,302.73,11.47,D
31.94382,74.85996,319.58,1.14,1.07,2026-05-08,1011,Aqua,MODIS,31,6.1NRT,302.64,8.26,D
31.99105,75.03915,324.59,1.17,1.07,2026-05-08,1011,Aqua,MODIS,67,6.1NRT,301.77,13.99,D
31.85793,73.79777,325.05,1.05,1.02,2026-05-08,1011,Aqua,MODIS,70,6.1NRT,303.77,11.18,D
31.85649,73.78708,321.55,1.05,1.02,2026-05-08,1011,Aqua,MODIS,54,6.1NRT,304.94,7.1,D
32.05304,75.15108,322.18,1.18,1.08,2026-05-08,1011,Aqua,MODIS,51,6.1NRT,300.87,10.79,D
32.04489,74.16236,323.26,1.08,1.04,2026-05-08,1011,Aqua,MODIS,65,6.1NRT,304.26,10.36,D
32.14571,74.58126,321.08,1.12,1.05,2026-05-08,1011,Aqua,MODIS,58,6.1NRT,302.97,8.36,D
32.20254,74.44766,326.32,1.11,1.05,2026-05-08,1011,Aqua,MODIS,74,6.1NRT,300.17,14.21,D
32.13343,73.71587,320.47,1.05,1.02,2026-05-08,1011,Aqua,MODIS,58,6.1NRT,303.8,6.69,D
32.24208,74.46378,322.56,1.11,1.05,2026-05-08,1011,Aqua,MODIS,37,6.1NRT,301.59,7.97,D
32.2406,74.45242,327.19,1.11,1.05,2026-05-08,1011,Aqua,MODIS,65,6.1NRT,304.81,14.41,D
32.16577,73.68204,322.76,1.05,1.02,2026-05-08,1011,Aqua,MODIS,57,6.1NRT,303.54,9.97,D
32.16433,73.67134,319.3,1.05,1.02,2026-05-08,1011,Aqua,MODIS,30,6.1NRT,303.57,5.91,D
32.30765,74.48117,321.7,1.11,1.05,2026-05-08,1011,Aqua,MODIS,51,6.1NRT,300.06,9.75,D
32.21621,73.65052,320.66,1.04,1.02,2026-05-08,1011,Aqua,MODIS,59,6.1NRT,304.41,6.99,D
32.23822,73.74544,321.59,1.05,1.02,2026-05-08,1011,Aqua,MODIS,63,6.1NRT,303.7,8.51,D
32.38601,74.58983,325.11,1.13,1.06,2026-05-08,1011,Aqua,MODIS,64,6.1NRT,303.19,13.64,D
31.78814,74.28759,318.8,3.08,1.67,2026-05-09,0453,Terra,MODIS,62,6.1NRT,297.65,35.24,D
31.72248,74.79388,320.85,4.71,1.99,2026-05-09,1049,Aqua,MODIS,43,6.1NRT,298.38,70.57,D
32.17669,75.48734,312.96,1.37,1.16,2026-05-10,0353,Terra,MODIS,58,6.1NRT,291.09,7.81,D
31.58978,75.64463,318.3,1.32,1.14,2026-05-10,0353,Terra,MODIS,68,6.1NRT,293.54,13.68,D
31.60077,75.18588,315.28,1.4,1.17,2026-05-10,0353,Terra,MODIS,59,6.1NRT,295.37,9.21,D
31.45246,75.78179,312.09,1.29,1.13,2026-05-10,0353,Terra,MODIS,35,6.1NRT,292.34,6.8,D
31.37556,75.28557,314.7,1.37,1.16,2026-05-10,0353,Terra,MODIS,52,6.1NRT,295.29,9.7,D
30.98244,74.69567,322.43,1.47,1.2,2026-05-10,0353,Terra,MODIS,72,6.1NRT,300.91,15.43,D
30.7973,75.80589,319.73,1.26,1.12,2026-05-10,0353,Terra,MODIS,68,6.1NRT,300.88,9.97,D
30.69864,75.51845,323.69,1.31,1.13,2026-05-10,0353,Terra,MODIS,73,6.1NRT,301.36,16.27,D
30.56334,76.22881,317.81,1.2,1.09,2026-05-10,0353,Terra,MODIS,57,6.1NRT,300.17,9.09,D
30.50524,75.94942,325.13,1.23,1.1,2026-05-10,0353,Terra,MODIS,74,6.1NRT,302.23,16.4,D
30.46035,75.28728,318.86,1.34,1.15,2026-05-10,0353,Terra,MODIS,60,6.1NRT,302.25,7.89,D
30.27055,76.3717,323.06,1.17,1.08,2026-05-10,0355,Terra,MODIS,70,6.1NRT,301.57,12.01,D
30.23162,74.37321,325.78,1.51,1.21,2026-05-10,0355,Terra,MODIS,73,6.1NRT,303.92,19.59,D
30.22768,74.36658,323.87,1.51,1.21,2026-05-10,0355,Terra,MODIS,69,6.1NRT,303.8,16.32,D
29.8944,76.56725,319.99,1.14,1.06,2026-05-10,0355,Terra,MODIS,64,6.1NRT,301.62,7.59,D
30.01394,75.09398,319.2,1.35,1.15,2026-05-10,0355,Terra,MODIS,52,6.1NRT,301.97,8.16,D
29.8543,76.1364,322.15,1.19,1.08,2026-05-10,0355,Terra,MODIS,67,6.1NRT,302.9,9.99,D
29.84934,76.14176,323.38,1.19,1.08,2026-05-10,0355,Terra,MODIS,68,6.1NRT,302.91,12.22,D
29.94763,73.67081,324.39,1.66,1.27,2026-05-10,0355,Terra,MODIS,66,6.1NRT,303.06,15.45,D
29.68682,75.28796,321.01,1.31,1.13,2026-05-10,0355,Terra,MODIS,54,6.1NRT,304.65,8.62,D
29.6781,74.42837,323.14,1.47,1.2,2026-05-10,0355,Terra,MODIS,62,6.1NRT,303.87,11.84,D
29.67655,74.44321,324.46,1.47,1.2,2026-05-10,0355,Terra,MODIS,66,6.1NRT,304.34,14.22,D
29.67152,74.43644,325.04,1.47,1.2,2026-05-10,0355,Terra,MODIS,58,6.1NRT,303.54,14.6,D
29.51784,74.61601,321.25,1.42,1.18,2026-05-10,0355,Terra,MODIS,49,6.1NRT,304.79,9.62,D
29.38322,75.62904,322.36,1.24,1.11,2026-05-10,0355,Terra,MODIS,59,6.1NRT,304.4,10.19,D
29.46705,74.69594,322.08,1.41,1.17,2026-05-10,0355,Terra,MODIS,55,6.1NRT,305.25,11.43,D
29.38445,75.08411,323.82,1.33,1.14,2026-05-10,0355,Terra,MODIS,61,6.1NRT,306.59,11.25,D
29.11092,76.0148,320.85,1.18,1.08,2026-05-10,0355,Terra,MODIS,50,6.1NRT,303.78,8.09,D
28.97547,76.86926,323.93,1.09,1.04,2026-05-10,0355,Terra,MODIS,68,6.1NRT,304.59,9.37,D
28.87489,76.79103,328.62,1.09,1.04,2026-05-10,0355,Terra,MODIS,75,6.1NRT,305.08,16.23,D
28.90275,76.28959,324.01,1.14,1.06,2026-05-10,0355,Terra,MODIS,64,6.1NRT,305.75,10.47,D
27.7259,77.47841,322.84,1.02,1.01,2026-05-10,0355,Terra,MODIS,63,6.1NRT,306.82,6.55,D
27.92246,75.92307,327.73,1.21,1.09,2026-05-10,0949,Aqua,MODIS,59,6.1NRT,313.35,9.61,D
29.66142,76.2554,324.95,1.11,1.05,2026-05-10,0949,Aqua,MODIS,61,6.1NRT,305.66,9.93,D
29.76228,76.36377,325.34,1.1,1.04,2026-05-10,0949,Aqua,MODIS,68,6.1NRT,305.9,11.08,D
29.8534,76.23522,326.65,1.11,1.05,2026-05-10,0949,Aqua,MODIS,70,6.1NRT,304.75,13.88,D
29.76689,75.345,331.79,1.21,1.1,2026-05-10,0949,Aqua,MODIS,76,6.1NRT,307.52,18.95,D
29.82512,75.45573,326.74,1.2,1.09,2026-05-10,0949,Aqua,MODIS,66,6.1NRT,308.27,10.02,D
30.01453,76.19893,325.84,1.1,1.05,2026-05-10,0949,Aqua,MODIS,56,6.1NRT,305.6,12.49,D
30.12831,76.78558,321.22,1.05,1.03,2026-05-10,0949,Aqua,MODIS,60,6.1NRT,302.45,9.82,D
30.03754,75.55406,322.97,1.18,1.08,2026-05-10,0949,Aqua,MODIS,28,6.1NRT,303.83,7.43,D
30.26571,76.6565,329.21,1.06,1.03,2026-05-10,0949,Aqua,MODIS,76,6.1NRT,306.52,14.04,D
30.26401,76.64591,326.73,1.06,1.03,2026-05-10,0949,Aqua,MODIS,72,6.1NRT,307.25,10.7,D
30.25715,76.60349,324.22,1.06,1.03,2026-05-10,0949,Aqua,MODIS,67,6.1NRT,305.48,7.69,D
30.32744,76.06611,324.55,1.11,1.05,2026-05-10,0949,Aqua,MODIS,40,6.1NRT,305.6,9.62,D
30.46452,76.62318,322.57,1.06,1.03,2026-05-10,0949,Aqua,MODIS,59,6.1NRT,304.71,7.12,D
30.14881,74.74863,324.94,1.29,1.13,2026-05-10,0949,Aqua,MODIS,61,6.1NRT,307.88,8.92,D
30.30668,75.6068,326.14,1.16,1.07,2026-05-10,0949,Aqua,MODIS,66,6.1NRT,305.55,11.38,D
30.27589,75.11538,330.35,1.22,1.1,2026-05-10,0949,Aqua,MODIS,75,6.1NRT,303.93,18.33,D
30.36902,75.59901,327.51,1.16,1.07,2026-05-10,0949,Aqua,MODIS,70,6.1NRT,304.09,13.76,D
30.3086,75.13306,326.12,1.22,1.1,2026-05-10,0949,Aqua,MODIS,66,6.1NRT,305.87,11.52,D
30.30438,75.10873,328.02,1.22,1.1,2026-05-10,0949,Aqua,MODIS,71,6.1NRT,306.41,14.95,D
30.35311,75.33503,329.99,1.19,1.09,2026-05-10,0949,Aqua,MODIS,74,6.1NRT,306.2,18.78,D
30.35153,75.2111,334.03,1.21,1.09,2026-05-10,0949,Aqua,MODIS,80,6.1NRT,306.6,27.04,D
30.4323,75.63244,324.13,1.15,1.07,2026-05-10,0949,Aqua,MODIS,61,6.1NRT,302.26,9.56,D
30.57937,75.95638,323.39,1.11,1.05,2026-05-10,0949,Aqua,MODIS,46,6.1NRT,303.73,8.24,D
30.58299,75.92087,323.11,1.12,1.05,2026-05-10,0949,Aqua,MODIS,60,6.1NRT,302.18,8.75,D
30.57195,75.85363,325.17,1.12,1.06,2026-05-10,0949,Aqua,MODIS,67,6.1NRT,304.7,11.7,D
30.50734,75.46417,324.01,1.17,1.08,2026-05-10,0949,Aqua,MODIS,61,6.1NRT,305.49,8.66,D
30.51375,75.46941,324.69,1.17,1.08,2026-05-10,0949,Aqua,MODIS,58,6.1NRT,305.45,10.51,D
30.69196,76.42343,324.09,1.07,1.03,2026-05-10,0949,Aqua,MODIS,72,6.1NRT,303.04,10.06,D
30.50322,75.23866,326.78,1.2,1.09,2026-05-10,0949,Aqua,MODIS,70,6.1NRT,306.37,11.82,D
30.57218,75.2655,324.85,1.19,1.09,2026-05-10,0949,Aqua,MODIS,68,6.1NRT,304.03,10.17,D
30.52362,74.9877,327.66,1.23,1.1,2026-05-10,0949,Aqua,MODIS,72,6.1NRT,306.15,13.46,D
30.6416,75.61353,323.36,1.15,1.07,2026-05-10,0949,Aqua,MODIS,53,6.1NRT,303.68,9.77,D
30.5353,74.99773,325.02,1.23,1.1,2026-05-10,0949,Aqua,MODIS,67,6.1NRT,305.52,9.4,D
30.57336,74.98875,325.22,1.23,1.1,2026-05-10,0949,Aqua,MODIS,68,6.1NRT,306.19,10.13,D
30.5689,74.84812,325.56,1.25,1.11,2026-05-10,0949,Aqua,MODIS,61,6.1NRT,305.32,12.57,D
30.77665,76.02631,325.28,1.1,1.05,2026-05-10,0949,Aqua,MODIS,65,6.1NRT,303.6,12.69,D
30.69074,75.50645,326,1.16,1.07,2026-05-10,0949,Aqua,MODIS,72,6.1NRT,303.81,13.46,D
30.57774,74.65668,326.6,1.28,1.12,2026-05-10,0949,Aqua,MODIS,71,6.1NRT,306.31,13.53,D
30.64878,75.00384,330.55,1.22,1.1,2026-05-10,0949,Aqua,MODIS,77,6.1NRT,306.2,18.51,D
30.63594,74.93017,324.45,1.24,1.1,2026-05-10,0949,Aqua,MODIS,67,6.1NRT,305.76,10.2,D
30.68549,75.1591,335.03,1.2,1.09,2026-05-10,0949,Aqua,MODIS,83,6.1NRT,305.78,28.02,D
30.68342,75.14708,324.54,1.2,1.09,2026-05-10,0949,Aqua,MODIS,67,6.1NRT,305.75,10.21,D
30.66989,75.01157,328.01,1.22,1.1,2026-05-10,0949,Aqua,MODIS,74,6.1NRT,306.81,13.76,D
30.66668,74.93571,328.14,1.23,1.1,2026-05-10,0949,Aqua,MODIS,74,6.1NRT,306.36,14.65,D
30.8017,75.51685,321.41,1.15,1.07,2026-05-10,0949,Aqua,MODIS,61,6.1NRT,302.05,8.93,D
30.73776,75.09,324.11,1.21,1.09,2026-05-10,0949,Aqua,MODIS,65,6.1NRT,305.37,9.37,D
30.71651,74.9684,335.07,1.23,1.1,2026-05-10,0949,Aqua,MODIS,83,6.1NRT,306.53,26.12,D
30.71259,74.77577,325.55,1.25,1.11,2026-05-10,0949,Aqua,MODIS,70,6.1NRT,305.15,12.04,D
30.70007,74.64718,330.65,1.28,1.12,2026-05-10,0949,Aqua,MODIS,77,6.1NRT,307.99,20.45,D
30.88871,75.52074,320.03,1.15,1.07,2026-05-10,0949,Aqua,MODIS,60,6.1NRT,302.89,8.36,D
30.87162,75.21532,339.19,1.19,1.08,2026-05-10,0949,Aqua,MODIS,87,6.1NRT,305.63,35.52,D
30.86042,75.09345,332.38,1.2,1.09,2026-05-10,0949,Aqua,MODIS,80,6.1NRT,306.43,21.02,D
30.8781,75.13931,329.16,1.2,1.09,2026-05-10,0949,Aqua,MODIS,77,6.1NRT,305.74,16.23,D
30.74972,74.34609,325.41,1.32,1.14,2026-05-10,0949,Aqua,MODIS,55,6.1NRT,306.16,12.62,D
30.92246,75.22812,326.6,1.18,1.08,2026-05-10,0949,Aqua,MODIS,73,6.1NRT,304.84,12.84,D
31.06444,75.97159,322.57,1.1,1.04,2026-05-10,0949,Aqua,MODIS,70,6.1NRT,303.34,9.47,D
30.99986,75.53086,323.59,1.14,1.07,2026-05-10,0949,Aqua,MODIS,66,6.1NRT,302.67,11.32,D
30.95813,75.28678,325.79,1.17,1.08,2026-05-10,0949,Aqua,MODIS,73,6.1NRT,303.14,13.34,D
30.98349,75.37833,321.29,1.16,1.07,2026-05-10,0949,Aqua,MODIS,42,6.1NRT,303.04,8.01,D
30.96171,75.13783,323.08,1.19,1.09,2026-05-10,0949,Aqua,MODIS,67,6.1NRT,304.17,7.82,D
31.13132,75.97934,321.88,1.1,1.04,2026-05-10,0949,Aqua,MODIS,69,6.1NRT,303.08,8.66,D
30.98168,75.08318,325.75,1.2,1.09,2026-05-10,0949,Aqua,MODIS,72,6.1NRT,305.28,11.13,D
30.89087,74.44164,328.54,1.3,1.13,2026-05-10,0949,Aqua,MODIS,57,6.1NRT,305.69,16.14,D
30.89338,74.4491,324.16,1.3,1.13,2026-05-10,0949,Aqua,MODIS,32,6.1NRT,305.61,9.54,D
30.89104,74.43613,324.48,1.3,1.13,2026-05-10,0949,Aqua,MODIS,35,6.1NRT,305.64,10.47,D
31.19431,76.02801,318.52,1.09,1.04,2026-05-10,0949,Aqua,MODIS,56,6.1NRT,301.04,5.41,D
31.17066,75.88461,320.42,1.1,1.05,2026-05-10,0949,Aqua,MODIS,67,6.1NRT,301.6,7.57,D
31.04154,75.06361,324.51,1.2,1.09,2026-05-10,0949,Aqua,MODIS,58,6.1NRT,305.08,9.28,D
30.99274,74.78234,323.44,1.24,1.11,2026-05-10,0949,Aqua,MODIS,67,6.1NRT,304.89,9.03,D
30.96857,74.64445,321.68,1.26,1.12,2026-05-10,0949,Aqua,MODIS,34,6.1NRT,302.41,8.95,D
31.09948,75.17435,320.32,1.18,1.08,2026-05-10,0949,Aqua,MODIS,61,6.1NRT,302.22,8.62,D
31.01583,74.68562,332.57,1.25,1.11,2026-05-10,0949,Aqua,MODIS,81,6.1NRT,306.43,24.73,D
31.08957,74.97021,323.21,1.21,1.09,2026-05-10,0949,Aqua,MODIS,68,6.1NRT,305.02,8.57,D
31.0969,74.95582,323.17,1.21,1.09,2026-05-10,0949,Aqua,MODIS,68,6.1NRT,304.74,8.77,D
31.14603,75.06988,331.1,1.2,1.09,2026-05-10,0949,Aqua,MODIS,61,6.1NRT,304.47,22.75,D
31.15337,75.05564,325.74,1.2,1.09,2026-05-10,0949,Aqua,MODIS,32,6.1NRT,303.78,12.05,D
31.15131,75.04362,342.36,1.2,1.09,2026-05-10,0949,Aqua,MODIS,85,6.1NRT,304.08,43.99,D
31.16807,75.02711,323.94,1.2,1.09,2026-05-10,0949,Aqua,MODIS,27,6.1NRT,301.77,13.21,D
31.1836,75.06097,354.6,1.2,1.09,2026-05-10,0949,Aqua,MODIS,73,6.1NRT,305.12,77.01,D
31.18922,75.06664,324.55,1.19,1.09,2026-05-10,0949,Aqua,MODIS,63,6.1NRT,303.38,13.45,D
31.31841,75.71134,337.75,1.12,1.05,2026-05-10,0949,Aqua,MODIS,88,6.1NRT,302.42,32.55,D
31.18706,74.94158,330.19,1.21,1.09,2026-05-10,0949,Aqua,MODIS,80,6.1NRT,304.18,20.58,D
31.20384,74.92493,321.94,1.21,1.09,2026-05-10,0949,Aqua,MODIS,68,6.1NRT,303.92,8.27,D
31.17391,74.75277,323.61,1.24,1.11,2026-05-10,0949,Aqua,MODIS,70,6.1NRT,305.18,10.7,D
31.24144,75.02934,323.73,1.2,1.09,2026-05-10,0949,Aqua,MODIS,71,6.1NRT,304.23,11.21,D
31.41857,75.91963,316.44,1.09,1.04,2026-05-10,0949,Aqua,MODIS,61,6.1NRT,300.35,6.25,D
31.41677,75.90858,316.19,1.09,1.04,2026-05-10,0949,Aqua,MODIS,61,6.1NRT,300.26,5.96,D
31.31477,74.85378,323.45,1.22,1.1,2026-05-10,0949,Aqua,MODIS,71,6.1NRT,303.68,10.97,D
31.44675,75.48107,317.03,1.13,1.06,2026-05-10,0949,Aqua,MODIS,60,6.1NRT,300.29,7.1,D
31.37766,75.02243,326.41,1.19,1.09,2026-05-10,0949,Aqua,MODIS,76,6.1NRT,303.74,14.67,D
31.51945,75.68797,320.12,1.11,1.05,2026-05-10,0949,Aqua,MODIS,58,6.1NRT,298.54,8.36,D
31.47379,75.41511,324.57,1.14,1.06,2026-05-10,0949,Aqua,MODIS,75,6.1NRT,302.87,11.12,D
31.47185,75.40359,325.17,1.14,1.07,2026-05-10,0949,Aqua,MODIS,75,6.1NRT,302.41,11.99,D
31.38172,74.81943,322.38,1.22,1.1,2026-05-10,0949,Aqua,MODIS,69,6.1NRT,304.48,8.37,D
31.51479,75.48901,324.45,1.13,1.06,2026-05-10,0949,Aqua,MODIS,57,6.1NRT,301.89,11.76,D
31.41853,74.86156,324.87,1.21,1.09,2026-05-10,0949,Aqua,MODIS,73,6.1NRT,304.28,12.14,D
31.53186,75.43085,325.46,1.14,1.06,2026-05-10,0949,Aqua,MODIS,35,6.1NRT,301.78,12.86,D
31.60316,75.68546,320.18,1.11,1.05,2026-05-10,0949,Aqua,MODIS,69,6.1NRT,297.75,9.08,D
31.60129,75.67422,318.75,1.11,1.05,2026-05-10,0949,Aqua,MODIS,67,6.1NRT,297.53,7.24,D
31.64325,75.54186,321.44,1.12,1.06,2026-05-10,0949,Aqua,MODIS,71,6.1NRT,301.42,8.2,D
31.59598,75.09515,331.4,1.17,1.08,2026-05-10,0949,Aqua,MODIS,82,6.1NRT,304.14,21.23,D
31.59394,75.08329,323,1.18,1.08,2026-05-10,0949,Aqua,MODIS,68,6.1NRT,302.99,9.1,D
31.66046,75.19028,321,1.16,1.07,2026-05-10,0949,Aqua,MODIS,51,6.1NRT,297.33,9.15,D
31.65254,75.14323,342.14,1.17,1.08,2026-05-10,0949,Aqua,MODIS,90,6.1NRT,304,41.79,D
31.65055,75.13143,324.09,1.17,1.08,2026-05-10,0949,Aqua,MODIS,43,6.1NRT,303.04,9.38,D
31.69945,75.03921,322.65,1.18,1.08,2026-05-10,0949,Aqua,MODIS,70,6.1NRT,303.95,8.31,D
31.72944,75.04443,322.32,1.18,1.08,2026-05-10,0949,Aqua,MODIS,69,6.1NRT,302.62,8.39,D
31.59066,74.12039,322.8,1.31,1.14,2026-05-10,0949,Aqua,MODIS,64,6.1NRT,304.09,10.57,D
31.82132,75.38149,324.74,1.13,1.06,2026-05-10,0949,Aqua,MODIS,73,6.1NRT,299.98,13.62,D
31.75443,74.93349,337.63,1.19,1.08,2026-05-10,0949,Aqua,MODIS,86,6.1NRT,303.41,34.22,D
31.80037,75.145,324.13,1.16,1.07,2026-05-10,0949,Aqua,MODIS,64,6.1NRT,303.57,10.18,D
31.80964,75.14281,322.89,1.16,1.07,2026-05-10,0949,Aqua,MODIS,60,6.1NRT,303.3,8.43,D
31.80691,75.06985,322.44,1.17,1.08,2026-05-10,0949,Aqua,MODIS,63,6.1NRT,303.03,7.83,D
31.8049,75.05801,325.47,1.17,1.08,2026-05-10,0949,Aqua,MODIS,74,6.1NRT,303.24,12.07,D
31.75546,74.76918,323.07,1.21,1.09,2026-05-10,0949,Aqua,MODIS,68,6.1NRT,303.02,9.43,D
31.81621,75.06764,321.48,1.17,1.08,2026-05-10,0949,Aqua,MODIS,50,6.1NRT,302.76,7.13,D
31.79802,74.9605,333.84,1.18,1.08,2026-05-10,0949,Aqua,MODIS,83,6.1NRT,303.19,24.94,D
31.79394,74.93652,326.17,1.19,1.08,2026-05-10,0949,Aqua,MODIS,74,6.1NRT,303.75,13.08,D
31.8094,74.97023,324.89,1.18,1.08,2026-05-10,0949,Aqua,MODIS,52,6.1NRT,302.67,10.35,D
31.81473,74.68433,321.12,1.22,1.1,2026-05-10,0949,Aqua,MODIS,63,6.1NRT,302.68,7.27,D
31.81258,74.672,321.51,1.22,1.1,2026-05-10,0949,Aqua,MODIS,64,6.1NRT,302.62,8.01,D
31.89854,75.1151,325.61,1.16,1.07,2026-05-10,0949,Aqua,MODIS,74,6.1NRT,302.18,13.89,D
31.89378,75.03021,324.58,1.17,1.08,2026-05-10,0949,Aqua,MODIS,73,6.1NRT,302.07,12.46,D
31.88688,74.93261,322.2,1.18,1.08,2026-05-10,0949,Aqua,MODIS,68,6.1NRT,302.66,9.13,D
31.88188,74.84608,325.14,1.2,1.09,2026-05-10,0949,Aqua,MODIS,73,6.1NRT,302.48,13.26,D
32.0335,75.64935,321.16,1.1,1.05,2026-05-10,0949,Aqua,MODIS,70,6.1NRT,302.26,8.11,D
32.05183,75.70303,322.41,1.1,1.04,2026-05-10,0949,Aqua,MODIS,73,6.1NRT,301.61,10.93,D
31.93532,75.01489,323.58,1.17,1.08,2026-05-10,0949,Aqua,MODIS,72,6.1NRT,302.04,11.39,D
31.95799,75.03415,330.14,1.17,1.08,2026-05-10,0949,Aqua,MODIS,80,6.1NRT,301.95,18.9,D
31.99113,75.00153,323.49,1.17,1.08,2026-05-10,0949,Aqua,MODIS,72,6.1NRT,302.59,9.66,D
32.01836,75.10561,321.77,1.16,1.07,2026-05-10,0949,Aqua,MODIS,44,6.1NRT,301.88,7.66,D
32.02565,75.09164,323.83,1.16,1.07,2026-05-10,0949,Aqua,MODIS,63,6.1NRT,301.41,10.45,D
32.03437,75.04611,321.56,1.16,1.07,2026-05-10,0949,Aqua,MODIS,67,6.1NRT,300.94,10.05,D
31.9527,74.35105,326.65,1.26,1.12,2026-05-10,0949,Aqua,MODIS,75,6.1NRT,303.46,15.9,D
32.10482,74.63483,328.24,1.21,1.1,2026-05-10,0949,Aqua,MODIS,78,6.1NRT,303.55,16.03,D
31.97832,73.91591,322.84,1.33,1.14,2026-05-10,0949,Aqua,MODIS,59,6.1NRT,303.24,11.4,D
32.13328,74.54391,322.83,1.22,1.1,2026-05-10,0949,Aqua,MODIS,67,6.1NRT,302.34,10.14,D
32.12228,74.48165,322.11,1.23,1.1,2026-05-10,0949,Aqua,MODIS,69,6.1NRT,303.06,8.36,D
32.17505,74.44254,324.73,1.24,1.11,2026-05-10,0949,Aqua,MODIS,73,6.1NRT,302.58,12.95,D
32.18331,74.30324,321.63,1.26,1.11,2026-05-10,0949,Aqua,MODIS,69,6.1NRT,301.25,10.53,D
32.36385,74.51403,322.49,1.22,1.1,2026-05-10,0949,Aqua,MODIS,72,6.1NRT,303.69,9.37,D
31.14061,74.98892,308.78,3.47,1.75,2026-05-10,1454,Terra,MODIS,76,6.1NRT,294.62,39.52,N
30.65271,75.33083,318.14,1.77,1.3,2026-05-11,0434,Terra,MODIS,55,6.1NRT,297.33,20,D
30.16472,74.37904,321.37,1.57,1.24,2026-05-11,0434,Terra,MODIS,46,6.1NRT,302.02,14.79,D
30.14535,74.50639,326.12,1.74,1.29,2026-05-11,1026,Aqua,MODIS,71,6.1NRT,302.64,20.31,D
30.26238,75.11733,322.01,1.92,1.35,2026-05-11,1026,Aqua,MODIS,65,6.1NRT,298.24,22.03,D
30.22297,74.38464,328.74,1.71,1.28,2026-05-11,1026,Aqua,MODIS,76,6.1NRT,300.61,27.23,D
30.33514,74.57493,318.56,1.77,1.3,2026-05-11,1026,Aqua,MODIS,49,6.1NRT,297.98,11.26,D
30.4802,74.43508,321.01,1.74,1.29,2026-05-11,1026,Aqua,MODIS,62,6.1NRT,299.59,13.16,D
30.744,74.34498,320.83,1.73,1.29,2026-05-11,1026,Aqua,MODIS,58,6.1NRT,298.7,13.1,D
30.75709,74.36089,322.23,1.73,1.29,2026-05-11,1026,Aqua,MODIS,56,6.1NRT,299.1,15.74,D
30.85784,74.88443,323.28,1.89,1.34,2026-05-11,1026,Aqua,MODIS,66,6.1NRT,302.18,16.98,D
30.80041,74.33717,324.56,1.73,1.29,2026-05-11,1026,Aqua,MODIS,72,6.1NRT,299.08,24.37,D
30.8021,74.3478,323.4,1.73,1.29,2026-05-11,1026,Aqua,MODIS,48,6.1NRT,299.1,18.65,D
30.90557,74.56896,323.26,1.8,1.31,2026-05-11,1026,Aqua,MODIS,70,6.1NRT,299.93,22.9,D
30.90368,74.55079,325.26,1.79,1.31,2026-05-11,1026,Aqua,MODIS,74,6.1NRT,300.59,26.71,D
31.14512,75.78778,323.82,2.2,1.44,2026-05-11,1026,Aqua,MODIS,72,6.1NRT,302.81,21.1,D
31.17926,75.05386,320.57,1.96,1.37,2026-05-11,1026,Aqua,MODIS,49,6.1NRT,300.04,19.58,D
31.91486,73.85293,324.99,1.66,1.27,2026-05-11,1028,Aqua,MODIS,72,6.1NRT,303.97,21.69,D
30.11824,75.7011,324.61,2.6,1.55,2026-05-12,0926,Aqua,MODIS,68,6.1NRT,301.67,32.46,D
30.11814,75.72322,323.13,2.58,1.54,2026-05-12,0926,Aqua,MODIS,65,6.1NRT,301.48,29.57,D
30.11264,75.69796,322.23,2.6,1.55,2026-05-12,0926,Aqua,MODIS,63,6.1NRT,301.85,24.21,D
31.00896,75.37536,321.96,2.6,1.55,2026-05-12,0928,Aqua,MODIS,53,6.1NRT,298.62,29.3,D
31.01136,75.12482,330.65,2.7,1.57,2026-05-12,0928,Aqua,MODIS,81,6.1NRT,301.96,61.38,D
31.0047,75.11971,326.27,2.7,1.57,2026-05-12,0928,Aqua,MODIS,76,6.1NRT,302.04,38.05,D
31.18922,75.83701,323.01,2.39,1.49,2026-05-12,0928,Aqua,MODIS,73,6.1NRT,302.11,23.09,D
31.10221,75.17466,321.28,2.66,1.57,2026-05-12,0928,Aqua,MODIS,64,6.1NRT,299.1,24.28,D
31.07796,75.09332,324.13,2.7,1.57,2026-05-12,0928,Aqua,MODIS,74,6.1NRT,301.45,30.07,D
31.55925,75.44271,322.64,2.49,1.52,2026-05-12,0928,Aqua,MODIS,24,6.1NRT,297.75,31.33,D
32.11765,74.44016,323.55,2.82,1.6,2026-05-12,0928,Aqua,MODIS,71,6.1NRT,300.97,38.3,D
32.10033,74.3231,321.27,1,1,2026-05-13,0414,Terra,MODIS,66,6.1NRT,302.41,7.83,D
31.84514,74.36204,320.35,1,1,2026-05-13,0414,Terra,MODIS,62,6.1NRT,303.02,6.86,D
31.84369,74.37233,322.22,1,1,2026-05-13,0414,Terra,MODIS,67,6.1NRT,302.67,8.72,D
31.4865,76.22984,316.4,1.06,1.03,2026-05-13,0414,Terra,MODIS,45,6.1NRT,301.26,6.3,D
31.59279,74.71234,330.65,1,1,2026-05-13,0414,Terra,MODIS,80,6.1NRT,304.04,16.34,D
31.48236,75.34521,323.74,1.01,1.01,2026-05-13,0414,Terra,MODIS,72,6.1NRT,299.04,9.66,D
31.09376,76.13474,320.16,1.06,1.03,2026-05-13,0414,Terra,MODIS,68,6.1NRT,303.08,6.79,D
31.10793,75.98357,322.33,1.05,1.02,2026-05-13,0414,Terra,MODIS,71,6.1NRT,305.18,6.76,D
31.18475,75.0396,321.87,1.01,1,2026-05-13,0414,Terra,MODIS,46,6.1NRT,304.94,7.6,D
31.18325,75.04984,335.58,1.01,1,2026-05-13,0414,Terra,MODIS,73,6.1NRT,304.94,24.43,D
30.84678,76.6461,317.64,1.1,1.05,2026-05-13,0414,Terra,MODIS,63,6.1NRT,302.23,6.6,D
30.87221,75.71003,321.56,1.03,1.02,2026-05-13,0414,Terra,MODIS,64,6.1NRT,305.55,6.7,D
30.73918,76.09197,320.16,1.06,1.03,2026-05-13,0414,Terra,MODIS,60,6.1NRT,304.24,6.22,D
30.67044,76.4704,322.97,1.09,1.04,2026-05-13,0414,Terra,MODIS,69,6.1NRT,304.09,10.08,D
30.78393,75.62169,325.46,1.03,1.01,2026-05-13,0414,Terra,MODIS,71,6.1NRT,304.52,11.73,D
30.68321,75.97491,323.79,1.05,1.02,2026-05-13,0414,Terra,MODIS,67,6.1NRT,306.32,8.73,D
30.70189,75.79311,323.73,1.04,1.02,2026-05-13,0414,Terra,MODIS,67,6.1NRT,305.14,9.35,D
30.57002,76.63796,319.43,1.11,1.05,2026-05-13,0414,Terra,MODIS,60,6.1NRT,302.59,7.31,D
30.58482,76.36664,322.01,1.09,1.04,2026-05-13,0414,Terra,MODIS,66,6.1NRT,305.06,7.14,D
30.46511,76.71447,318.22,1.12,1.06,2026-05-13,0414,Terra,MODIS,56,6.1NRT,301.92,5.9,D
30.72213,74.91904,326.02,1.01,1,2026-05-13,0414,Terra,MODIS,71,6.1NRT,306.77,10.16,D
30.50681,76.33313,321.45,1.08,1.04,2026-05-13,0414,Terra,MODIS,61,6.1NRT,304.87,7.14,D
30.67147,74.81906,324.28,1,1,2026-05-13,0414,Terra,MODIS,67,6.1NRT,307.47,7.61,D
30.39825,76.3155,329.72,1.09,1.04,2026-05-13,0414,Terra,MODIS,78,6.1NRT,306.3,15.32,D
30.36751,76.33171,325.49,1.09,1.04,2026-05-13,0414,Terra,MODIS,71,6.1NRT,305.68,10.57,D
30.17604,76.31883,324.93,1.09,1.04,2026-05-13,0414,Terra,MODIS,71,6.1NRT,309.2,8.62,D
30.3018,74.17789,323.29,1,1,2026-05-13,0414,Terra,MODIS,62,6.1NRT,306.8,7.26,D
30.30036,74.188,323.23,1,1,2026-05-13,0414,Terra,MODIS,62,6.1NRT,306.92,7.18,D
29.51079,75.29333,321.29,1.03,1.01,2026-05-13,0414,Terra,MODIS,57,6.1NRT,305.23,6.96,D
29.47697,74.13508,327.09,1,1,2026-05-13,0414,Terra,MODIS,65,6.1NRT,311.27,8.23,D
28.78867,76.36151,332.33,1.05,1.03,2026-05-13,1004,Aqua,MODIS,70,6.1NRT,318.06,10.26,D
29.09456,76.77905,329.68,1.1,1.04,2026-05-13,1004,Aqua,MODIS,61,6.1NRT,312.7,11.13,D
29.40487,74.8325,332.47,1,1,2026-05-13,1004,Aqua,MODIS,63,6.1NRT,315.93,10.35,D
29.47367,74.34691,343.06,1,1,2026-05-13,1004,Aqua,MODIS,80,6.1NRT,311.06,28.04,D
29.54966,74.61842,331,1,1,2026-05-13,1004,Aqua,MODIS,61,6.1NRT,311.33,12.66,D
29.65966,75.17627,335.56,1.01,1,2026-05-13,1004,Aqua,MODIS,75,6.1NRT,315.22,15.5,D
29.65824,75.16622,332.71,1.01,1,2026-05-13,1004,Aqua,MODIS,68,6.1NRT,315.99,11.33,D
29.82481,76.24374,331.75,1.07,1.03,2026-05-13,1004,Aqua,MODIS,71,6.1NRT,315.73,11.92,D
29.58702,74.36997,330.35,1,1,2026-05-13,1004,Aqua,MODIS,50,6.1NRT,313.88,8.67,D
29.71933,75.15463,334.53,1.01,1,2026-05-13,1004,Aqua,MODIS,72,6.1NRT,314.65,12.82,D
29.9726,76.10706,331.2,1.06,1.03,2026-05-13,1004,Aqua,MODIS,69,6.1NRT,316.58,8.95,D
29.94424,75.63152,332.04,1.03,1.01,2026-05-13,1004,Aqua,MODIS,67,6.1NRT,314.72,11.06,D
30.00464,75.06543,329.21,1.01,1,2026-05-13,1004,Aqua,MODIS,48,6.1NRT,312.7,6.78,D
30.27328,75.80712,332.86,1.04,1.02,2026-05-13,1004,Aqua,MODIS,72,6.1NRT,317.26,11.52,D
30.2927,75.74432,333.47,1.04,1.02,2026-05-13,1004,Aqua,MODIS,73,6.1NRT,318.47,11.67,D
30.13116,74.17345,333,1,1,2026-05-13,1004,Aqua,MODIS,70,6.1NRT,313.79,13.09,D
30.12967,74.16344,336.52,1,1,2026-05-13,1004,Aqua,MODIS,77,6.1NRT,313.1,18.28,D
30.43464,75.57282,331.4,1.03,1.01,2026-05-13,1004,Aqua,MODIS,69,6.1NRT,317.21,9.56,D
30.43494,75.17728,331.2,1.01,1.01,2026-05-13,1004,Aqua,MODIS,67,6.1NRT,314.93,9.51,D
30.39606,74.65518,339.83,1,1,2026-05-13,1004,Aqua,MODIS,83,6.1NRT,314.84,21.57,D
30.3946,74.64513,330.45,1,1,2026-05-13,1004,Aqua,MODIS,64,6.1NRT,314.41,8.33,D
30.59776,75.95034,328.45,1.06,1.03,2026-05-13,1004,Aqua,MODIS,68,6.1NRT,311.44,8.32,D
30.41138,74.42861,341.34,1,1,2026-05-13,1004,Aqua,MODIS,85,6.1NRT,313.03,23.68,D
30.44353,74.58745,331.15,1,1,2026-05-13,1004,Aqua,MODIS,69,6.1NRT,313.76,9.31,D
30.59078,75.56346,329.83,1.03,1.02,2026-05-13,1004,Aqua,MODIS,49,6.1NRT,312.53,7.89,D
30.42433,74.39508,331.4,1,1,2026-05-13,1004,Aqua,MODIS,70,6.1NRT,315.45,9.3,D
30.60702,75.54977,331.1,1.03,1.02,2026-05-13,1004,Aqua,MODIS,65,6.1NRT,313.78,9.42,D
30.54675,74.78951,328.97,1,1,2026-05-13,1004,Aqua,MODIS,64,6.1NRT,311.85,7.97,D
30.64497,74.88836,336.74,1.01,1,2026-05-13,1004,Aqua,MODIS,81,6.1NRT,311.72,18.09,D
30.64353,74.87823,327.88,1.01,1,2026-05-13,1004,Aqua,MODIS,56,6.1NRT,309.2,5.76,D
30.68859,74.87991,330.4,1.01,1,2026-05-13,1006,Aqua,MODIS,40,6.1NRT,313,8.72,D
30.60618,74.1134,330.45,1,1,2026-05-13,1006,Aqua,MODIS,70,6.1NRT,310.38,10.09,D
30.61786,74.13175,342.58,1,1,2026-05-13,1006,Aqua,MODIS,88,6.1NRT,309.32,29.97,D
30.61636,74.1217,371.79,1,1,2026-05-13,1006,Aqua,MODIS,100,6.1NRT,312.16,104.28,D
30.61487,74.11165,334.57,1,1,2026-05-13,1006,Aqua,MODIS,79,6.1NRT,310.26,16.34,D
30.61337,74.10159,331.2,1,1,2026-05-13,1006,Aqua,MODIS,70,6.1NRT,310.52,12.34,D
30.62654,74.13,355.2,1,1,2026-05-13,1006,Aqua,MODIS,97,6.1NRT,308.75,57.86,D
30.62505,74.11994,341.53,1,1,2026-05-13,1006,Aqua,MODIS,87,6.1NRT,309.29,29.24,D
30.81723,75.3329,328.19,1.02,1.01,2026-05-13,1006,Aqua,MODIS,61,6.1NRT,311.94,8.24,D
30.8158,75.32257,328.13,1.02,1.01,2026-05-13,1006,Aqua,MODIS,53,6.1NRT,312.41,9.04,D
30.7799,75.06584,333.61,1.01,1.01,2026-05-13,1006,Aqua,MODIS,77,6.1NRT,315.2,12.96,D
30.68233,74.32584,328.69,1,1,2026-05-13,1006,Aqua,MODIS,60,6.1NRT,309.73,7.75,D
30.8697,74.58742,327.63,1,1,2026-05-13,1006,Aqua,MODIS,49,6.1NRT,309.8,6.85,D
31.1126,76.0136,327.49,1.07,1.03,2026-05-13,1006,Aqua,MODIS,71,6.1NRT,308.71,8.55,D
31.09381,75.87328,330.25,1.06,1.03,2026-05-13,1006,Aqua,MODIS,75,6.1NRT,309.63,12.05,D
31.05079,75.4901,327.24,1.04,1.02,2026-05-13,1006,Aqua,MODIS,64,6.1NRT,310.94,8.55,D
31.13643,76.05383,325.84,1.08,1.04,2026-05-13,1006,Aqua,MODIS,68,6.1NRT,308.46,7.3,D
31.09723,75.76303,327.48,1.05,1.02,2026-05-13,1006,Aqua,MODIS,65,6.1NRT,306.57,9.31,D
31.00763,75.11514,329.78,1.02,1.01,2026-05-13,1006,Aqua,MODIS,29,6.1NRT,310.21,10.76,D
31.17127,76.17554,326.08,1.09,1.04,2026-05-13,1006,Aqua,MODIS,70,6.1NRT,310.25,8.18,D
31.13984,75.9355,327.44,1.07,1.03,2026-05-13,1006,Aqua,MODIS,72,6.1NRT,309.22,8.63,D
31.15529,75.84439,337.54,1.06,1.03,2026-05-13,1006,Aqua,MODIS,85,6.1NRT,309.13,23.81,D
31.21256,76.067,337.75,1.08,1.04,2026-05-13,1006,Aqua,MODIS,85,6.1NRT,309.08,25.9,D
31.21111,76.05608,332.47,1.08,1.04,2026-05-13,1006,Aqua,MODIS,79,6.1NRT,308.85,17.24,D
31.01,74.54263,331.25,1,1,2026-05-13,1006,Aqua,MODIS,71,6.1NRT,308.83,16.39,D
31.09728,75.09126,330.55,1.02,1.01,2026-05-13,1006,Aqua,MODIS,74,6.1NRT,309.65,12.42,D
31.23818,76.05117,328.08,1.08,1.04,2026-05-13,1006,Aqua,MODIS,73,6.1NRT,308.31,10.22,D
31.11909,75.18237,333.33,1.02,1.01,2026-05-13,1006,Aqua,MODIS,79,6.1NRT,307.81,18.93,D
31.11764,75.17205,324.86,1.02,1.01,2026-05-13,1006,Aqua,MODIS,62,6.1NRT,307.96,7.88,D
31.10891,74.77847,327.2,1.01,1,2026-05-13,1006,Aqua,MODIS,68,6.1NRT,309.77,8,D
31.18569,75.19585,324.37,1.02,1.01,2026-05-13,1006,Aqua,MODIS,53,6.1NRT,307.64,8.95,D
31.18425,75.18551,323.67,1.02,1.01,2026-05-13,1006,Aqua,MODIS,55,6.1NRT,308.53,7.28,D
31.27999,75.74978,325.59,1.06,1.03,2026-05-13,1006,Aqua,MODIS,70,6.1NRT,308.42,7.7,D
31.25503,75.09107,325.66,1.02,1.01,2026-05-13,1006,Aqua,MODIS,0,6.1NRT,308.48,7.8,D
31.25359,75.08075,323.98,1.02,1.01,2026-05-13,1006,Aqua,MODIS,0,6.1NRT,306.53,5.52,D
31.32882,75.15628,329.16,1.02,1.01,2026-05-13,1006,Aqua,MODIS,64,6.1NRT,309.92,13.31,D
31.4362,75.67568,325.12,1.05,1.02,2026-05-13,1006,Aqua,MODIS,70,6.1NRT,307.66,7.9,D
31.50928,75.73246,323.47,1.06,1.03,2026-05-13,1006,Aqua,MODIS,61,6.1NRT,307.46,7.18,D
31.4604,75.371,328.76,1.04,1.02,2026-05-13,1006,Aqua,MODIS,75,6.1NRT,311.41,8.41,D
31.50013,75.3959,327.9,1.04,1.02,2026-05-13,1006,Aqua,MODIS,74,6.1NRT,307.43,10.16,D
31.63244,75.62682,326.16,1.05,1.02,2026-05-13,1006,Aqua,MODIS,73,6.1NRT,307.04,9.01,D
31.75033,74.92663,331.55,1.02,1.01,2026-05-13,1006,Aqua,MODIS,79,6.1NRT,310.42,14.19,D
31.91604,75.20001,322.86,1.03,1.02,2026-05-13,1006,Aqua,MODIS,66,6.1NRT,303.96,6.35,D
32.10701,74.06502,323.37,1,1,2026-05-13,1006,Aqua,MODIS,51,6.1NRT,305.93,8.56,D
32.18801,74.56596,321.72,1.01,1,2026-05-13,1006,Aqua,MODIS,27,6.1NRT,304.85,6.64,D
32.37075,74.15031,323.59,1,1,2026-05-13,1006,Aqua,MODIS,71,6.1NRT,303.11,8.52,D
32.34212,73.89239,324.46,1,1,2026-05-13,1006,Aqua,MODIS,48,6.1NRT,304.66,9.37,D
31.02628,75.66927,325,1.31,1.14,2026-05-15,0353,Terra,MODIS,68,6.1NRT,306.56,10.05,D
30.78973,76.30092,323.22,1.21,1.09,2026-05-15,0353,Terra,MODIS,70,6.1NRT,307.51,8.65,D
29.87508,76.86754,327.54,1.12,1.05,2026-05-15,0353,Terra,MODIS,74,6.1NRT,306.65,14.38,D
28.80569,76.09154,327.76,1.18,1.08,2026-05-15,0353,Terra,MODIS,68,6.1NRT,307.74,14.93,D
27.71932,77.38713,332.62,1.25,1.11,2026-05-15,0943,Aqua,MODIS,76,6.1NRT,311.72,20.49,D
28.46906,77.36002,329.78,1.22,1.1,2026-05-15,0943,Aqua,MODIS,74,6.1NRT,308.63,18.04,D
28.47856,77.35789,327.41,1.22,1.1,2026-05-15,0943,Aqua,MODIS,70,6.1NRT,307.58,14.93,D
29.0161,76.75856,329.16,1.29,1.13,2026-05-15,0943,Aqua,MODIS,74,6.1NRT,310.67,15.95,D
29.01385,76.74589,325.07,1.29,1.13,2026-05-15,0943,Aqua,MODIS,66,6.1NRT,310.04,9.02,D
29.87288,75.82599,327.65,1.41,1.18,2026-05-15,0943,Aqua,MODIS,70,6.1NRT,310.4,14.43,D
30.42578,77.37407,322.23,1.15,1.07,2026-05-15,0943,Aqua,MODIS,47,6.1NRT,308.92,8.88,D
30.51771,76.48117,326.66,1.26,1.12,2026-05-15,0943,Aqua,MODIS,76,6.1NRT,311.62,10.85,D
30.57919,76.30209,321.87,1.29,1.13,2026-05-15,0943,Aqua,MODIS,71,6.1NRT,306.82,11.34,D
30.96301,76.85056,322.38,1.19,1.09,2026-05-15,0943,Aqua,MODIS,39,6.1NRT,304.69,11.77,D
31.05326,76.16473,318.28,1.29,1.13,2026-05-15,0943,Aqua,MODIS,72,6.1NRT,284.98,20.77,D
31.2539,77.09595,319.07,1.15,1.07,2026-05-15,0943,Aqua,MODIS,75,6.1NRT,302.06,11.27,D
31.2519,77.08404,331,1.15,1.07,2026-05-15,0943,Aqua,MODIS,85,6.1NRT,304.24,27.87,D
29.93534,75.00454,326.75,1.71,1.28,2026-05-16,0432,Terra,MODIS,71,6.1NRT,308.58,16.83,D
29.71369,76.20056,324.33,1.71,1.28,2026-05-16,1021,Aqua,MODIS,51,6.1NRT,305.46,14.55,D
29.5529,74.55717,328.44,1.34,1.15,2026-05-16,1021,Aqua,MODIS,55,6.1NRT,309.4,11.86,D
29.58235,74.29257,330.14,1.29,1.13,2026-05-16,1021,Aqua,MODIS,66,6.1NRT,310.74,14.9,D
30.23268,75.41119,332.76,1.54,1.22,2026-05-16,1021,Aqua,MODIS,76,6.1NRT,307.52,28.14,D
30.3141,74.52696,327.34,1.36,1.16,2026-05-16,1021,Aqua,MODIS,63,6.1NRT,308.94,10.94,D
30.37992,74.40022,328.6,1.34,1.15,2026-05-16,1021,Aqua,MODIS,68,6.1NRT,309.99,12.99,D
30.38673,74.37166,328.19,1.34,1.15,2026-05-16,1021,Aqua,MODIS,67,6.1NRT,308.38,12.72,D
30.68497,75.99733,328.31,1.71,1.28,2026-05-16,1021,Aqua,MODIS,72,6.1NRT,310.18,20.7,D
30.52897,74.02696,325.72,1.29,1.13,2026-05-16,1021,Aqua,MODIS,60,6.1NRT,309.1,10.34,D
30.70584,74.82995,326.72,1.44,1.19,2026-05-16,1021,Aqua,MODIS,67,6.1NRT,306.95,11.61,D
30.8028,75.49949,326.56,1.59,1.24,2026-05-16,1021,Aqua,MODIS,55,6.1NRT,303.16,21.62,D
30.80102,75.4834,328.36,1.59,1.24,2026-05-16,1021,Aqua,MODIS,62,6.1NRT,305.83,24.61,D
30.93824,75.46753,326.6,1.59,1.24,2026-05-16,1021,Aqua,MODIS,46,6.1NRT,307.67,16.79,D
30.99173,75.86515,333.65,1.69,1.28,2026-05-16,1021,Aqua,MODIS,81,6.1NRT,308.79,37.78,D
30.97003,75.3275,326.21,1.56,1.23,2026-05-16,1021,Aqua,MODIS,69,6.1NRT,305.63,15.65,D
30.9865,75.27702,326.71,1.55,1.23,2026-05-16,1021,Aqua,MODIS,70,6.1NRT,307.22,15.26,D
31.07493,75.79575,331.65,1.68,1.27,2026-05-16,1021,Aqua,MODIS,78,6.1NRT,309.86,26.81,D
31.1066,75.67128,327.87,1.65,1.26,2026-05-16,1021,Aqua,MODIS,71,6.1NRT,308.91,15.49,D
31.15614,75.6914,330.45,1.66,1.27,2026-05-16,1021,Aqua,MODIS,76,6.1NRT,309.49,23.53,D
31.20371,76.03573,323.73,1.75,1.3,2026-05-16,1021,Aqua,MODIS,56,6.1NRT,304.5,14.64,D
31.19127,75.60155,328.83,1.64,1.26,2026-05-16,1021,Aqua,MODIS,74,6.1NRT,309.71,19.45,D
31.19175,75.59564,327.06,1.64,1.26,2026-05-16,1021,Aqua,MODIS,71,6.1NRT,309.77,16.55,D
31.13412,74.85421,330.4,1.46,1.2,2026-05-16,1021,Aqua,MODIS,72,6.1NRT,308.21,22.62,D
31.13247,74.83936,327.88,1.46,1.19,2026-05-16,1021,Aqua,MODIS,62,6.1NRT,307.28,16.62,D
31.26807,75.89601,328.89,1.72,1.29,2026-05-16,1021,Aqua,MODIS,75,6.1NRT,307.28,22.07,D
31.36325,75.27714,323.15,1.57,1.23,2026-05-16,1021,Aqua,MODIS,55,6.1NRT,307.29,12.04,D
31.37404,75.27555,328.91,1.57,1.23,2026-05-16,1021,Aqua,MODIS,73,6.1NRT,308.37,22.38,D
31.37232,75.25961,330.7,1.57,1.23,2026-05-16,1021,Aqua,MODIS,76,6.1NRT,308.65,26.32,D
31.46218,75.68116,328.34,1.67,1.27,2026-05-16,1021,Aqua,MODIS,73,6.1NRT,306.98,22.18,D
31.51758,75.54659,329.42,1.64,1.26,2026-05-16,1021,Aqua,MODIS,74,6.1NRT,307.23,26.82,D
31.57189,75.41526,335.12,1.61,1.25,2026-05-16,1021,Aqua,MODIS,82,6.1NRT,307.53,36.89,D
31.57015,75.39884,326.62,1.61,1.25,2026-05-16,1021,Aqua,MODIS,47,6.1NRT,307.67,14.47,D
31.59401,75.31248,337.38,1.59,1.24,2026-05-16,1021,Aqua,MODIS,84,6.1NRT,310.42,41.78,D
31.59224,75.2963,328.17,1.58,1.24,2026-05-16,1021,Aqua,MODIS,72,6.1NRT,309.83,16.9,D
31.84068,74.34018,330.09,1.39,1.17,2026-05-16,1021,Aqua,MODIS,75,6.1NRT,309.11,20.22,D
31.83904,74.32595,334.98,1.39,1.17,2026-05-16,1021,Aqua,MODIS,81,6.1NRT,309.81,30.99,D
31.83286,74.18354,331.79,1.36,1.16,2026-05-16,1021,Aqua,MODIS,77,6.1NRT,311.09,25.21,D
32.00948,75.67079,325.58,1.7,1.28,2026-05-16,1021,Aqua,MODIS,68,6.1NRT,308.86,15.07,D
32.0101,75.66367,328.18,1.7,1.28,2026-05-16,1021,Aqua,MODIS,73,6.1NRT,308.93,20.67,D
31.79575,73.59479,325.2,1.26,1.12,2026-05-16,1021,Aqua,MODIS,60,6.1NRT,308.16,9.15,D
32.00986,75.02419,325.45,1.54,1.22,2026-05-16,1021,Aqua,MODIS,64,6.1NRT,308.79,13.35,D
32.1324,75.0165,325.45,1.55,1.23,2026-05-16,1021,Aqua,MODIS,61,6.1NRT,308.8,13.32,D
32.22368,75.30956,326.48,1.62,1.25,2026-05-16,1021,Aqua,MODIS,67,6.1NRT,307.55,18.68,D
32.16346,74.56711,328.38,1.45,1.19,2026-05-16,1021,Aqua,MODIS,70,6.1NRT,311.46,15.67,D
32.179,74.61035,325.85,1.46,1.19,2026-05-16,1021,Aqua,MODIS,29,6.1NRT,309.09,11.17,D
32.17536,74.62069,326.88,1.46,1.2,2026-05-16,1021,Aqua,MODIS,61,6.1NRT,308.54,14.91,D
32.22355,74.03278,327.26,1.35,1.15,2026-05-16,1021,Aqua,MODIS,67,6.1NRT,310.22,15.37,D
32.40923,74.69584,326.32,1.49,1.21,2026-05-16,1021,Aqua,MODIS,67,6.1NRT,310.6,14.48,D
30.93874,75.22395,325.56,3.49,1.76,2026-05-17,0922,Aqua,MODIS,77,6.1NRT,304.45,44.9,D
30.96637,75.01778,325.85,3.6,1.78,2026-05-17,0922,Aqua,MODIS,73,6.1NRT,307.53,44.04,D
31.02874,74.9555,324.63,3.62,1.78,2026-05-17,0922,Aqua,MODIS,76,6.1NRT,308.3,45.1,D
31.80334,74.32884,326.74,3.8,1.82,2026-05-17,0922,Aqua,MODIS,74,6.1NRT,309.53,54.89,D
32.06322,74.34956,326.04,3.73,1.81,2026-05-17,0922,Aqua,MODIS,77,6.1NRT,308.04,55.82,D
32.3003,75.01854,323.6,3.32,1.72,2026-05-17,0922,Aqua,MODIS,74,6.1NRT,308.08,35.53,D
32.29947,75.01158,325.21,3.32,1.72,2026-05-17,0922,Aqua,MODIS,76,6.1NRT,307.96,48.47,D
27.77185,74.49509,328.53,4.75,1.99,2026-05-17,0922,Aqua,MODIS,70,6.1NRT,305.2,67.15,D
27.7736,74.49127,328.22,4.75,1.99,2026-05-17,0922,Aqua,MODIS,70,6.1NRT,305.34,64.44,D
31.06232,76.15754,327.34,1.05,1.02,2026-05-18,0412,Terra,MODIS,74,6.1NRT,311.31,9.33,D
31.04112,75.80981,328.72,1.03,1.01,2026-05-18,0412,Terra,MODIS,73,6.1NRT,313.76,10.94,D
32.25539,76.16572,319.83,1.03,1.01,2026-05-18,0412,Terra,MODIS,70,6.1NRT,301.98,11.85,D
32.3604,74.88626,324.72,1,1,2026-05-18,0412,Terra,MODIS,67,6.1NRT,309.11,9.05,D
31.04125,75.62737,327.18,1.02,1.01,2026-05-18,0412,Terra,MODIS,69,6.1NRT,313.14,7.14,D
30.77946,74.83441,331.78,1,1,2026-05-18,0412,Terra,MODIS,76,6.1NRT,313.99,11.3,D
30.48858,73.96371,331.1,1.01,1,2026-05-18,0412,Terra,MODIS,75,6.1NRT,310.19,15.13,D
30.00482,76.22664,328.3,1.08,1.04,2026-05-18,0412,Terra,MODIS,69,6.1NRT,314.36,8.6,D
30.12554,74.57337,335.42,1,1,2026-05-18,0412,Terra,MODIS,80,6.1NRT,312.81,18.78,D
29.76707,75.60806,326.99,1.04,1.02,2026-05-18,0412,Terra,MODIS,62,6.1NRT,310.81,8.52,D
32.26669,74.36729,323.08,1.01,1,2026-05-18,0412,Terra,MODIS,56,6.1NRT,310.34,6.41,D
32.04519,75.77991,322.44,1.02,1.01,2026-05-18,0412,Terra,MODIS,68,6.1NRT,308.95,6.72,D
32.04642,74.95512,322.48,1,1,2026-05-18,0412,Terra,MODIS,43,6.1NRT,308.82,5.41,D
32.04501,74.90201,324.02,1,1,2026-05-18,0412,Terra,MODIS,0,6.1NRT,310.81,7.4,D
32.25377,76.17644,313.14,1.03,1.02,2026-05-18,0412,Terra,MODIS,51,6.1NRT,302.97,6.16,D
31.76187,76.48444,314.41,1.06,1.03,2026-05-18,0412,Terra,MODIS,58,6.1NRT,303.41,6.14,D
32.04328,74.38738,333.26,1,1,2026-05-18,0412,Terra,MODIS,79,6.1NRT,310.91,16.97,D
31.95007,74.52275,325.16,1,1,2026-05-18,0412,Terra,MODIS,63,6.1NRT,311.71,7.01,D
31.40872,75.27911,326.2,1.01,1,2026-05-18,0412,Terra,MODIS,68,6.1NRT,310.17,8.44,D
31.19814,75.99502,330.42,1.04,1.02,2026-05-18,0412,Terra,MODIS,78,6.1NRT,312.91,15.01,D
31.14221,75.82121,334.48,1.03,1.01,2026-05-18,0412,Terra,MODIS,82,6.1NRT,314.01,17.34,D
31.02583,76.09518,325.45,1.05,1.02,2026-05-18,0412,Terra,MODIS,70,6.1NRT,311.43,7.5,D
29.27106,74.28076,333.98,1,1,2026-05-18,0414,Terra,MODIS,75,6.1NRT,314.84,15.4,D
28.90008,76.46582,331,1,1,2026-05-18,0958,Aqua,MODIS,64,6.1NRT,316.07,8.62,D
29.80535,76.77824,330.7,1.01,1,2026-05-18,0958,Aqua,MODIS,70,6.1NRT,314.45,9.64,D
29.94258,75.38751,330.6,1.01,1.01,2026-05-18,0958,Aqua,MODIS,60,6.1NRT,314.07,9.43,D
30.02672,74.67947,328.42,1.05,1.02,2026-05-18,0958,Aqua,MODIS,43,6.1NRT,316.18,6.77,D
30.04932,74.47331,330.8,1.06,1.03,2026-05-18,0958,Aqua,MODIS,64,6.1NRT,317.56,10.38,D
30.61585,77.14427,327.1,1.03,1.01,2026-05-18,0958,Aqua,MODIS,71,6.1NRT,312.5,10.97,D
30.57853,75.67803,331.75,1,1,2026-05-18,0958,Aqua,MODIS,69,6.1NRT,314.2,11.33,D
30.43415,74.44226,330.75,1.06,1.03,2026-05-18,0958,Aqua,MODIS,67,6.1NRT,317.88,8.97,D
30.62164,75.15601,338.5,1.02,1.01,2026-05-18,0958,Aqua,MODIS,81,6.1NRT,314.21,21.59,D
30.62006,75.14582,329.99,1.02,1.01,2026-05-18,0958,Aqua,MODIS,62,6.1NRT,313.88,8.89,D
29.3811,75.23646,337.04,1.03,1.01,2026-05-18,0958,Aqua,MODIS,75,6.1NRT,315.33,19.11,D
28.95495,76.44865,330.55,1,1,2026-05-18,0958,Aqua,MODIS,63,6.1NRT,315.57,7.87,D
32.05682,73.96289,332.09,1.06,1.03,2026-05-18,1000,Aqua,MODIS,70,6.1NRT,314.26,13.21,D
31.50418,73.87746,327.43,1.08,1.04,2026-05-18,1000,Aqua,MODIS,53,6.1NRT,313.38,5.99,D
30.9402,76.31339,329.63,1,1,2026-05-18,1000,Aqua,MODIS,61,6.1NRT,316.07,8.95,D
31.00779,76.13734,331.1,1,1,2026-05-18,1000,Aqua,MODIS,74,6.1NRT,315.63,11.15,D
31.02965,76.08583,330.7,1,1,2026-05-18,1000,Aqua,MODIS,72,6.1NRT,316.18,9.43,D
30.91367,75.30799,333.37,1.01,1,2026-05-18,1000,Aqua,MODIS,74,6.1NRT,315.64,13.03,D
30.90231,75.05801,337.46,1.02,1.01,2026-05-18,1000,Aqua,MODIS,80,6.1NRT,320.39,15.5,D
31.0079,75.69537,337.88,1,1,2026-05-18,1000,Aqua,MODIS,61,6.1NRT,317.21,19.81,D
30.96543,75.41231,330.55,1.01,1,2026-05-18,1000,Aqua,MODIS,47,6.1NRT,315.99,7.08,D
30.91105,75.05617,334.26,1.02,1.01,2026-05-18,1000,Aqua,MODIS,75,6.1NRT,319.52,10.44,D
31.06109,75.93404,335.47,1,1,2026-05-18,1000,Aqua,MODIS,79,6.1NRT,313.73,15.91,D
31.05694,75.69949,335.74,1,1,2026-05-18,1000,Aqua,MODIS,79,6.1NRT,317.49,13.56,D
31.14695,76.19105,341.19,1,1,2026-05-18,1000,Aqua,MODIS,86,6.1NRT,316.22,24.77,D
31.0698,75.66565,333,1,1,2026-05-18,1000,Aqua,MODIS,75,6.1NRT,316.09,10.17,D
31.1419,75.91105,330.04,1,1,2026-05-18,1000,Aqua,MODIS,70,6.1NRT,315.87,7.73,D
31.12306,75.60268,334.98,1,1,2026-05-18,1000,Aqua,MODIS,78,6.1NRT,317.39,13.82,D
30.96634,74.57867,336.69,1.04,1.02,2026-05-18,1000,Aqua,MODIS,80,6.1NRT,316.13,21.62,D
31.23997,76.26083,333,1,1,2026-05-18,1000,Aqua,MODIS,79,6.1NRT,314.72,14.88,D
31.33409,75.77663,330.9,1,1,2026-05-18,1000,Aqua,MODIS,74,6.1NRT,316.47,9.56,D
31.39509,75.74824,330.5,1,1,2026-05-18,1000,Aqua,MODIS,68,6.1NRT,315.27,7.82,D
31.46152,75.74887,331.55,1,1,2026-05-18,1000,Aqua,MODIS,75,6.1NRT,316.04,10.72,D
31.49894,75.69946,339.47,1,1,2026-05-18,1000,Aqua,MODIS,85,6.1NRT,316.84,20.78,D
31.75274,76.48553,319.56,1.01,1.01,2026-05-18,1000,Aqua,MODIS,35,6.1NRT,307.23,5.72,D
31.76004,76.47358,321.11,1.01,1.01,2026-05-18,1000,Aqua,MODIS,46,6.1NRT,308.42,7.25,D
31.49578,74.57851,330.04,1.03,1.01,2026-05-18,1000,Aqua,MODIS,58,6.1NRT,314.37,11.55,D
31.36957,73.6745,333,1.1,1.04,2026-05-18,1000,Aqua,MODIS,73,6.1NRT,316.89,13.97,D
32.0006,76.21815,325.74,1.01,1,2026-05-18,1000,Aqua,MODIS,70,6.1NRT,310.33,10.81,D
32.25376,76.16927,319.35,1.01,1,2026-05-18,1000,Aqua,MODIS,53,6.1NRT,304,8.07,D
32.24229,74.72207,330.7,1.02,1.01,2026-05-18,1000,Aqua,MODIS,71,6.1NRT,316.06,9.69,D
32.27802,74.7785,328.22,1.01,1.01,2026-05-18,1000,Aqua,MODIS,65,6.1NRT,314.42,6.75,D
32.2611,74.36717,330.9,1.03,1.01,2026-05-18,1000,Aqua,MODIS,67,6.1NRT,315.23,10.04,D
32.3555,74.1428,334.57,1.04,1.02,2026-05-18,1000,Aqua,MODIS,77,6.1NRT,316.13,14.79,D
30.62194,77.14997,314.76,1.26,1.11,2026-05-18,1509,Terra,MODIS,89,6.1NRT,302.95,11.38,N
30.79172,74.73883,333.89,2.63,1.56,2026-05-19,1036,Aqua,MODIS,77,6.1NRT,319.75,44.83,D
30.78656,74.73184,334.07,2.63,1.56,2026-05-19,1036,Aqua,MODIS,79,6.1NRT,320.34,47.73,D
32.25642,74.90367,324.83,1.54,1.22,2026-05-20,0351,Terra,MODIS,69,6.1NRT,309.2,14.78,D
31.10102,75.98639,329.44,1.28,1.12,2026-05-20,0351,Terra,MODIS,75,6.1NRT,314.26,13.9,D
30.3968,77.48929,327.54,1.08,1.04,2026-05-20,0351,Terra,MODIS,72,6.1NRT,310.96,14.4,D
30.38911,77.47668,322.62,1.08,1.04,2026-05-20,0351,Terra,MODIS,19,6.1NRT,310,7.21,D
28.90201,77.44916,322.79,1.06,1.03,2026-05-20,0353,Terra,MODIS,53,6.1NRT,309.01,8.06,D
29.86997,75.86981,333.33,1.8,1.32,2026-05-20,0937,Aqua,MODIS,70,6.1NRT,318.11,19.87,D
30.3967,77.48367,327.19,1.39,1.17,2026-05-20,0937,Aqua,MODIS,74,6.1NRT,311.32,18.07,D
31.18205,75.95178,334.76,1.67,1.27,2026-05-20,0937,Aqua,MODIS,83,6.1NRT,317.96,26.93,D
31.18826,75.67577,334.62,1.74,1.29,2026-05-20,0939,Aqua,MODIS,83,6.1NRT,317.22,27.65,D
32.1965,73.78115,328.07,2.2,1.44,2026-05-20,0939,Aqua,MODIS,71,6.1NRT,312.1,25.09,D
29.38733,77.08481,312.34,2.86,1.61,2026-05-20,1450,Terra,MODIS,82,6.1NRT,299.55,36.53,N
29.38152,77.05692,314.64,2.87,1.62,2026-05-20,1450,Terra,MODIS,88,6.1NRT,299.66,43.85,N
30.18071,75.6941,311.77,3.41,1.74,2026-05-20,1452,Terra,MODIS,83,6.1NRT,299.07,43.11,N
30.17813,75.68844,309.34,3.41,1.74,2026-05-20,1452,Terra,MODIS,77,6.1NRT,298.98,35.17,N
31.5399,76.4503,304.81,2.8,1.6,2026-05-20,1452,Terra,MODIS,62,6.1NRT,293.84,17.33,N
31.53363,76.42025,311.29,2.82,1.6,2026-05-20,1452,Terra,MODIS,82,6.1NRT,296.09,36.34,N
31.54481,76.44395,309.45,2.8,1.6,2026-05-20,1452,Terra,MODIS,77,6.1NRT,293.89,31.63,N
31.53826,76.41358,309.28,2.82,1.6,2026-05-20,1452,Terra,MODIS,77,6.1NRT,295.68,30.7,N
32.04182,73.68846,300.73,2.02,1.38,2026-05-20,2316,Aqua,MODIS,32,6.1NRT,289.76,8.05,N
29.87156,75.80627,325.78,1.91,1.35,2026-05-21,0432,Terra,MODIS,68,6.1NRT,307.74,16,D
28.51898,76.54332,332.57,1.35,1.15,2026-05-21,1015,Aqua,MODIS,65,6.1NRT,313.03,15.63,D
29.02634,76.61449,337.46,1.38,1.16,2026-05-21,1015,Aqua,MODIS,79,6.1NRT,310.42,29.17,D
29.28075,74.31543,332.57,1.08,1.04,2026-05-21,1015,Aqua,MODIS,38,6.1NRT,312.54,12.56,D
30.43151,75.99393,328.94,1.33,1.14,2026-05-21,1015,Aqua,MODIS,64,6.1NRT,311.86,11.69,D
30.32713,74.27407,330.65,1.1,1.04,2026-05-21,1015,Aqua,MODIS,66,6.1NRT,312.24,10.04,D
30.61208,75.61246,328.57,1.27,1.12,2026-05-21,1015,Aqua,MODIS,64,6.1NRT,310.01,10.69,D
30.93883,77.03237,326.24,1.56,1.23,2026-05-21,1015,Aqua,MODIS,69,6.1NRT,304.64,25.43,D
30.94478,77.04141,324.32,1.57,1.23,2026-05-21,1015,Aqua,MODIS,65,6.1NRT,303.7,21.62,D
30.9431,77.02547,324.49,1.56,1.23,2026-05-21,1015,Aqua,MODIS,66,6.1NRT,304.88,21.61,D
30.85201,75.15893,330.6,1.21,1.09,2026-05-21,1015,Aqua,MODIS,70,6.1NRT,311.79,11.27,D
31.03663,76.01999,332.47,1.36,1.15,2026-05-21,1015,Aqua,MODIS,77,6.1NRT,311.89,18.85,D
31.16115,75.86974,345.12,1.33,1.14,2026-05-21,1015,Aqua,MODIS,90,6.1NRT,312.87,48.77,D
31.09381,75.23254,326.66,1.23,1.1,2026-05-21,1015,Aqua,MODIS,62,6.1NRT,309.12,11.39,D
30.94111,74.04344,332.52,1.09,1.04,2026-05-21,1015,Aqua,MODIS,75,6.1NRT,308.42,18.42,D
31.43995,73.98481,330.6,1.09,1.04,2026-05-21,1017,Aqua,MODIS,67,6.1NRT,314.53,10.28,D
31.88833,74.7723,332.76,1.19,1.09,2026-05-21,1017,Aqua,MODIS,74,6.1NRT,313.18,15.06,D
31.91029,74.7935,329.78,1.2,1.09,2026-05-21,1017,Aqua,MODIS,57,6.1NRT,313.08,10.24,D
32.02784,75.16317,327.19,1.25,1.11,2026-05-21,1017,Aqua,MODIS,60,6.1NRT,310.59,7.95,D
31.9428,74.46183,333.28,1.16,1.07,2026-05-21,1017,Aqua,MODIS,75,6.1NRT,312.61,16.25,D
31.94133,74.45,328.86,1.16,1.07,2026-05-21,1017,Aqua,MODIS,62,6.1NRT,312.72,9.08,D
31.95214,74.4602,329,1.16,1.07,2026-05-21,1017,Aqua,MODIS,65,6.1NRT,313.09,9.71,D
32.26662,75.37733,330.14,1.29,1.13,2026-05-21,1017,Aqua,MODIS,71,6.1NRT,311.61,14.87,D
32.26392,75.27001,328.77,1.28,1.12,2026-05-21,1017,Aqua,MODIS,67,6.1NRT,310.88,11.74,D
32.40636,74.6893,331,1.2,1.09,2026-05-21,1017,Aqua,MODIS,73,6.1NRT,313.7,14.14,D
29.03468,76.61225,331.28,1,1,2026-05-21,1529,Terra,MODIS,100,6.1NRT,301.6,27.06,N
29.43186,74.46339,316.29,1.06,1.03,2026-05-21,1529,Terra,MODIS,90,6.1NRT,301.04,11.39,N
29.43028,74.45285,317.14,1.06,1.03,2026-05-21,1529,Terra,MODIS,92,6.1NRT,299.97,12.17,N
30.807,77.34494,308.3,1.06,1.03,2026-05-21,1529,Terra,MODIS,74,6.1NRT,294.43,7.42,N
30.95348,77.047,305.24,1.04,1.02,2026-05-21,1529,Terra,MODIS,63,6.1NRT,295.21,4.64,N
30.95214,77.03634,311.19,1.04,1.02,2026-05-21,1529,Terra,MODIS,82,6.1NRT,296.12,8.82,N
31.47191,76.3625,311.69,1.01,1.01,2026-05-21,1529,Terra,MODIS,83,6.1NRT,300.58,6.13,N
32.45576,76.06915,303.36,1.01,1.01,2026-05-21,1529,Terra,MODIS,55,6.1NRT,288.63,5.75,N
31.666,76.26331,319.2,1.04,1.02,2026-05-23,0412,Terra,MODIS,72,6.1NRT,301.54,9.99,D
31.7719,75.43699,321.91,1.01,1,2026-05-23,0412,Terra,MODIS,67,6.1NRT,307.34,5.83,D
31.62095,75.20478,326.79,1,1,2026-05-23,0412,Terra,MODIS,73,6.1NRT,310.85,9.66,D
31.48113,75.71092,321.73,1.02,1.01,2026-05-23,0412,Terra,MODIS,69,6.1NRT,306.16,6.95,D
30.40318,73.68363,324.31,1.02,1.01,2026-05-23,0412,Terra,MODIS,55,6.1NRT,303.94,10.9,D
30.18348,74.14995,327.98,1,1,2026-05-23,0412,Terra,MODIS,70,6.1NRT,307.48,10.76,D
27.8528,76.35988,330.46,1.13,1.06,2026-05-23,0412,Terra,MODIS,70,6.1NRT,310.71,12.81,D
28.62348,76.6382,327.6,1.06,1.03,2026-05-23,0954,Aqua,MODIS,66,6.1NRT,310.51,7.57,D
29.38043,75.13107,334.39,1.19,1.09,2026-05-23,0954,Aqua,MODIS,72,6.1NRT,315.97,17.54,D
29.38981,75.12894,338.54,1.19,1.09,2026-05-23,0954,Aqua,MODIS,80,6.1NRT,317.6,25.11,D
30.1195,76.58405,331.4,1.04,1.02,2026-05-23,0954,Aqua,MODIS,73,6.1NRT,314.54,12.87,D
30.37009,77.43777,320.54,1,1,2026-05-23,0954,Aqua,MODIS,37,6.1NRT,308.99,4.65,D
30.39648,77.49455,324.84,1,1,2026-05-23,0954,Aqua,MODIS,58,6.1NRT,311.12,9.08,D
30.00803,74.67822,336.48,1.23,1.1,2026-05-23,0954,Aqua,MODIS,79,6.1NRT,313.19,24.04,D
30.47052,77.30733,321.5,1,1,2026-05-23,0954,Aqua,MODIS,38,6.1NRT,309.35,5.15,D
30.469,77.29721,328.72,1,1,2026-05-23,0954,Aqua,MODIS,74,6.1NRT,311.44,13.16,D
30.47769,77.29548,324.61,1,1,2026-05-23,0954,Aqua,MODIS,52,6.1NRT,309.96,8.33,D
30.46249,76.53624,335.56,1.03,1.02,2026-05-23,0954,Aqua,MODIS,81,6.1NRT,315.06,18.59,D
30.71096,77.47929,326.14,1,1,2026-05-23,0954,Aqua,MODIS,74,6.1NRT,308.66,13.7,D
30.73242,77.20524,324.82,1.01,1,2026-05-23,0954,Aqua,MODIS,70,6.1NRT,304.92,13.83,D
30.7309,77.19518,342.77,1.01,1,2026-05-23,0954,Aqua,MODIS,90,6.1NRT,305.89,39.7,D
30.70899,76.67795,329,1.02,1.01,2026-05-23,0954,Aqua,MODIS,74,6.1NRT,314.7,10.48,D
30.88329,77.03678,320.01,1.01,1,2026-05-23,0954,Aqua,MODIS,58,6.1NRT,304.29,9.49,D
31.12335,76.60815,336.39,1.02,1.01,2026-05-23,0954,Aqua,MODIS,85,6.1NRT,310.8,23.76,D
31.01669,75.92799,333.23,1.06,1.03,2026-05-23,0954,Aqua,MODIS,78,6.1NRT,315.38,16.43,D
31.23081,77.18017,325.56,1,1,2026-05-23,0954,Aqua,MODIS,61,6.1NRT,308.3,13.36,D
31.24708,77.22892,321.3,1,1,2026-05-23,0954,Aqua,MODIS,68,6.1NRT,306.81,9.17,D
31.23947,77.17825,325.59,1,1,2026-05-23,0954,Aqua,MODIS,62,6.1NRT,307.91,12.45,D
30.93749,75.10674,333.65,1.14,1.06,2026-05-23,0954,Aqua,MODIS,76,6.1NRT,316.4,15.47,D
31.08619,75.55321,333.14,1.09,1.04,2026-05-23,0954,Aqua,MODIS,77,6.1NRT,315.51,16.13,D
31.14555,75.57389,330.9,1.09,1.04,2026-05-23,0954,Aqua,MODIS,74,6.1NRT,315.19,12.21,D
31.20308,75.64583,329.83,1.08,1.04,2026-05-23,0954,Aqua,MODIS,74,6.1NRT,315.6,10.27,D
31.18573,75.09002,327.3,1.13,1.06,2026-05-23,0954,Aqua,MODIS,66,6.1NRT,311.51,8.79,D
31.36483,75.78219,330.9,1.06,1.03,2026-05-23,0954,Aqua,MODIS,77,6.1NRT,315.31,12.91,D
31.65453,76.25952,327.16,1.03,1.01,2026-05-23,0954,Aqua,MODIS,72,6.1NRT,305.76,13.56,D
31.66329,76.25752,326.64,1.03,1.01,2026-05-23,0954,Aqua,MODIS,71,6.1NRT,306.67,13.33,D
31.66164,76.24699,327.93,1.03,1.01,2026-05-23,0954,Aqua,MODIS,74,6.1NRT,307.14,14.25,D
31.92366,76.31166,323.15,1.02,1.01,2026-05-23,0954,Aqua,MODIS,58,6.1NRT,305.9,9.99,D
31.92205,76.30138,339.67,1.02,1.01,2026-05-23,0954,Aqua,MODIS,86,6.1NRT,308.14,32.71,D
31.96282,76.38883,319.8,1.02,1.01,2026-05-23,0954,Aqua,MODIS,28,6.1NRT,307.28,6.99,D
32.12673,75.26627,325.39,1.09,1.04,2026-05-23,0954,Aqua,MODIS,48,6.1NRT,311.43,7.98,D
32.45321,75.10407,325.83,1.09,1.04,2026-05-23,0954,Aqua,MODIS,61,6.1NRT,312.08,7.01,D
30.47405,77.30447,315.81,1.26,1.12,2026-05-23,1509,Terra,MODIS,92,6.1NRT,301,12.9,N
30.62438,77.41176,311,1.24,1.11,2026-05-23,1509,Terra,MODIS,81,6.1NRT,295.96,10.24,N
30.6935,77.28154,332.62,3.02,1.65,2026-05-24,1032,Aqua,MODIS,78,6.1NRT,299.8,114.17,D
30.69496,77.27637,333.79,3.02,1.65,2026-05-24,1032,Aqua,MODIS,80,6.1NRT,299.65,122.12,D
32.08012,74.46856,324.91,1.99,1.38,2026-05-24,1032,Aqua,MODIS,64,6.1NRT,307.26,18.41,D
30.70284,77.2723,314.94,1.93,1.36,2026-05-24,1548,Terra,MODIS,90,6.1NRT,294.21,30.58,N
31.91336,74.47145,320.18,1.33,1.14,2026-05-24,1548,Terra,MODIS,100,6.1NRT,297.28,24.73,N
31.91185,74.45779,314.83,1.32,1.14,2026-05-24,1548,Terra,MODIS,89,6.1NRT,295.97,17.8,N
31.91224,74.46571,328.01,1.33,1.14,2026-05-24,1548,Terra,MODIS,100,6.1NRT,297.59,37.83,N
32.13138,76.43677,304.31,1.06,1.03,2026-05-24,2233,Aqua,MODIS,59,6.1NRT,293.57,6.29,N
31.91693,74.46449,304.44,1.27,1.12,2026-05-24,2233,Aqua,MODIS,60,6.1NRT,292.63,8.55,N
31.91535,74.47751,303.69,1.27,1.12,2026-05-24,2233,Aqua,MODIS,56,6.1NRT,293.36,7.82,N
31.48868,76.73969,306.02,1.03,1.01,2026-05-24,2233,Aqua,MODIS,62,6.1NRT,294.33,6.45,N
31.27306,77.33805,307.78,1.01,1,2026-05-24,2233,Aqua,MODIS,72,6.1NRT,292.06,8.71,N
30.96694,77.02343,302.95,1.01,1.01,2026-05-24,2233,Aqua,MODIS,52,6.1NRT,291.32,5.47,N
30.90463,77.0051,304.3,1.01,1.01,2026-05-24,2233,Aqua,MODIS,59,6.1NRT,293.25,5.64,N
30.54424,77.26024,308.24,1,1,2026-05-24,2233,Aqua,MODIS,74,6.1NRT,297.81,5.59,N
31.48303,76.7373,316.35,1.21,1.09,2026-05-25,0351,Terra,MODIS,59,6.1NRT,301.48,8.72,D
30.73031,77.32059,315.78,1.12,1.05,2026-05-25,0351,Terra,MODIS,41,6.1NRT,303.74,6.45,D
30.64651,77.10154,320.89,1.14,1.06,2026-05-25,0351,Terra,MODIS,60,6.1NRT,307.2,8.53,D
30.64504,77.11351,324.42,1.14,1.06,2026-05-25,0351,Terra,MODIS,69,6.1NRT,306.21,12.89,D
30.46325,77.3263,325.3,1.11,1.05,2026-05-25,0351,Terra,MODIS,70,6.1NRT,307.17,13.51,D
29.53406,76.15907,325.87,1.22,1.1,2026-05-25,0351,Terra,MODIS,64,6.1NRT,307.29,10.56,D
31.87922,74.38814,330.45,2.66,1.57,2026-05-25,0932,Aqua,MODIS,73,6.1NRT,313.51,43.15,D
31.88583,74.38135,331.2,2.66,1.57,2026-05-25,0932,Aqua,MODIS,74,6.1NRT,313.37,44.94,D
31.98468,74.37895,328.98,2.65,1.56,2026-05-25,0932,Aqua,MODIS,70,6.1NRT,312.14,33.74,D
31.97882,74.37392,330.3,2.65,1.56,2026-05-25,0932,Aqua,MODIS,73,6.1NRT,311.9,42.01,D
31.23236,75.95023,332,1.79,1.31,2026-05-26,0429,Terra,MODIS,83,6.1NRT,316.57,32.11,D
30.8278,77.30894,312.28,2.26,1.46,2026-05-26,0429,Terra,MODIS,51,6.1NRT,299.82,19.64,D
29.93496,76.15897,330.88,1.97,1.37,2026-05-26,0429,Terra,MODIS,77,6.1NRT,314.98,31.8,D
28.83046,76.96673,328.97,1.16,1.07,2026-05-26,1009,Aqua,MODIS,59,6.1NRT,314.58,9.01,D
29.88648,75.79911,330.55,1.07,1.03,2026-05-26,1009,Aqua,MODIS,61,6.1NRT,316.27,8.64,D
30.36572,77.49969,328.45,1.29,1.13,2026-05-26,1009,Aqua,MODIS,71,6.1NRT,315.53,15.54,D
30.37552,77.4979,343.78,1.29,1.13,2026-05-26,1009,Aqua,MODIS,89,6.1NRT,316.13,48.64,D
30.42506,77.41117,326.37,1.28,1.12,2026-05-26,1009,Aqua,MODIS,66,6.1NRT,312.7,12.21,D
30.49512,77.47186,329.83,1.29,1.13,2026-05-26,1009,Aqua,MODIS,66,6.1NRT,315.9,18.61,D
30.48295,77.28977,338.58,1.26,1.12,2026-05-26,1009,Aqua,MODIS,84,6.1NRT,315.15,35.21,D
30.54156,77.18551,327.86,1.25,1.11,2026-05-26,1009,Aqua,MODIS,69,6.1NRT,314.65,12.47,D
30.58388,77.09539,330.3,1.24,1.1,2026-05-26,1009,Aqua,MODIS,75,6.1NRT,317.28,14.78,D
30.59349,77.09367,328.89,1.24,1.1,2026-05-26,1009,Aqua,MODIS,63,6.1NRT,316.2,12.56,D
30.48898,76.2524,331.05,1.13,1.06,2026-05-26,1009,Aqua,MODIS,72,6.1NRT,315.26,14.21,D
30.65816,77.46776,325.08,1.3,1.13,2026-05-26,1009,Aqua,MODIS,65,6.1NRT,309.79,14.59,D
30.81288,76.90542,328.97,1.22,1.1,2026-05-26,1009,Aqua,MODIS,74,6.1NRT,316.64,12.39,D
30.85005,76.94255,326.56,1.22,1.1,2026-05-26,1009,Aqua,MODIS,63,6.1NRT,312.12,12.09,D
30.87724,77.08634,333.19,1.24,1.11,2026-05-26,1009,Aqua,MODIS,81,6.1NRT,305.71,33.4,D
30.8828,76.97072,320.34,1.23,1.1,2026-05-26,1009,Aqua,MODIS,35,6.1NRT,306.42,9.74,D
30.88147,76.95985,341.23,1.23,1.1,2026-05-26,1009,Aqua,MODIS,88,6.1NRT,312.2,45.73,D
30.87085,76.71724,335.61,1.19,1.09,2026-05-26,1009,Aqua,MODIS,82,6.1NRT,315.65,25.7,D
30.93607,76.96931,342.1,1.23,1.1,2026-05-26,1009,Aqua,MODIS,89,6.1NRT,306.95,49.34,D
30.93451,76.95634,322.69,1.23,1.1,2026-05-26,1009,Aqua,MODIS,54,6.1NRT,307.74,12.25,D
30.9457,76.96802,350.33,1.23,1.1,2026-05-26,1009,Aqua,MODIS,94,6.1NRT,310.39,69.7,D
30.94411,76.95486,332.76,1.23,1.1,2026-05-26,1009,Aqua,MODIS,80,6.1NRT,309.21,27.2,D
31.02392,77.04532,322.24,1.24,1.11,2026-05-26,1009,Aqua,MODIS,61,6.1NRT,309.31,10.18,D
31.02573,77.03946,322.13,1.24,1.11,2026-05-26,1009,Aqua,MODIS,62,6.1NRT,309.56,10.18,D
31.05765,77.22543,353.65,1.27,1.12,2026-05-26,1009,Aqua,MODIS,96,6.1NRT,309.13,88.61,D
31.05624,77.21352,325.98,1.27,1.12,2026-05-26,1009,Aqua,MODIS,72,6.1NRT,307.9,20.59,D
30.95652,76.09425,330.9,1.12,1.06,2026-05-26,1009,Aqua,MODIS,74,6.1NRT,318.14,12.09,D
30.95505,76.08291,332.76,1.12,1.05,2026-05-26,1009,Aqua,MODIS,77,6.1NRT,317.93,14.56,D
30.6129,73.61974,331.3,1,1,2026-05-26,1009,Aqua,MODIS,69,6.1NRT,309.76,17.01,D
31.04232,76.54193,326.64,1.17,1.08,2026-05-26,1009,Aqua,MODIS,0,6.1NRT,313.92,11.19,D
30.71731,73.69556,326.72,1,1,2026-05-26,1009,Aqua,MODIS,51,6.1NRT,309.84,11.35,D
30.72003,73.65357,338.09,1,1,2026-05-26,1009,Aqua,MODIS,81,6.1NRT,309.56,25.28,D
30.71854,73.64352,331.35,1,1,2026-05-26,1009,Aqua,MODIS,70,6.1NRT,312.31,15.66,D
31.13348,75.61096,331,1.08,1.04,2026-05-26,1009,Aqua,MODIS,73,6.1NRT,316.95,11.83,D
31.23892,75.99072,332.66,1.12,1.05,2026-05-26,1009,Aqua,MODIS,77,6.1NRT,317.6,13.95,D
31.31228,76.48815,336.69,1.18,1.08,2026-05-26,1009,Aqua,MODIS,84,6.1NRT,317.79,26.09,D
31.48633,76.8803,322.62,1.24,1.1,2026-05-26,1009,Aqua,MODIS,66,6.1NRT,309.67,10.78,D
31.5244,76.95116,322.49,1.25,1.11,2026-05-26,1009,Aqua,MODIS,64,6.1NRT,308.52,10.83,D
31.53411,76.94987,322.62,1.25,1.11,2026-05-26,1009,Aqua,MODIS,67,6.1NRT,308.17,11.41,D
31.51359,76.43474,324.12,1.18,1.08,2026-05-26,1009,Aqua,MODIS,60,6.1NRT,312.78,10.22,D
31.50043,76.3283,332.28,1.16,1.07,2026-05-26,1009,Aqua,MODIS,79,6.1NRT,320.05,17.49,D
31.7416,76.17701,324.01,1.15,1.07,2026-05-26,1009,Aqua,MODIS,62,6.1NRT,312.77,10.53,D
31.84603,76.42001,325.29,1.18,1.08,2026-05-26,1009,Aqua,MODIS,69,6.1NRT,311.66,11.19,D
31.88745,76.40669,325.43,1.18,1.08,2026-05-26,1009,Aqua,MODIS,70,6.1NRT,310.84,10.63,D
31.88595,76.39445,328.86,1.18,1.08,2026-05-26,1009,Aqua,MODIS,75,6.1NRT,311.37,16.29,D
31.89982,76.42889,326.02,1.19,1.08,2026-05-26,1009,Aqua,MODIS,69,6.1NRT,310.45,13.43,D
32.03042,76.42371,319.45,1.19,1.09,2026-05-26,1009,Aqua,MODIS,49,6.1NRT,306.05,7.7,D
32.02674,75.67928,331.99,1.11,1.05,2026-05-26,1009,Aqua,MODIS,76,6.1NRT,318.35,13.47,D
31.92354,74.55925,332.42,1.03,1.01,2026-05-26,1009,Aqua,MODIS,26,6.1NRT,318.31,10.99,D
31.91053,74.46532,330.09,1.02,1.01,2026-05-26,1009,Aqua,MODIS,65,6.1NRT,317.46,9.85,D
32.17173,76.0105,331.35,1.14,1.07,2026-05-26,1009,Aqua,MODIS,77,6.1NRT,313.56,19,D
31.96468,74.46551,345.67,1.02,1.01,2026-05-26,1009,Aqua,MODIS,89,6.1NRT,317.1,34.05,D
32.02474,74.76111,331.89,1.04,1.02,2026-05-26,1009,Aqua,MODIS,54,6.1NRT,316.85,11.76,D
32.00046,74.51736,363.54,1.02,1.01,2026-05-26,1009,Aqua,MODIS,100,6.1NRT,320,78.19,D
31.99901,74.5069,338.29,1.02,1.01,2026-05-26,1009,Aqua,MODIS,81,6.1NRT,319.07,20.61,D
32.09318,75.06635,328.91,1.06,1.03,2026-05-26,1009,Aqua,MODIS,68,6.1NRT,316.92,9.81,D
32.03396,74.62935,331.1,1.03,1.01,2026-05-26,1009,Aqua,MODIS,69,6.1NRT,318.47,10.4,D
32.05906,74.54903,334.26,1.03,1.01,2026-05-26,1009,Aqua,MODIS,75,6.1NRT,316.69,14.2,D
32.05178,74.49668,331.65,1.02,1.01,2026-05-26,1009,Aqua,MODIS,70,6.1NRT,317.47,11.19,D
32.05032,74.48623,331.65,1.02,1.01,2026-05-26,1009,Aqua,MODIS,69,6.1NRT,317.82,11.29,D
32.04013,74.41319,336,1.02,1.01,2026-05-26,1009,Aqua,MODIS,78,6.1NRT,318.71,16.51,D
32.06786,74.54733,334.44,1.03,1.01,2026-05-26,1009,Aqua,MODIS,76,6.1NRT,317.85,14.88,D
32.31384,75.83,323.43,1.13,1.06,2026-05-26,1009,Aqua,MODIS,49,6.1NRT,311.59,5.83,D
32.31237,75.81853,326.84,1.13,1.06,2026-05-26,1009,Aqua,MODIS,64,6.1NRT,312.06,10.06,D
30.4885,77.30168,315.84,1.04,1.02,2026-05-26,1529,Terra,MODIS,76,6.1NRT,302.7,10.21,N
30.48715,77.29102,313.39,1.04,1.02,2026-05-26,1529,Terra,MODIS,65,6.1NRT,302.83,8.19,N
30.65675,77.4705,307.54,1.06,1.03,2026-05-26,1529,Terra,MODIS,70,6.1NRT,296.23,6.02,N
30.66568,77.4686,338.52,1.06,1.03,2026-05-26,1529,Terra,MODIS,100,6.1NRT,297.95,41.89,N
30.66445,77.45869,328.75,1.05,1.03,2026-05-26,1529,Terra,MODIS,100,6.1NRT,298.57,26.88,N
30.75402,77.29627,311.24,1.05,1.02,2026-05-26,1529,Terra,MODIS,82,6.1NRT,297.85,8.96,N
30.80124,77.30311,309.69,1.05,1.02,2026-05-26,1529,Terra,MODIS,78,6.1NRT,296.43,8.31,N
30.8662,77.09116,312.96,1.04,1.02,2026-05-26,1529,Terra,MODIS,86,6.1NRT,295.8,11.13,N
30.87503,77.08914,314.55,1.04,1.02,2026-05-26,1529,Terra,MODIS,89,6.1NRT,294.97,12.38,N
30.85633,76.94389,312.95,1.03,1.01,2026-05-26,1529,Terra,MODIS,86,6.1NRT,300.52,7.69,N
30.86519,76.94222,310,1.03,1.01,2026-05-26,1529,Terra,MODIS,79,6.1NRT,299.77,5.87,N
30.91368,76.88517,326.04,1.03,1.01,2026-05-26,1529,Terra,MODIS,100,6.1NRT,302.4,20.66,N
30.91236,76.87498,329.29,1.02,1.01,2026-05-26,1529,Terra,MODIS,100,6.1NRT,302.74,24.73,N
30.94202,76.96434,309.99,1.03,1.01,2026-05-26,1529,Terra,MODIS,79,6.1NRT,296.57,7.75,N
30.99374,77.08372,305.24,1.04,1.02,2026-05-26,1529,Terra,MODIS,63,6.1NRT,294.33,5.74,N
31.05725,77.21793,311.35,1.05,1.02,2026-05-26,1529,Terra,MODIS,82,6.1NRT,291.72,11.38,N
31.09262,76.91573,316.1,1.03,1.01,2026-05-26,1529,Terra,MODIS,93,6.1NRT,296.48,13.04,N
31.09126,76.9051,331.51,1.03,1.01,2026-05-26,1529,Terra,MODIS,100,6.1NRT,297.57,30.28,N
31.25329,77.31393,305.04,1.05,1.03,2026-05-26,1529,Terra,MODIS,51,6.1NRT,293.7,5.45,N
31.23004,77.0575,309.23,1.04,1.02,2026-05-26,1529,Terra,MODIS,77,6.1NRT,295.43,7.58,N
31.23893,77.05582,307.88,1.04,1.02,2026-05-26,1529,Terra,MODIS,73,6.1NRT,295.61,6.48,N
31.31435,76.49617,313.22,1.01,1.01,2026-05-26,1529,Terra,MODIS,87,6.1NRT,301.43,8.69,N
31.79663,76.03174,312.77,1,1,2026-05-26,1529,Terra,MODIS,86,6.1NRT,298.13,9.58,N
31.86493,76.41151,315.18,1.02,1.01,2026-05-26,1529,Terra,MODIS,91,6.1NRT,297.3,11.48,N
31.86356,76.40099,322.91,1.02,1.01,2026-05-26,1529,Terra,MODIS,100,6.1NRT,298.35,18.79,N
32.425,75.83797,308.15,1,1,2026-05-26,1529,Terra,MODIS,74,6.1NRT,297.72,6.05,N
30.74154,77.296,316.5,4.38,1.93,2026-05-27,0909,Aqua,MODIS,72,6.1NRT,303.28,59.76,D
31.9237,74.42433,328.54,3.68,1.8,2026-05-27,1047,Aqua,MODIS,60,6.1NRT,309.53,58.41,D
32.13865,76.49387,304.27,1.11,1.05,2026-05-27,2248,Aqua,MODIS,59,6.1NRT,294.19,6.8,N
31.42382,77.39811,303.37,1.25,1.11,2026-05-27,2248,Aqua,MODIS,54,6.1NRT,291.52,7.88,N
30.90337,76.95429,310.93,1.21,1.09,2026-05-27,2248,Aqua,MODIS,81,6.1NRT,295.2,11.71,N
31.44732,75.72806,326.84,1.01,1.01,2026-05-28,0410,Terra,MODIS,74,6.1NRT,307.67,12.41,D
31.02475,75.82546,325.97,1.02,1.01,2026-05-28,0410,Terra,MODIS,72,6.1NRT,308.01,9.33,D
30.96427,75.42667,329.62,1.01,1,2026-05-28,0410,Terra,MODIS,66,6.1NRT,309.39,14.72,D
30.87175,74.91526,326.6,1,1,2026-05-28,0410,Terra,MODIS,69,6.1NRT,312,7.74,D
30.24207,76.40394,324.36,1.07,1.03,2026-05-28,0410,Terra,MODIS,70,6.1NRT,306.12,10.34,D
30.34187,75.50356,323.44,1.01,1.01,2026-05-28,0410,Terra,MODIS,57,6.1NRT,307.28,7.89,D
30.39327,74.38321,333.98,1,1,2026-05-28,0410,Terra,MODIS,79,6.1NRT,314.41,13.9,D
29.04663,75.75259,328.22,1.04,1.02,2026-05-28,0412,Terra,MODIS,63,6.1NRT,313.11,7.93,D
27.74814,77.39113,330.14,1.18,1.08,2026-05-28,0947,Aqua,MODIS,71,6.1NRT,307.4,15.36,D
29.40718,76.44458,338.62,1.24,1.11,2026-05-28,0947,Aqua,MODIS,84,6.1NRT,312.08,29.83,D
30.46845,77.26445,326.03,1.11,1.05,2026-05-28,0947,Aqua,MODIS,60,6.1NRT,304.26,12.62,D
30.48665,77.26077,322.1,1.11,1.05,2026-05-28,0947,Aqua,MODIS,50,6.1NRT,303.04,8.5,D
30.44737,77.02552,323.18,1.13,1.06,2026-05-28,0947,Aqua,MODIS,61,6.1NRT,306.81,7,D
30.80769,77.28616,322.31,1.1,1.04,2026-05-28,0947,Aqua,MODIS,64,6.1NRT,306.34,10.11,D
30.87082,77.16493,331.79,1.1,1.05,2026-05-28,0947,Aqua,MODIS,80,6.1NRT,303.8,26.12,D
30.86903,77.15408,341.27,1.11,1.05,2026-05-28,0947,Aqua,MODIS,89,6.1NRT,303.59,42.75,D
30.91666,76.8774,324.78,1.13,1.06,2026-05-28,0947,Aqua,MODIS,44,6.1NRT,299.83,13.93,D
31.03053,77.28912,318.12,1.09,1.04,2026-05-28,0947,Aqua,MODIS,38,6.1NRT,300.7,10.48,D
30.69051,74.87689,329.42,1.45,1.19,2026-05-28,0947,Aqua,MODIS,67,6.1NRT,310.07,15.4,D
31.26138,77.33672,382.58,1.08,1.04,2026-05-28,0947,Aqua,MODIS,100,6.1NRT,309,173.86,D
31.25968,77.32632,355.45,1.08,1.04,2026-05-28,0947,Aqua,MODIS,97,6.1NRT,306.18,72.95,D
31.3466,77.39994,324.05,1.07,1.03,2026-05-28,0947,Aqua,MODIS,64,6.1NRT,307.46,12.56,D
31.28157,77.00525,324.04,1.11,1.05,2026-05-28,0947,Aqua,MODIS,73,6.1NRT,303.93,15.08,D
31.27975,76.9943,321.71,1.11,1.05,2026-05-28,0947,Aqua,MODIS,69,6.1NRT,305.56,12.92,D
31.18111,75.70914,329.47,1.28,1.12,2026-05-28,0947,Aqua,MODIS,76,6.1NRT,314.55,11.49,D
31.17885,75.69634,329.47,1.28,1.12,2026-05-28,0947,Aqua,MODIS,76,6.1NRT,314.36,11.61,D
31.45664,76.88311,322.1,1.12,1.05,2026-05-28,0947,Aqua,MODIS,40,6.1NRT,307.37,11.28,D
31.58933,76.22355,318.28,1.19,1.08,2026-05-28,0947,Aqua,MODIS,30,6.1NRT,300.92,4.92,D
32.0824,74.50093,330.19,1.44,1.19,2026-05-28,0949,Aqua,MODIS,75,6.1NRT,312.89,15.88,D
31.26743,77.32527,308.73,1.24,1.11,2026-05-28,1509,Terra,MODIS,75,6.1NRT,295.07,9.03,N
31.3435,77.4055,300.4,1.23,1.1,2026-05-28,1509,Terra,MODIS,5,6.1NRT,288.49,3.96,N
31.28779,77.00718,307.08,1.29,1.13,2026-05-28,1509,Terra,MODIS,53,6.1NRT,294.23,8.11,N
31.28577,76.99512,308.8,1.29,1.13,2026-05-28,1509,Terra,MODIS,26,6.1NRT,294.42,11.34,N
32.13921,76.4853,303.77,1.33,1.14,2026-05-28,1509,Terra,MODIS,57,6.1NRT,293,7.89,N
29.39082,75.56856,325.34,1.65,1.26,2026-05-29,1024,Aqua,MODIS,60,6.1NRT,304.47,16.18,D
31.3735,75.6288,326.26,1.78,1.31,2026-05-29,1024,Aqua,MODIS,63,6.1NRT,306.7,18.92,D
31.9561,74.46742,308.16,1.31,1.13,2026-05-29,1548,Terra,MODIS,73,6.1NRT,297.34,7.59,N
32.06101,74.40459,310.32,1.3,1.13,2026-05-29,1548,Terra,MODIS,79,6.1NRT,297.87,9.8,N
30.84668,75.2981,314.31,1.45,1.19,2026-05-30,0349,Terra,MODIS,19,6.1NRT,292.37,7.42,D
31.9984,74.62385,322.03,1.01,1,2026-05-31,1004,Aqua,MODIS,62,6.1NRT,304.34,7.29,D
31.86925,74.26379,322.56,1.02,1.01,2026-05-31,1004,Aqua,MODIS,64,6.1NRT,304.89,6.17,D
30.81274,73.79585,319.32,1.06,1.03,2026-05-31,1004,Aqua,MODIS,53,6.1NRT,298.72,9.36,D
31.19736,75.70839,320.1,1,1,2026-05-31,1004,Aqua,MODIS,67,6.1NRT,302.08,8.47,D
31.89461,74.42898,321.61,1.01,1.01,2026-05-31,1004,Aqua,MODIS,62,6.1NRT,302.3,9.1,D
31.88534,74.29742,324.11,1.02,1.01,2026-05-31,1004,Aqua,MODIS,67,6.1NRT,303.91,9.86,D
29.19332,75.66704,307.2,1.01,1.01,2026-05-31,1526,Terra,MODIS,70,6.1NRT,295.83,5,N
31.87806,74.30335,312.7,1.04,1.02,2026-05-31,1529,Terra,MODIS,85,6.1NRT,294.53,10.41,N
30.82468,73.53185,320.34,1.04,1.02,2026-06-02,0408,Terra,MODIS,39,6.1NRT,303.8,6.36,D
29.83414,75.8893,323.63,1.03,1.01,2026-06-02,0410,Terra,MODIS,63,6.1NRT,305.83,6.99,D
29.36712,75.29977,326.1,1.01,1.01,2026-06-02,0410,Terra,MODIS,65,6.1NRT,304.96,10.08,D
31.35269,77.37597,317.87,1.28,1.12,2026-06-02,0941,Aqua,MODIS,64,6.1NRT,301.88,10.19,D
31.09836,75.79777,326.31,1.6,1.25,2026-06-02,0941,Aqua,MODIS,74,6.1NRT,307.01,15.37,D
32.03585,74.43623,310.17,1.82,1.32,2026-06-02,1509,Terra,MODIS,79,6.1NRT,293.27,17.39,N
30.38974,73.62387,325.54,1.08,1.04,2026-06-03,1019,Aqua,MODIS,42,6.1NRT,307,9.66,D
30.51103,73.62903,328.69,1.08,1.04,2026-06-03,1019,Aqua,MODIS,64,6.1NRT,310.76,15.24,D
30.55658,73.90292,349.31,1.11,1.05,2026-06-03,1019,Aqua,MODIS,93,6.1NRT,308.92,54.53,D
30.55511,73.89176,325.03,1.11,1.05,2026-06-03,1019,Aqua,MODIS,43,6.1NRT,308.35,10.86,D
30.52475,73.59319,327.23,1.08,1.04,2026-06-03,1019,Aqua,MODIS,58,6.1NRT,307.84,13.79,D
30.64498,74.39664,331.1,1.17,1.07,2026-06-03,1019,Aqua,MODIS,73,6.1NRT,311.46,11.81,D
30.58599,73.64347,329.11,1.09,1.04,2026-06-03,1019,Aqua,MODIS,66,6.1NRT,309.09,15.92,D
30.74067,73.77267,327.1,1.1,1.05,2026-06-03,1019,Aqua,MODIS,62,6.1NRT,307.54,12.33,D
30.7877,73.77571,329.83,1.1,1.05,2026-06-03,1019,Aqua,MODIS,69,6.1NRT,309.67,15.96,D
30.99199,74.22872,327,1.16,1.07,2026-06-03,1019,Aqua,MODIS,65,6.1NRT,306.82,12.46,D
31.30674,76.23133,324.54,1.5,1.21,2026-06-03,1019,Aqua,MODIS,64,6.1NRT,303.06,16.77,D
32.06843,74.59775,338.95,1.24,1.11,2026-06-03,1019,Aqua,MODIS,84,6.1NRT,313.83,27.58,D
28.43433,76.99494,308.63,1.29,1.13,2026-06-03,2222,Aqua,MODIS,74,6.1NRT,297.86,7.95,N
28.43272,77.00771,308.53,1.29,1.13,2026-06-03,2222,Aqua,MODIS,74,6.1NRT,298.05,7.69,N
30.38039,76.93528,321.98,1.18,1.08,2026-06-04,0349,Terra,MODIS,66,6.1NRT,302.07,9.36,D
30.96889,75.5692,328.45,1.06,1.03,2026-06-05,0956,Aqua,MODIS,52,6.1NRT,310.4,7.61,D
31.88676,74.64373,326.5,1.11,1.05,2026-06-05,0956,Aqua,MODIS,61,6.1NRT,309.92,9.22,D
31.89951,74.27748,332.38,1.15,1.07,2026-06-05,0956,Aqua,MODIS,75,6.1NRT,313.41,14.93,D
32.48657,75.95351,325.72,1.01,1.01,2026-06-05,0956,Aqua,MODIS,64,6.1NRT,302.1,15.4,D
31.58324,76.57137,311.68,1.01,1,2026-06-05,1526,Terra,MODIS,83,6.1NRT,294.43,8.76,N
31.59205,76.56984,307.67,1.01,1,2026-06-05,1526,Terra,MODIS,72,6.1NRT,294.6,6.12,N
32.01475,74.6507,327.97,1.01,1.01,2026-06-07,0408,Terra,MODIS,72,6.1NRT,312.91,8.12,D
31.74431,76.46378,313.49,1.03,1.01,2026-06-07,0408,Terra,MODIS,57,6.1NRT,301.17,5.15,D
31.2856,77.32489,319.04,1.09,1.04,2026-06-07,0408,Terra,MODIS,75,6.1NRT,298.26,12.09,D
30.66928,75.6074,322.91,1.01,1,2026-06-07,0408,Terra,MODIS,57,6.1NRT,305.76,6.25,D
30.78197,74.0219,322.43,1.02,1.01,2026-06-07,0408,Terra,MODIS,53,6.1NRT,303.69,9.68,D
30.74402,73.9559,321.38,1.03,1.01,2026-06-07,0408,Terra,MODIS,40,6.1NRT,302.71,8.78,D
30.64602,73.9322,322.87,1.03,1.01,2026-06-07,0408,Terra,MODIS,54,6.1NRT,302.71,10.55,D
31.64582,75.14745,327.32,2.24,1.45,2026-06-07,0934,Aqua,MODIS,68,6.1NRT,311.08,27.8,D
32.06545,76.26013,319.85,1.85,1.33,2026-06-07,0934,Aqua,MODIS,45,6.1NRT,305.04,17.95,D
31.88638,74.451,329.99,2.47,1.51,2026-06-07,0934,Aqua,MODIS,73,6.1NRT,310.13,37.98,D
31.28696,77.34687,310.95,1.28,1.12,2026-06-07,1507,Terra,MODIS,81,6.1NRT,293.45,11.97,N
31.28476,77.33345,324.46,1.28,1.12,2026-06-07,1507,Terra,MODIS,100,6.1NRT,294.56,29.28,N
31.28746,77.34056,324.12,1.28,1.12,2026-06-07,1507,Terra,MODIS,100,6.1NRT,294.7,28.78,N
31.28499,77.32616,310.06,1.28,1.12,2026-06-07,1507,Terra,MODIS,79,6.1NRT,294.84,10.63,N
29.99137,76.96059,336.78,1.26,1.11,2026-06-08,1011,Aqua,MODIS,81,6.1NRT,313.54,27.06,D
30.57167,77.11798,327.99,1.3,1.13,2026-06-08,1011,Aqua,MODIS,67,6.1NRT,314.03,12.4,D
30.45396,73.72217,328.23,1,1,2026-06-08,1013,Aqua,MODIS,53,6.1NRT,311.23,10.19,D
30.45243,73.65012,342.95,1,1,2026-06-08,1013,Aqua,MODIS,86,6.1NRT,311.14,32.79,D
30.45097,73.64008,328.84,1,1,2026-06-08,1013,Aqua,MODIS,58,6.1NRT,311.25,11.66,D
30.59728,73.6197,336.99,1,1,2026-06-08,1013,Aqua,MODIS,79,6.1NRT,310.14,22.99,D
30.59582,73.60964,344.07,1,1,2026-06-08,1013,Aqua,MODIS,88,6.1NRT,312.53,34.92,D
30.63341,73.56081,327.2,1,1,2026-06-08,1013,Aqua,MODIS,50,6.1NRT,310.04,9.55,D
30.69752,73.88009,328.04,1.01,1,2026-06-08,1013,Aqua,MODIS,54,6.1NRT,311.36,10.89,D
30.66965,73.56398,335.61,1,1,2026-06-08,1013,Aqua,MODIS,77,6.1NRT,310.91,20.17,D
30.78117,74.06577,335.12,1.01,1.01,2026-06-08,1013,Aqua,MODIS,76,6.1NRT,311.34,21.04,D
31.18596,76.87459,343.24,1.29,1.13,2026-06-08,1013,Aqua,MODIS,89,6.1NRT,306.55,56.97,D
31.04447,75.59772,334.8,1.12,1.05,2026-06-08,1013,Aqua,MODIS,78,6.1NRT,317.1,15.6,D
31.24634,77.2166,322.21,1.35,1.15,2026-06-08,1013,Aqua,MODIS,38,6.1NRT,306.7,10.74,D
30.81041,73.81458,330.5,1,1,2026-06-08,1013,Aqua,MODIS,67,6.1NRT,311.76,13.17,D
31.27036,77.33813,322.59,1.37,1.16,2026-06-08,1013,Aqua,MODIS,63,6.1NRT,306.3,13.54,D
30.85538,73.94132,335.21,1.01,1,2026-06-08,1013,Aqua,MODIS,77,6.1NRT,311.04,20.72,D
31.36982,77.40044,323.12,1.39,1.17,2026-06-08,1013,Aqua,MODIS,32,6.1NRT,308.32,11.52,D
31.4603,76.86998,331,1.3,1.13,2026-06-08,1013,Aqua,MODIS,79,6.1NRT,309.9,25.36,D
31.36969,75.48077,331.5,1.11,1.05,2026-06-08,1013,Aqua,MODIS,74,6.1NRT,309.67,19.09,D
31.37885,75.47915,324.38,1.11,1.05,2026-06-08,1013,Aqua,MODIS,52,6.1NRT,308.69,9.81,D
31.62608,76.20312,327.52,1.2,1.09,2026-06-08,1013,Aqua,MODIS,68,6.1NRT,312.01,11.25,D
31.51045,75.07889,332.18,1.08,1.04,2026-06-08,1013,Aqua,MODIS,73,6.1NRT,311.67,17.35,D
31.65575,75.86118,326.77,1.16,1.07,2026-06-08,1013,Aqua,MODIS,66,6.1NRT,313.58,11.01,D
31.65428,75.84939,336.91,1.16,1.07,2026-06-08,1013,Aqua,MODIS,82,6.1NRT,314.95,27.96,D
31.63187,75.02193,333.61,1.08,1.04,2026-06-08,1013,Aqua,MODIS,75,6.1NRT,310.39,19.51,D
31.63043,75.01097,332.47,1.08,1.04,2026-06-08,1013,Aqua,MODIS,73,6.1NRT,310.93,17.7,D
31.99544,75.90479,330.4,1.18,1.08,2026-06-08,1013,Aqua,MODIS,74,6.1NRT,313.44,16.11,D
31.89103,75.09787,330.4,1.09,1.04,2026-06-08,1013,Aqua,MODIS,69,6.1NRT,315.79,10.49,D
32.05287,75.86457,335.03,1.17,1.08,2026-06-08,1013,Aqua,MODIS,80,6.1NRT,313.36,24.68,D
32.42348,76.04464,325.45,1.21,1.09,2026-06-08,1013,Aqua,MODIS,33,6.1NRT,304.43,17.31,D
32.43304,76.04336,323.65,1.21,1.09,2026-06-08,1013,Aqua,MODIS,31,6.1NRT,304.09,15.79,D
32.4441,74.54796,332.86,1.06,1.03,2026-06-08,1013,Aqua,MODIS,76,6.1NRT,314.41,15.47,D
30.82555,73.51563,313.85,1.11,1.05,2026-06-08,1544,Terra,MODIS,82,6.1NRT,301.33,9.56,N
31.37826,77.40688,304.55,1.89,1.34,2026-06-08,1544,Terra,MODIS,37,6.1NRT,292.55,11.46,N
31.58323,76.53044,314.13,1.65,1.26,2026-06-08,1544,Terra,MODIS,89,6.1NRT,296.53,19.38,N
31.58513,76.54125,309.28,1.66,1.27,2026-06-08,1544,Terra,MODIS,77,6.1NRT,295.98,12.92,N
31.5835,76.52375,306.67,1.65,1.26,2026-06-08,1544,Terra,MODIS,69,6.1NRT,296.28,9.09,N
32.42442,76.04579,308.02,1.58,1.24,2026-06-08,1546,Terra,MODIS,68,6.1NRT,292.3,13.63,N
32.43542,76.04514,304.96,1.58,1.24,2026-06-08,1546,Terra,MODIS,26,6.1NRT,292.52,9.37,N
31.89915,75.08829,324.92,1.6,1.25,2026-06-09,0349,Terra,MODIS,68,6.1NRT,307.55,13.8,D
30.61838,74.68014,335.94,1.64,1.26,2026-06-09,0349,Terra,MODIS,81,6.1NRT,310.82,39.97,D
29.52774,75.40544,332.52,1.43,1.18,2026-06-09,0349,Terra,MODIS,75,6.1NRT,308.11,26.83,D
31.47108,76.50856,310.95,1.18,1.08,2026-06-09,2254,Aqua,MODIS,81,6.1NRT,293.11,11.6,N
31.46905,76.52017,311.01,1.18,1.08,2026-06-09,2254,Aqua,MODIS,81,6.1NRT,294.65,11.84,N
31.39926,76.80566,305.04,1.22,1.1,2026-06-09,2254,Aqua,MODIS,63,6.1NRT,294.18,6.33,N
30.26925,76.22388,338.95,1.18,1.08,2026-06-10,0949,Aqua,MODIS,83,6.1NRT,315.33,23.13,D
30.27861,76.22172,336,1.18,1.08,2026-06-10,0949,Aqua,MODIS,79,6.1NRT,316.41,18.35,D
30.34641,76.07712,335.47,1.2,1.09,2026-06-10,0952,Aqua,MODIS,78,6.1NRT,316.01,17.31,D
30.48975,76.19759,337.88,1.18,1.08,2026-06-10,0952,Aqua,MODIS,82,6.1NRT,314.61,25.61,D
30.72869,77.19846,327.75,1.07,1.03,2026-06-10,0952,Aqua,MODIS,72,6.1NRT,305.08,17.33,D
30.5431,76.08137,329.78,1.19,1.09,2026-06-10,0952,Aqua,MODIS,64,6.1NRT,314.63,9.12,D
30.54106,76.06947,330.19,1.19,1.09,2026-06-10,0952,Aqua,MODIS,66,6.1NRT,314.68,9.34,D
30.62094,75.93198,344.14,1.21,1.09,2026-06-10,0952,Aqua,MODIS,89,6.1NRT,320.16,37.22,D
30.92615,77.0988,323.84,1.07,1.03,2026-06-10,0952,Aqua,MODIS,66,6.1NRT,304.1,15.69,D
30.97614,75.29894,331.5,1.29,1.13,2026-06-10,0952,Aqua,MODIS,71,6.1NRT,316.97,13.21,D
31.29108,77.11528,322.21,1.06,1.03,2026-06-10,0952,Aqua,MODIS,66,6.1NRT,303.34,12.85,D
31.28929,77.10405,333.04,1.07,1.03,2026-06-10,0952,Aqua,MODIS,82,6.1NRT,305.78,26.12,D
31.31811,76.99008,322.05,1.07,1.03,2026-06-10,0952,Aqua,MODIS,50,6.1NRT,307.39,11.17,D
31.37776,76.84681,323.98,1.08,1.04,2026-06-10,0952,Aqua,MODIS,62,6.1NRT,306.58,9.53,D
31.34532,75.44991,324.78,1.24,1.11,2026-06-10,0952,Aqua,MODIS,61,6.1NRT,311.63,9.77,D
31.34312,75.43739,327.49,1.25,1.11,2026-06-10,0952,Aqua,MODIS,68,6.1NRT,312.37,14.17,D
31.37559,75.03501,330.6,1.31,1.13,2026-06-10,0952,Aqua,MODIS,72,6.1NRT,314.71,13.2,D
31.65144,76.20096,326.41,1.14,1.06,2026-06-10,0952,Aqua,MODIS,70,6.1NRT,310.62,10.01,D
31.52611,75.07427,326.36,1.29,1.13,2026-06-10,0952,Aqua,MODIS,22,6.1NRT,312.42,8.74,D
31.60967,75.07424,338.33,1.29,1.13,2026-06-10,0952,Aqua,MODIS,84,6.1NRT,312.35,34.8,D
31.642,75.01997,328.11,1.3,1.13,2026-06-10,0952,Aqua,MODIS,69,6.1NRT,312.55,13.39,D
32.06687,76.17472,324.89,1.13,1.06,2026-06-10,0952,Aqua,MODIS,68,6.1NRT,309.97,11.55,D
32.44309,75.5279,345.71,1.19,1.08,2026-06-10,0952,Aqua,MODIS,91,6.1NRT,309.77,47.18,D
32.44098,75.51542,335.52,1.19,1.09,2026-06-10,0952,Aqua,MODIS,74,6.1NRT,313.95,24.03,D
29.06516,75.93589,315.72,1.01,1.01,2026-06-10,1524,Terra,MODIS,86,6.1NRT,300.16,9.57,N
30.75664,77.24731,325.03,1.02,1.01,2026-06-10,1524,Terra,MODIS,100,6.1NRT,294.48,22.14,N
31.20135,77.12669,306,1.02,1.01,2026-06-10,1524,Terra,MODIS,66,6.1NRT,295.4,4.72,N
31.45035,76.98872,309.19,1.02,1.01,2026-06-10,1524,Terra,MODIS,77,6.1NRT,293.66,7.99,N
31.5894,76.58085,310.08,1.01,1,2026-06-10,1524,Terra,MODIS,79,6.1NRT,298.17,6.37,N
31.89193,75.94456,315.16,1,1,2026-06-10,1526,Terra,MODIS,90,6.1NRT,300.07,9.34,N
31.8905,75.9343,311.27,1,1,2026-06-10,1526,Terra,MODIS,80,6.1NRT,300.07,6.19,N
32.34915,76.06403,307.81,1,1,2026-06-10,1526,Terra,MODIS,73,6.1NRT,295.67,5.37,N
31.8272,74.36673,330.95,1.58,1.24,2026-06-11,1028,Aqua,MODIS,74,6.1NRT,307.54,22.24,D
31.8306,74.35919,328.68,1.58,1.24,2026-06-11,1028,Aqua,MODIS,67,6.1NRT,307.84,15.81,D
31.94823,75.18375,323.67,1.8,1.32,2026-06-11,1028,Aqua,MODIS,48,6.1NRT,299.55,18.31,D
31.9464,75.16532,329.73,1.8,1.31,2026-06-11,1028,Aqua,MODIS,71,6.1NRT,300.1,34.46,D
29.9075,74.94231,308.02,2.64,1.56,2026-06-11,1605,Terra,MODIS,30,6.1NRT,284.82,42.32,N
29.91758,74.94408,324.44,1.34,1.15,2026-06-11,2231,Aqua,MODIS,100,6.1NRT,292.78,32.15,N
29.91594,74.95746,333.04,1.33,1.14,2026-06-11,2231,Aqua,MODIS,100,6.1NRT,293.33,48.29,N
32.07201,74.47781,318.08,1.02,1.01,2026-06-12,0406,Terra,MODIS,41,6.1NRT,298.78,6.4,D
31.0788,73.70155,320.36,1.06,1.03,2026-06-12,0406,Terra,MODIS,67,6.1NRT,298.26,10.44,D
30.51067,73.89173,316.92,1.04,1.02,2026-06-12,0406,Terra,MODIS,60,6.1NRT,299.1,6.6,D
30.50928,73.90221,316.16,1.03,1.02,2026-06-12,0406,Terra,MODIS,57,6.1NRT,298.92,6.23,D
30.50452,73.86922,316.02,1.04,1.02,2026-06-12,0406,Terra,MODIS,57,6.1NRT,298.23,6.25,D
29.91401,74.94559,326.45,1,1,2026-06-12,0406,Terra,MODIS,79,6.1NRT,297.19,17.5,D
29.91258,74.95564,329.39,1,1,2026-06-12,0406,Terra,MODIS,82,6.1NRT,297.69,21.13,D
29.90526,74.94399,314.42,1,1,2026-06-12,0406,Terra,MODIS,56,6.1NRT,296.51,6.77,D
29.90383,74.95403,317.57,1,1,2026-06-12,0406,Terra,MODIS,67,6.1NRT,296.76,9.44,D
30.31884,76.16697,317.59,1.02,1.01,2026-06-13,1006,Aqua,MODIS,52,6.1NRT,300.11,4.73,D
30.27585,73.70659,326.03,1.05,1.02,2026-06-13,1006,Aqua,MODIS,71,6.1NRT,301.9,11.95,D
30.7205,73.75319,318.08,1.04,1.02,2026-06-13,1006,Aqua,MODIS,46,6.1NRT,297.07,6.71,D
31.3097,75.33693,319.5,1,1,2026-06-13,1006,Aqua,MODIS,70,6.1NRT,297.59,11.56,D
31.54349,75.09352,317.4,1,1,2026-06-13,1006,Aqua,MODIS,62,6.1NRT,299.38,7.04,D
30.7777,73.90043,318.65,2.05,1.39,2026-06-15,0945,Aqua,MODIS,53,6.1NRT,297.58,17.99,D
31.5968,75.16176,309.01,1.02,1.01,2026-06-15,1524,Terra,MODIS,71,6.1NRT,296.81,5.6,N
30.64138,76.18958,323.41,1.54,1.22,2026-06-16,1021,Aqua,MODIS,69,6.1NRT,301.43,15.78,D
30.64445,76.18346,322.33,1.54,1.22,2026-06-16,1021,Aqua,MODIS,67,6.1NRT,301.44,14.16,D
30.85128,75.55685,321.5,1.42,1.18,2026-06-16,1021,Aqua,MODIS,65,6.1NRT,300.91,13.37,D
30.87835,75.61128,319.45,1.43,1.18,2026-06-16,1021,Aqua,MODIS,63,6.1NRT,300.59,9.52,D
30.74051,73.97285,321.13,1.16,1.07,2026-06-16,1021,Aqua,MODIS,60,6.1NRT,300.74,10.02,D
30.69128,73.59377,330.85,1.12,1.05,2026-06-16,1021,Aqua,MODIS,79,6.1NRT,301.5,22.62,D
30.6898,73.58251,328.69,1.12,1.05,2026-06-16,1021,Aqua,MODIS,76,6.1NRT,301.35,19.4,D
30.74493,73.96643,319.4,1.16,1.07,2026-06-16,1021,Aqua,MODIS,50,6.1NRT,300.97,9,D
30.79024,73.94672,322.85,1.16,1.07,2026-06-16,1021,Aqua,MODIS,36,6.1NRT,302.03,10.1,D
30.78728,73.92332,324.16,1.16,1.07,2026-06-16,1021,Aqua,MODIS,55,6.1NRT,301.68,12.19,D
31.01796,75.76332,321.82,1.46,1.2,2026-06-16,1021,Aqua,MODIS,64,6.1NRT,301.51,10.65,D
30.85114,74.27772,318.97,1.2,1.09,2026-06-16,1021,Aqua,MODIS,50,6.1NRT,299.28,8.61,D
31.41825,75.43214,323.03,1.42,1.18,2026-06-16,1021,Aqua,MODIS,67,6.1NRT,299.53,16.42,D
32.0892,73.88748,321.53,1.07,1.03,2026-06-17,0406,Terra,MODIS,67,6.1NRT,302.5,7.68,D
31.27176,75.31008,315,1,1,2026-06-17,0406,Terra,MODIS,29,6.1NRT,298.34,5.11,D
31.09937,74.61944,319.97,1.02,1.01,2026-06-17,0406,Terra,MODIS,61,6.1NRT,299.4,7.67,D
30.88508,76.12723,318.55,1.01,1.01,2026-06-17,0406,Terra,MODIS,64,6.1NRT,299.1,6.86,D
30.65692,75.8543,319.88,1.01,1,2026-06-17,0406,Terra,MODIS,43,6.1NRT,298.22,6.93,D
30.84917,74.1542,306.29,2.17,1.43,2026-06-17,1503,Terra,MODIS,54,6.1NRT,295.32,12.35,N
30.3512,75.95522,324.95,1.02,1.01,2026-06-18,1000,Aqua,MODIS,69,6.1NRT,298.62,11.39,D
30.3496,75.94498,322.36,1.02,1.01,2026-06-18,1000,Aqua,MODIS,51,6.1NRT,299.23,8.63,D
30.56565,75.1447,336.22,1.07,1.03,2026-06-18,1000,Aqua,MODIS,84,6.1NRT,303.87,25.68,D
30.56393,75.13398,328.2,1.07,1.03,2026-06-18,1000,Aqua,MODIS,70,6.1NRT,305.38,13.18,D
30.8706,75.65953,332.23,1.03,1.01,2026-06-18,1000,Aqua,MODIS,81,6.1NRT,302.79,23.1,D
30.86896,75.64917,333.7,1.03,1.01,2026-06-18,1000,Aqua,MODIS,82,6.1NRT,302.85,26.69,D
30.57747,73.71938,321.98,1.22,1.1,2026-06-18,1000,Aqua,MODIS,42,6.1NRT,299.48,10.55,D
30.63576,73.94415,323.83,1.19,1.09,2026-06-18,1000,Aqua,MODIS,62,6.1NRT,304.28,10.23,D
30.64849,73.75938,321.82,1.22,1.1,2026-06-18,1000,Aqua,MODIS,45,6.1NRT,300.74,9.13,D
30.78285,74.37475,323.27,1.13,1.06,2026-06-18,1000,Aqua,MODIS,61,6.1NRT,304.04,9.64,D
30.68216,73.72614,324.22,1.22,1.1,2026-06-18,1000,Aqua,MODIS,62,6.1NRT,301.57,11.14,D
30.75671,74.10548,322.02,1.17,1.08,2026-06-18,1000,Aqua,MODIS,54,6.1NRT,303.2,7.78,D
30.78835,74.03196,322.44,1.17,1.08,2026-06-18,1000,Aqua,MODIS,57,6.1NRT,303.25,8.45,D
30.82494,73.9621,322.38,1.18,1.08,2026-06-18,1000,Aqua,MODIS,56,6.1NRT,303.16,7.39,D
31.07016,75.21803,331.79,1.05,1.02,2026-06-18,1000,Aqua,MODIS,80,6.1NRT,304.34,19.76,D
31.06845,75.20742,328.58,1.05,1.03,2026-06-18,1000,Aqua,MODIS,76,6.1NRT,303.92,15.5,D
31.14409,75.2785,324.21,1.05,1.02,2026-06-18,1000,Aqua,MODIS,68,6.1NRT,305.49,9.74,D
31.18606,75.48666,318.42,1.04,1.02,2026-06-18,1000,Aqua,MODIS,48,6.1NRT,301.39,5.36,D
31.18442,75.4762,324.08,1.04,1.02,2026-06-18,1000,Aqua,MODIS,69,6.1NRT,301.78,11.47,D
31.1618,75.27462,320.86,1.05,1.02,2026-06-18,1000,Aqua,MODIS,44,6.1NRT,303.88,6,D
31.16531,75.23544,323.82,1.05,1.02,2026-06-18,1000,Aqua,MODIS,68,6.1NRT,306.19,9.68,D
31.01438,74.20902,325.22,1.15,1.07,2026-06-18,1000,Aqua,MODIS,58,6.1NRT,305.57,9.88,D
31.21927,75.34376,320.3,1.04,1.02,2026-06-18,1000,Aqua,MODIS,59,6.1NRT,303.56,7.53,D
31.2662,75.40955,330.7,1.04,1.02,2026-06-18,1000,Aqua,MODIS,79,6.1NRT,303.81,20.12,D
31.43415,76.00805,325.58,1.01,1,2026-06-18,1000,Aqua,MODIS,58,6.1NRT,302.89,10.94,D
31.34104,75.23412,327.6,1.05,1.02,2026-06-18,1000,Aqua,MODIS,75,6.1NRT,307.16,14.4,D
31.32759,75.14924,330.5,1.05,1.02,2026-06-18,1000,Aqua,MODIS,68,6.1NRT,309.7,17.78,D
31.27016,74.39804,323.88,1.12,1.05,2026-06-18,1000,Aqua,MODIS,60,6.1NRT,302.69,7.73,D
31.42094,75.1561,338.42,1.05,1.02,2026-06-18,1000,Aqua,MODIS,86,6.1NRT,305.18,29.03,D
31.41926,75.14547,350.69,1.05,1.02,2026-06-18,1000,Aqua,MODIS,95,6.1NRT,306.32,53.98,D
31.55289,75.27904,321.58,1.04,1.02,2026-06-18,1000,Aqua,MODIS,63,6.1NRT,304.88,6.37,D
31.60538,74.79579,343.42,1.07,1.03,2026-06-18,1000,Aqua,MODIS,90,6.1NRT,308.07,36.7,D
31.76526,75.27467,325.49,1.04,1.02,2026-06-18,1000,Aqua,MODIS,71,6.1NRT,306.18,9.94,D
31.84458,74.16331,324.11,1.12,1.06,2026-06-18,1000,Aqua,MODIS,49,6.1NRT,304.96,8.68,D
32.07663,73.88776,342.02,1.15,1.07,2026-06-18,1002,Aqua,MODIS,88,6.1NRT,307.1,36.26,D
32.07465,73.87614,327.57,1.15,1.07,2026-06-18,1002,Aqua,MODIS,69,6.1NRT,306.55,10.89,D
32.36484,74.32806,329.58,1.09,1.04,2026-06-18,1002,Aqua,MODIS,75,6.1NRT,311.89,13.64,D
30.55557,76.2914,318.34,1.36,1.15,2026-06-19,0347,Terra,MODIS,64,6.1NRT,295.26,12.12,D
30.36097,75.62321,316.12,1.48,1.2,2026-06-19,0347,Terra,MODIS,54,6.1NRT,295.07,10.51,D
30.35942,75.63825,323.42,1.48,1.2,2026-06-19,0347,Terra,MODIS,72,6.1NRT,294.25,22.76,D
30.36518,75.63227,326.18,1.48,1.2,2026-06-19,0347,Terra,MODIS,76,6.1NRT,295.18,27.23,D
29.67622,76.73013,320.74,1.95,1.36,2026-06-20,0425,Terra,MODIS,70,6.1NRT,299.36,17.03,D
30.64995,75.71593,320.55,2.05,1.39,2026-06-20,0939,Aqua,MODIS,61,6.1NRT,301.28,19.09,D
30.65415,75.70751,321.33,2.05,1.39,2026-06-20,0939,Aqua,MODIS,62,6.1NRT,301.48,22,D
30.72544,75.62305,322.87,2.07,1.4,2026-06-20,0939,Aqua,MODIS,66,6.1NRT,301.1,25.78,D
30.71673,75.62077,324.99,2.07,1.4,2026-06-20,0939,Aqua,MODIS,71,6.1NRT,301.11,32.48,D
29.97535,76.46439,322.77,1.23,1.1,2026-06-21,1017,Aqua,MODIS,46,6.1NRT,306.83,8.02,D
30.25472,76.26279,325.53,1.21,1.1,2026-06-21,1017,Aqua,MODIS,63,6.1NRT,307.78,11.03,D
30.5768,76.20961,321.71,1.22,1.1,2026-06-21,1017,Aqua,MODIS,52,6.1NRT,304.45,8.33,D
30.35687,73.65468,324.63,1.01,1,2026-06-21,1017,Aqua,MODIS,41,6.1NRT,303.92,10.22,D
30.65345,75.77369,323.24,1.16,1.07,2026-06-21,1017,Aqua,MODIS,58,6.1NRT,307.01,10.26,D
30.6568,75.72532,322.7,1.16,1.07,2026-06-21,1017,Aqua,MODIS,54,6.1NRT,306.88,8.82,D
30.6553,75.71366,324.3,1.16,1.07,2026-06-21,1017,Aqua,MODIS,61,6.1NRT,307.29,10.64,D
30.49185,73.83121,323.1,1.01,1.01,2026-06-21,1017,Aqua,MODIS,61,6.1NRT,305.06,6.19,D
30.47983,73.53556,324.72,1,1,2026-06-21,1017,Aqua,MODIS,65,6.1NRT,306.12,7.03,D
30.88439,76.30428,327.56,1.24,1.11,2026-06-21,1017,Aqua,MODIS,73,6.1NRT,305.63,16.45,D
30.91027,76.27452,332.38,1.24,1.11,2026-06-21,1017,Aqua,MODIS,80,6.1NRT,306.67,25.06,D
30.89476,76.15028,326.02,1.22,1.1,2026-06-21,1017,Aqua,MODIS,70,6.1NRT,305.7,14.44,D
30.60168,73.95033,328.28,1.02,1.01,2026-06-21,1017,Aqua,MODIS,72,6.1NRT,306.05,12.08,D
30.56697,73.70581,323.32,1.01,1,2026-06-21,1017,Aqua,MODIS,60,6.1NRT,304.69,6.55,D
30.91209,76.26855,324.57,1.24,1.11,2026-06-21,1017,Aqua,MODIS,66,6.1NRT,306.71,12.42,D
30.89868,76.15652,320.55,1.22,1.1,2026-06-21,1017,Aqua,MODIS,55,6.1NRT,305.48,8.1,D
30.83283,75.39445,323.76,1.12,1.06,2026-06-21,1017,Aqua,MODIS,59,6.1NRT,308.33,8.77,D
30.67628,74.216,324.69,1.03,1.01,2026-06-21,1017,Aqua,MODIS,56,6.1NRT,308.12,6.29,D
30.66827,73.96349,334.67,1.02,1.01,2026-06-21,1017,Aqua,MODIS,81,6.1NRT,305.51,20.14,D
30.64955,73.83054,327.16,1.01,1.01,2026-06-21,1017,Aqua,MODIS,69,6.1NRT,306.42,9.33,D
30.6756,73.95157,324.21,1.02,1.01,2026-06-21,1017,Aqua,MODIS,47,6.1NRT,305.95,5.99,D
30.69097,73.84752,325.39,1.01,1.01,2026-06-21,1017,Aqua,MODIS,63,6.1NRT,306.87,8.27,D
30.74182,73.9535,333.56,1.02,1.01,2026-06-21,1017,Aqua,MODIS,79,6.1NRT,307.52,18.36,D
30.78402,74.06177,326,1.02,1.01,2026-06-21,1017,Aqua,MODIS,65,6.1NRT,305.63,12.15,D
30.74807,73.6795,326.33,1.01,1,2026-06-21,1017,Aqua,MODIS,66,6.1NRT,307.26,8.38,D
31.07137,76.06503,322.09,1.21,1.1,2026-06-21,1017,Aqua,MODIS,58,6.1NRT,305.36,7.71,D
30.84094,74.26909,323.35,1.04,1.02,2026-06-21,1017,Aqua,MODIS,52,6.1NRT,306.39,6.66,D
30.79853,73.83177,323.45,1.01,1.01,2026-06-21,1017,Aqua,MODIS,52,6.1NRT,304.9,5.04,D
31.04259,75.52161,330.65,1.14,1.07,2026-06-21,1017,Aqua,MODIS,77,6.1NRT,306.93,19.93,D
31.05777,75.27309,325.82,1.12,1.05,2026-06-21,1017,Aqua,MODIS,58,6.1NRT,306.2,14.36,D
30.92782,74.30656,330.65,1.04,1.02,2026-06-21,1017,Aqua,MODIS,74,6.1NRT,305.83,15.4,D
30.9652,74.43346,327.34,1.05,1.02,2026-06-21,1017,Aqua,MODIS,64,6.1NRT,306.95,10.5,D
30.96378,74.42287,324.28,1.05,1.02,2026-06-21,1017,Aqua,MODIS,47,6.1NRT,306.1,6.78,D
30.89967,73.89002,324.31,1.02,1.01,2026-06-21,1017,Aqua,MODIS,37,6.1NRT,306.48,6.9,D
31.08379,75.1926,324.2,1.11,1.05,2026-06-21,1017,Aqua,MODIS,61,6.1NRT,306.47,11.07,D
31.11088,75.2571,327.64,1.12,1.05,2026-06-21,1017,Aqua,MODIS,70,6.1NRT,307.03,15.1,D
31.10942,75.24578,323.24,1.12,1.05,2026-06-21,1017,Aqua,MODIS,57,6.1NRT,307.17,9.06,D
30.95766,74.11231,329.78,1.03,1.01,2026-06-21,1017,Aqua,MODIS,73,6.1NRT,305.61,14.21,D
30.97819,74.12978,326.48,1.03,1.01,2026-06-21,1017,Aqua,MODIS,65,6.1NRT,306,9.35,D
30.94058,73.65572,328.17,1.01,1,2026-06-21,1017,Aqua,MODIS,68,6.1NRT,307.52,9.98,D
30.93626,73.62514,329.32,1.01,1,2026-06-21,1017,Aqua,MODIS,71,6.1NRT,307.2,10.56,D
31.1987,75.37601,321.83,1.13,1.06,2026-06-21,1017,Aqua,MODIS,52,6.1NRT,305.2,9.5,D
31.19724,75.36455,325.08,1.13,1.06,2026-06-21,1017,Aqua,MODIS,65,6.1NRT,305.58,13.64,D
31.21529,75.43203,322.75,1.14,1.06,2026-06-21,1017,Aqua,MODIS,58,6.1NRT,307.6,10.09,D
31.20104,75.24721,328.53,1.12,1.05,2026-06-21,1017,Aqua,MODIS,72,6.1NRT,306.68,15.41,D
31.24273,75.4984,327.04,1.15,1.07,2026-06-21,1017,Aqua,MODIS,70,6.1NRT,308.43,13.84,D
31.20765,75.15356,323.1,1.11,1.05,2026-06-21,1017,Aqua,MODIS,56,6.1NRT,305.13,9.92,D
31.26137,75.28812,328.47,1.12,1.06,2026-06-21,1017,Aqua,MODIS,72,6.1NRT,306.19,16.69,D
31.32259,75.32418,338.25,1.13,1.06,2026-06-21,1017,Aqua,MODIS,85,6.1NRT,307.36,32.45,D
31.37831,75.6849,333.7,1.17,1.08,2026-06-21,1017,Aqua,MODIS,81,6.1NRT,308.42,23.3,D
31.33778,75.36854,322.78,1.13,1.06,2026-06-21,1017,Aqua,MODIS,58,6.1NRT,306.27,8.97,D
31.4198,75.44333,321.84,1.15,1.07,2026-06-21,1017,Aqua,MODIS,44,6.1NRT,306.38,6.6,D
31.43059,75.45338,327,1.15,1.07,2026-06-21,1017,Aqua,MODIS,71,6.1NRT,306.4,12.71,D
31.41571,75.33745,322.64,1.13,1.06,2026-06-21,1017,Aqua,MODIS,60,6.1NRT,307.21,7.91,D
31.45913,75.10124,324.15,1.11,1.05,2026-06-21,1017,Aqua,MODIS,63,6.1NRT,304.76,10.66,D
31.53508,75.62119,324.01,1.17,1.08,2026-06-21,1017,Aqua,MODIS,66,6.1NRT,306.81,7.77,D
31.50829,75.06373,326.11,1.11,1.05,2026-06-21,1017,Aqua,MODIS,69,6.1NRT,304.82,13.67,D
31.74471,73.92932,327.35,1.03,1.01,2026-06-21,1017,Aqua,MODIS,68,6.1NRT,306.46,8.19,D
31.92654,74.24709,324.11,1.05,1.02,2026-06-21,1017,Aqua,MODIS,40,6.1NRT,305.66,7.2,D
30.86971,76.1116,323.07,1.14,1.06,2026-06-23,0954,Aqua,MODIS,69,6.1NRT,306.25,8.6,D
30.91238,76.31274,336.48,1.11,1.05,2026-06-23,0954,Aqua,MODIS,86,6.1NRT,306.01,29.61,D
30.89202,75.43293,328.47,1.22,1.1,2026-06-23,0954,Aqua,MODIS,74,6.1NRT,304.55,19.98,D
30.90886,75.41621,321.31,1.22,1.1,2026-06-23,0954,Aqua,MODIS,46,6.1NRT,303.21,9.51,D
31.19936,77.11401,317.62,1.04,1.02,2026-06-23,0954,Aqua,MODIS,57,6.1NRT,303.22,6.45,D
30.93716,75.52335,326.18,1.21,1.09,2026-06-23,0954,Aqua,MODIS,71,6.1NRT,304.72,15.65,D
31.15458,75.38994,320.13,1.21,1.1,2026-06-23,0954,Aqua,MODIS,56,6.1NRT,302.79,9.94,D
31.21086,75.60217,322.74,1.18,1.08,2026-06-23,0954,Aqua,MODIS,67,6.1NRT,306.47,7.88,D
31.19978,75.25123,333.93,1.23,1.1,2026-06-23,0954,Aqua,MODIS,82,6.1NRT,306.52,28.08,D
31.19765,75.23884,335.34,1.23,1.1,2026-06-23,0954,Aqua,MODIS,83,6.1NRT,306.87,31.29,D
31.20207,75.24525,337.04,1.23,1.1,2026-06-23,0954,Aqua,MODIS,85,6.1NRT,306.96,34.98,D
31.29806,75.51404,325.79,1.19,1.09,2026-06-23,0954,Aqua,MODIS,73,6.1NRT,305.97,13.26,D
31.296,75.50204,331.35,1.19,1.09,2026-06-23,0954,Aqua,MODIS,80,6.1NRT,306.18,22.86,D
31.38691,75.48624,330.14,1.19,1.09,2026-06-23,0954,Aqua,MODIS,79,6.1NRT,305.36,20.82,D
31.5927,76.55209,325.17,1.07,1.03,2026-06-23,0954,Aqua,MODIS,61,6.1NRT,300.73,16.81,D
31.53196,75.68105,325.81,1.16,1.07,2026-06-23,0954,Aqua,MODIS,74,6.1NRT,307.88,10.58,D
29.48629,75.18255,309.72,1.22,1.1,2026-06-23,1541,Terra,MODIS,74,6.1NRT,297,8.09,N
32.47047,75.97327,301.31,1.46,1.2,2026-06-23,1541,Terra,MODIS,35,6.1NRT,291.23,5.65,N
31.3604,77.46848,317.01,1.22,1.1,2026-06-24,0345,Terra,MODIS,65,6.1NRT,299.71,8.75,D
30.73204,76.19196,318.56,1.42,1.18,2026-06-24,0345,Terra,MODIS,49,6.1NRT,300.34,9.23,D
30.15493,76.71281,317.64,1.3,1.13,2026-06-24,0345,Terra,MODIS,49,6.1NRT,300.05,8.25,D
30.20948,74.72993,322.71,1.73,1.29,2026-06-24,0345,Terra,MODIS,66,6.1NRT,300.95,15.74,D
28.68388,76.95907,307.05,1.03,1.02,2026-06-24,2235,Aqua,MODIS,69,6.1NRT,295.47,5.49,N
30.78557,73.96447,317.65,1.23,1.1,2026-06-25,0423,Terra,MODIS,53,6.1NRT,296.65,8.36,D
30.55321,73.62991,318.81,1.19,1.09,2026-06-25,0423,Terra,MODIS,56,6.1NRT,298.06,8.82,D
30.99338,75.48202,323.03,2.76,1.59,2026-06-25,0932,Aqua,MODIS,55,6.1NRT,295.06,44,D
30.99925,75.47341,322.9,2.76,1.59,2026-06-25,0932,Aqua,MODIS,69,6.1NRT,295.02,47.57,D
30.77378,74.0174,306.95,1.16,1.07,2026-06-25,1522,Terra,MODIS,53,6.1NRT,295.3,4.54,N
30.86242,73.93073,308.17,1.17,1.07,2026-06-25,1522,Terra,MODIS,57,6.1NRT,295.42,5.64,N
29.64267,76.77498,324.58,1.06,1.03,2026-06-26,1009,Aqua,MODIS,64,6.1NRT,303.83,10,D
30.00487,76.79482,324.78,1.07,1.03,2026-06-26,1009,Aqua,MODIS,67,6.1NRT,303.41,10.89,D
30.00344,76.78409,329.89,1.07,1.03,2026-06-26,1009,Aqua,MODIS,76,6.1NRT,303.56,17.62,D
30.33424,75.96294,325.57,1.02,1.01,2026-06-26,1009,Aqua,MODIS,68,6.1NRT,303.5,10.24,D
30.34304,75.9613,324.49,1.02,1.01,2026-06-26,1009,Aqua,MODIS,66,6.1NRT,303.36,9.24,D
30.43246,76.00139,321.8,1.03,1.01,2026-06-26,1009,Aqua,MODIS,60,6.1NRT,303.68,6.47,D
30.55559,76.16441,325.34,1.04,1.02,2026-06-26,1009,Aqua,MODIS,71,6.1NRT,304.69,10.47,D
30.48136,75.56622,349.93,1.01,1,2026-06-26,1009,Aqua,MODIS,94,6.1NRT,303.9,49.84,D
30.62016,76.15659,335.16,1.04,1.02,2026-06-26,1009,Aqua,MODIS,83,6.1NRT,303.98,23.29,D
30.61874,76.14613,328.52,1.04,1.02,2026-06-26,1009,Aqua,MODIS,76,6.1NRT,304.63,13.78,D
30.62333,76.11315,326.48,1.04,1.02,2026-06-26,1009,Aqua,MODIS,73,6.1NRT,305.24,10.83,D
30.77201,76.19797,326.31,1.04,1.02,2026-06-26,1009,Aqua,MODIS,72,6.1NRT,304.58,11.87,D
30.42779,73.53362,332.47,1.04,1.02,2026-06-26,1009,Aqua,MODIS,79,6.1NRT,301.43,18.18,D
30.43827,73.54214,330.8,1.04,1.02,2026-06-26,1009,Aqua,MODIS,77,6.1NRT,301.31,15.87,D
30.74496,75.34007,327.35,1.01,1,2026-06-26,1009,Aqua,MODIS,70,6.1NRT,302.42,11.87,D
30.74351,75.32993,321.98,1.01,1,2026-06-26,1009,Aqua,MODIS,53,6.1NRT,302.18,6.21,D
30.48078,73.52228,326.27,1.04,1.02,2026-06-26,1009,Aqua,MODIS,69,6.1NRT,301.98,10.26,D
30.86973,75.5719,321.86,1.01,1.01,2026-06-26,1009,Aqua,MODIS,56,6.1NRT,303.62,6.46,D
30.90393,75.53765,324.62,1.01,1.01,2026-06-26,1009,Aqua,MODIS,66,6.1NRT,303.14,9.15,D
30.90249,75.52742,327.27,1.01,1.01,2026-06-26,1009,Aqua,MODIS,72,6.1NRT,303.17,12.25,D
30.78108,74.38631,325.48,1,1,2026-06-26,1009,Aqua,MODIS,67,6.1NRT,300.91,11.06,D
30.78978,74.38453,320.91,1,1,2026-06-26,1009,Aqua,MODIS,49,6.1NRT,301.23,6.94,D
30.69971,73.79462,321.03,1.02,1.01,2026-06-26,1009,Aqua,MODIS,17,6.1NRT,298.16,5.03,D
30.7306,73.93616,327.76,1.02,1.01,2026-06-26,1009,Aqua,MODIS,69,6.1NRT,301.44,12.95,D
30.96946,75.35159,326.52,1.01,1,2026-06-26,1009,Aqua,MODIS,64,6.1NRT,302.75,10.19,D
30.97964,75.36008,323.75,1.01,1,2026-06-26,1009,Aqua,MODIS,28,6.1NRT,302.39,6.6,D
30.97819,75.34989,329.05,1.01,1,2026-06-26,1009,Aqua,MODIS,75,6.1NRT,302.9,13.46,D
30.84046,74.17005,322.42,1.01,1,2026-06-26,1009,Aqua,MODIS,59,6.1NRT,301.74,6.6,D
30.86403,74.20701,325.48,1.01,1,2026-06-26,1009,Aqua,MODIS,68,6.1NRT,301.01,9.51,D
30.97931,74.92233,323.79,1,1,2026-06-26,1009,Aqua,MODIS,64,6.1NRT,297.87,9.52,D
31.03493,75.24472,325.46,1.01,1,2026-06-26,1009,Aqua,MODIS,59,6.1NRT,302.51,10.48,D
31.12658,75.81082,325.14,1.03,1.01,2026-06-26,1009,Aqua,MODIS,70,6.1NRT,304.83,9,D
31.06636,75.19009,324.48,1,1,2026-06-26,1009,Aqua,MODIS,63,6.1NRT,302.38,9.62,D
30.89873,73.94128,322.01,1.01,1.01,2026-06-26,1009,Aqua,MODIS,57,6.1NRT,301.57,6.89,D
31.21009,75.49223,326.95,1.01,1.01,2026-06-26,1009,Aqua,MODIS,72,6.1NRT,302.27,11.72,D
31.2102,75.36583,322.77,1.01,1,2026-06-26,1009,Aqua,MODIS,62,6.1NRT,300.94,9.84,D
31.20875,75.3556,320.02,1.01,1,2026-06-26,1009,Aqua,MODIS,49,6.1NRT,300.91,7.21,D
31.22566,75.19884,320.06,1.01,1,2026-06-26,1009,Aqua,MODIS,46,6.1NRT,302.01,5.91,D
31.22998,75.10381,323.5,1,1,2026-06-26,1009,Aqua,MODIS,63,6.1NRT,301.45,9.43,D
31.28092,75.27189,321.95,1.01,1,2026-06-26,1009,Aqua,MODIS,58,6.1NRT,301.07,8.66,D
31.33311,75.24545,321.1,1.01,1,2026-06-26,1009,Aqua,MODIS,57,6.1NRT,301.06,7.32,D
31.43123,75.88522,326.47,1.03,1.02,2026-06-26,1009,Aqua,MODIS,73,6.1NRT,305.64,10.14,D
31.4298,75.87472,329.32,1.03,1.02,2026-06-26,1009,Aqua,MODIS,77,6.1NRT,305.35,13.96,D
31.82731,77.13974,324.28,1.15,1.07,2026-06-26,1009,Aqua,MODIS,64,6.1NRT,297.85,18.41,D
31.6602,74.13255,329.99,1,1,2026-06-26,1009,Aqua,MODIS,76,6.1NRT,305.93,11.94,D
31.65866,74.12235,329.16,1,1,2026-06-26,1009,Aqua,MODIS,75,6.1NRT,305.64,10.54,D
31.34552,75.1842,318.57,1.01,1,2026-06-27,0404,Terra,MODIS,48,6.1NRT,300.1,5.81,D
31.23334,75.26275,318.25,1.01,1,2026-06-27,0404,Terra,MODIS,55,6.1NRT,300.56,5.64,D
31.00075,74.24764,319.02,1.05,1.02,2026-06-27,0404,Terra,MODIS,49,6.1NRT,301.91,5.77,D
30.58654,75.79229,317.91,1,1,2026-06-27,0404,Terra,MODIS,45,6.1NRT,300.06,5.73,D
30.49534,76.27757,321.43,1.01,1,2026-06-27,0404,Terra,MODIS,64,6.1NRT,299.17,7.82,D
30.78154,73.94991,321.42,1.07,1.03,2026-06-27,0404,Terra,MODIS,58,6.1NRT,304.1,6.94,D
29.29285,75.79738,311.96,1.91,1.35,2026-06-27,1501,Terra,MODIS,73,6.1NRT,296.44,16.84,N
31.3932,77.36767,302.28,1.38,1.16,2026-06-27,1501,Terra,MODIS,38,6.1NRT,292.14,5.38,N
31.04278,73.88412,320.96,2.43,1.5,2026-06-28,0442,Terra,MODIS,64,6.1NRT,300.3,29.48,D
30.53401,73.63168,333.39,2.4,1.49,2026-06-28,0442,Terra,MODIS,82,6.1NRT,301.73,77.48,D
30.53668,73.62557,328.9,2.4,1.49,2026-06-28,0442,Terra,MODIS,77,6.1NRT,301.67,57.9,D
30.94301,74.11002,333.28,1.87,1.34,2026-06-28,0947,Aqua,MODIS,79,6.1NRT,303.22,45.51,D
30.9423,74.12493,322.68,1.87,1.34,2026-06-28,0947,Aqua,MODIS,53,6.1NRT,302.39,12.3,D
30.93853,74.10638,326.77,1.87,1.34,2026-06-28,0947,Aqua,MODIS,68,6.1NRT,303.39,24.19,D
30.9425,73.63756,325.63,2.02,1.38,2026-06-28,0947,Aqua,MODIS,58,6.1NRT,303.52,22,D
30.95146,73.64909,323.99,2.01,1.38,2026-06-28,0947,Aqua,MODIS,51,6.1NRT,303.22,17.86,D
29.4579,76.86319,318.29,1.48,1.2,2026-06-28,1539,Terra,MODIS,96,6.1NRT,293,21.63,N
29.45315,76.88573,304.57,4.64,1.97,2026-06-28,2326,Aqua,MODIS,33,6.1NRT,289.84,44.27,N
29.45188,76.87685,304.88,4.64,1.97,2026-06-28,2326,Aqua,MODIS,48,6.1NRT,289.31,48.12,N
29.46043,76.86173,329.63,1.72,1.29,2026-06-29,1024,Aqua,MODIS,73,6.1NRT,302.61,25.98,D
30.42393,73.57168,326.28,1.14,1.06,2026-06-29,1024,Aqua,MODIS,63,6.1NRT,307.34,10.63,D
30.48012,73.74617,332.66,1.16,1.07,2026-06-29,1024,Aqua,MODIS,77,6.1NRT,308.15,21.3,D
30.50135,73.61166,335.43,1.15,1.07,2026-06-29,1024,Aqua,MODIS,81,6.1NRT,308.83,24.77,D
30.75018,75.15572,326.08,1.39,1.17,2026-06-29,1024,Aqua,MODIS,70,6.1NRT,298.85,16.02,D
30.60742,73.94837,328.14,1.19,1.09,2026-06-29,1024,Aqua,MODIS,69,6.1NRT,306.31,14.99,D
30.77547,75.19498,331,1.4,1.17,2026-06-29,1024,Aqua,MODIS,78,6.1NRT,301.52,26.75,D
30.62688,73.87164,340.65,1.18,1.08,2026-06-29,1024,Aqua,MODIS,86,6.1NRT,307.26,37.16,D
30.62539,73.8597,329,1.18,1.08,2026-06-29,1024,Aqua,MODIS,71,6.1NRT,306.97,15.54,D
30.85723,73.9009,328.04,1.2,1.09,2026-06-29,1024,Aqua,MODIS,70,6.1NRT,307.21,13.43,D
31.21064,75.52084,316.37,1.49,1.2,2026-06-29,1024,Aqua,MODIS,10,6.1NRT,292.73,7.86,D
31.1983,74.36047,327.74,1.27,1.12,2026-06-29,1024,Aqua,MODIS,73,6.1NRT,306.6,12.7,D
30.92566,74.0014,318.55,1.21,1.09,2026-06-30,0421,Terra,MODIS,43,6.1NRT,298.46,7.96,D
30.61745,73.79643,318.48,1.19,1.09,2026-06-30,0421,Terra,MODIS,39,6.1NRT,299.29,7.8,D
30.52887,73.77055,323.78,1.19,1.09,2026-06-30,0421,Terra,MODIS,67,6.1NRT,299.73,13.84,D
30.52691,73.78249,318.2,1.19,1.09,2026-06-30,0421,Terra,MODIS,40,6.1NRT,299.32,6.47,D
30.53339,73.6245,320.46,1.17,1.08,2026-06-30,0421,Terra,MODIS,57,6.1NRT,299.24,9.42,D
30.53781,73.78473,312.52,1.22,1.1,2026-06-30,1522,Terra,MODIS,74,6.1NRT,297.05,9.09,N
30.63784,73.97594,310.57,1.19,1.08,2026-06-30,1522,Terra,MODIS,60,6.1NRT,296.11,7.14,N
30.38601,73.65352,324.97,1.2,1.09,2026-07-01,1004,Aqua,MODIS,68,6.1NRT,301.88,10,D
30.88205,75.92687,333.09,1.01,1,2026-07-01,1004,Aqua,MODIS,84,6.1NRT,298.34,21.6,D
30.50333,73.53919,327.44,1.21,1.09,2026-07-01,1004,Aqua,MODIS,72,6.1NRT,302.35,12.47,D
30.55607,73.78702,325.97,1.18,1.08,2026-07-01,1004,Aqua,MODIS,70,6.1NRT,301.09,12.01,D
30.59128,73.93636,322.53,1.16,1.07,2026-07-01,1004,Aqua,MODIS,62,6.1NRT,299.34,7.09,D
30.61711,73.9184,328.02,1.16,1.07,2026-07-01,1004,Aqua,MODIS,74,6.1NRT,300.34,14.47,D
30.62784,73.86766,323.26,1.16,1.07,2026-07-01,1004,Aqua,MODIS,64,6.1NRT,300.47,7.99,D
30.73348,73.94616,323.51,1.15,1.07,2026-07-01,1004,Aqua,MODIS,53,6.1NRT,300.14,7.03,D
30.86211,74.10002,320.82,1.13,1.06,2026-07-01,1004,Aqua,MODIS,56,6.1NRT,299.32,6.91,D
31.8747,73.70932,321.16,1.14,1.06,2026-07-01,1004,Aqua,MODIS,62,6.1NRT,300.03,7.67,D
30.47104,73.89066,323.83,1.08,1.04,2026-07-02,0402,Terra,MODIS,64,6.1NRT,298.51,12.32,D
30.46196,73.88915,319.72,1.08,1.04,2026-07-02,0404,Terra,MODIS,13,6.1NRT,298.54,7.19,D
30.43391,73.67657,317.96,1.1,1.04,2026-07-02,0404,Terra,MODIS,60,6.1NRT,298.92,6.26,D
30.29599,73.60746,318.33,1.1,1.05,2026-07-02,0404,Terra,MODIS,56,6.1NRT,298.6,6.94,D
30.61087,73.854,308.32,1.07,1.03,2026-07-03,1539,Terra,MODIS,45,6.1NRT,296.25,4.56,N
30.79039,74.04594,312.34,1.08,1.04,2026-07-03,1539,Terra,MODIS,73,6.1NRT,297.92,7.86,N
30.73667,73.86155,322.15,1.03,1.01,2026-07-04,1019,Aqua,MODIS,38,6.1NRT,301.12,8.32,D
32.16714,74.92517,324.56,1.14,1.06,2026-07-04,1019,Aqua,MODIS,69,6.1NRT,292.99,16.34,D
32.16567,74.91348,319.24,1.14,1.06,2026-07-04,1019,Aqua,MODIS,46,6.1NRT,294.93,10.1,D
30.87977,76.24168,314.6,1,1,2026-07-07,0402,Terra,MODIS,64,6.1NRT,295.03,5.5,D
30.35822,73.62357,327.97,1.48,1.2,2026-07-07,1034,Aqua,MODIS,69,6.1NRT,302.15,20.5,D
30.35658,73.60865,333.93,1.48,1.2,2026-07-07,1034,Aqua,MODIS,79,6.1NRT,302.3,34.78,D
30.2195,74.76379,317.37,1.87,1.34,2026-07-09,0342,Terra,MODIS,37,6.1NRT,295.81,13.67,D
30.41253,73.86255,324.03,1.01,1.01,2026-07-09,1011,Aqua,MODIS,44,6.1NRT,304.39,8.29,D
30.42127,73.86073,322.99,1.01,1.01,2026-07-09,1011,Aqua,MODIS,42,6.1NRT,304.29,6.84,D
30.41792,73.52798,331.89,1.03,1.01,2026-07-09,1011,Aqua,MODIS,77,6.1NRT,304.79,16.23,D
30.51591,73.6815,324.04,1.02,1.01,2026-07-09,1011,Aqua,MODIS,59,6.1NRT,304.42,7.39,D
30.56755,73.72337,326.32,1.02,1.01,2026-07-09,1011,Aqua,MODIS,67,6.1NRT,304.03,10.13,D
30.89356,75.62514,318.27,1.03,1.01,2026-07-09,1011,Aqua,MODIS,49,6.1NRT,294.85,8.84,D
30.89438,75.30765,322.83,1.01,1.01,2026-07-09,1011,Aqua,MODIS,65,6.1NRT,301.06,9.09,D
30.90314,75.30596,324.39,1.01,1.01,2026-07-09,1011,Aqua,MODIS,68,6.1NRT,301.09,10.78,D
31.00895,75.47011,320.82,1.02,1.01,2026-07-09,1011,Aqua,MODIS,60,6.1NRT,298.1,9.22,D
31.17685,75.47894,330.09,1.02,1.01,2026-07-09,1011,Aqua,MODIS,78,6.1NRT,298.63,20.29,D
31.02591,76.62051,312.47,1.01,1.01,2026-07-15,1516,Terra,MODIS,84,6.1NRT,297.19,7.59,N
31.02444,76.62202,311.13,1,1,2026-07-15,2246,Aqua,MODIS,82,6.1NRT,296.31,7.7,N
30.53387,73.78715,323.19,1.03,1.02,2026-07-17,1021,Aqua,MODIS,64,6.1NRT,302.69,8.93,D
28.13305,76.88151,314.95,1.3,1.13,2026-07-24,0954,Aqua,MODIS,35,6.1NRT,295.08,8.1,D
32.31604,75.50876,315.29,1.26,1.12,2026-08-06,0956,Aqua,MODIS,65,6.1NRT,297.16,8.24,D
29.45851,76.86754,302.22,1.05,1.02,2026-08-10,2254,Aqua,MODIS,48,6.1NRT,275.18,6.17,N
29.31806,74.34478,321.89,1.11,1.05,2026-08-12,1028,Aqua,MODIS,69,6.1NRT,297.06,11.22,D
32.41187,75.7207,310.73,2.23,1.45,2026-08-17,0429,Terra,MODIS,64,6.1NRT,291.25,16.42,D
29.45206,76.86165,321.58,1.03,1.02,2026-08-22,1015,Aqua,MODIS,65,6.1NRT,300.07,11.01,D
30.46959,73.86306,319.25,1.05,1.02,2026-08-22,1015,Aqua,MODIS,46,6.1NRT,301.14,6.74,D
30.50101,73.71431,318.31,1.06,1.03,2026-08-22,1015,Aqua,MODIS,59,6.1NRT,300.58,7.01,D
29.45829,76.86964,319.27,1.15,1.07,2026-08-22,1526,Terra,MODIS,98,6.1NRT,296.1,15.72,N
29.45693,76.85818,311.35,1.14,1.07,2026-08-22,1526,Terra,MODIS,78,6.1NRT,296.15,7.62,N
32.39951,75.70441,311.52,1.48,1.2,2026-08-24,0954,Aqua,MODIS,17,6.1NRT,296.07,7.03,D
29.65053,76.97887,303.85,1.75,1.3,2026-08-26,2312,Aqua,MODIS,57,6.1NRT,289.32,8.3,N
29.92134,74.95511,303.46,4.5,1.95,2026-08-27,2212,Aqua,MODIS,55,6.1NRT,292.84,34.97,N
30.44973,73.827,334.71,1.01,1,2026-08-30,1024,Aqua,MODIS,85,6.1NRT,301.56,25.73,D
29.90999,74.94506,321.82,1.07,1.03,2026-09-03,0406,Terra,MODIS,68,6.1NRT,297.75,13.22,D
29.9098,74.95193,314.59,3.34,1.72,2026-09-03,0939,Aqua,MODIS,60,6.1NRT,291.04,48.91,D
29.90727,74.95418,319.63,1,1,2026-09-04,1019,Aqua,MODIS,55,6.1NRT,302.84,7.68,D
29.90577,74.94418,318.27,1,1,2026-09-04,1019,Aqua,MODIS,35,6.1NRT,300.9,6.63,D
30.72567,73.81611,325.05,1.03,1.02,2026-09-04,1019,Aqua,MODIS,76,6.1NRT,301.33,13.96,D
